Fitter report for exemplo_nois
Tue Jun  9 16:08:29 2026
Quartus II 32-bit Version 13.0.1 Build 232 06/12/2013 Service Pack 1 SJ Web Edition


---------------------
; Table of Contents ;
---------------------
  1. Legal Notice
  2. Fitter Summary
  3. Fitter Settings
  4. Parallel Compilation
  5. Incremental Compilation Preservation Summary
  6. Incremental Compilation Partition Settings
  7. Incremental Compilation Placement Preservation
  8. Pin-Out File
  9. Fitter Resource Usage Summary
 10. Fitter Partition Statistics
 11. Input Pins
 12. Output Pins
 13. I/O Bank Usage
 14. All Package Pins
 15. Output Pin Default Load For Reported TCO
 16. Fitter Resource Utilization by Entity
 17. Delay Chain Summary
 18. Pad To Core Delay Chain Fanout
 19. Control Signals
 20. Global & Other Fast Signals
 21. Non-Global High Fan-Out Signals
 22. Fitter RAM Summary
 23. Other Routing Usage Summary
 24. LAB Logic Elements
 25. LAB-wide Signals
 26. LAB Signals Sourced
 27. LAB Signals Sourced Out
 28. LAB Distinct Inputs
 29. Fitter Device Options
 30. Operating Settings and Conditions
 31. Fitter Messages
 32. Fitter Suppressed Messages



----------------
; Legal Notice ;
----------------
Copyright (C) 1991-2013 Altera Corporation
Your use of Altera Corporation's design tools, logic functions 
and other software and tools, and its AMPP partner logic 
functions, and any output files from any of the foregoing 
(including device programming or simulation files), and any 
associated documentation or information are expressly subject 
to the terms and conditions of the Altera Program License 
Subscription Agreement, Altera MegaCore Function License 
Agreement, or other applicable license agreement, including, 
without limitation, that your use is for the sole purpose of 
programming logic devices manufactured by Altera and sold by 
Altera or its authorized distributors.  Please refer to the 
applicable agreement for further details.



+--------------------------------------------------------------------------------------+
; Fitter Summary                                                                       ;
+------------------------------------+-------------------------------------------------+
; Fitter Status                      ; Successful - Tue Jun  9 16:08:29 2026           ;
; Quartus II 32-bit Version          ; 13.0.1 Build 232 06/12/2013 SP 1 SJ Web Edition ;
; Revision Name                      ; exemplo_nois                                    ;
; Top-level Entity Name              ; soft_nios                                       ;
; Family                             ; Cyclone II                                      ;
; Device                             ; EP2C15AF256C6                                   ;
; Timing Models                      ; Final                                           ;
; Total logic elements               ; 1,970 / 14,448 ( 14 % )                         ;
;     Total combinational functions  ; 1,818 / 14,448 ( 13 % )                         ;
;     Dedicated logic registers      ; 1,106 / 14,448 ( 8 % )                          ;
; Total registers                    ; 1106                                            ;
; Total pins                         ; 78 / 152 ( 51 % )                               ;
; Total virtual pins                 ; 0                                               ;
; Total memory bits                  ; 171,264 / 239,616 ( 71 % )                      ;
; Embedded Multiplier 9-bit elements ; 0 / 52 ( 0 % )                                  ;
; Total PLLs                         ; 0 / 4 ( 0 % )                                   ;
+------------------------------------+-------------------------------------------------+


+----------------------------------------------------------------------------------------------------------------------------------------------+
; Fitter Settings                                                                                                                              ;
+----------------------------------------------------------------------------+--------------------------------+--------------------------------+
; Option                                                                     ; Setting                        ; Default Value                  ;
+----------------------------------------------------------------------------+--------------------------------+--------------------------------+
; Device                                                                     ; AUTO                           ;                                ;
; Fit Attempts to Skip                                                       ; 0                              ; 0.0                            ;
; Use smart compilation                                                      ; Off                            ; Off                            ;
; Enable parallel Assembler and TimeQuest Timing Analyzer during compilation ; On                             ; On                             ;
; Enable compact report table                                                ; Off                            ; Off                            ;
; Auto Merge PLLs                                                            ; On                             ; On                             ;
; Ignore PLL Mode When Merging PLLs                                          ; Off                            ; Off                            ;
; Router Timing Optimization Level                                           ; Normal                         ; Normal                         ;
; Placement Effort Multiplier                                                ; 1.0                            ; 1.0                            ;
; Router Effort Multiplier                                                   ; 1.0                            ; 1.0                            ;
; Always Enable Input Buffers                                                ; Off                            ; Off                            ;
; Optimize Hold Timing                                                       ; IO Paths and Minimum TPD Paths ; IO Paths and Minimum TPD Paths ;
; Optimize Multi-Corner Timing                                               ; On                             ; On                             ;
; PowerPlay Power Optimization                                               ; Normal compilation             ; Normal compilation             ;
; Optimize Timing                                                            ; Normal compilation             ; Normal compilation             ;
; Optimize Timing for ECOs                                                   ; Off                            ; Off                            ;
; Regenerate full fit report during ECO compiles                             ; Off                            ; Off                            ;
; Optimize IOC Register Placement for Timing                                 ; Normal                         ; Normal                         ;
; Limit to One Fitting Attempt                                               ; Off                            ; Off                            ;
; Final Placement Optimizations                                              ; Automatically                  ; Automatically                  ;
; Fitter Aggressive Routability Optimizations                                ; Automatically                  ; Automatically                  ;
; Fitter Initial Placement Seed                                              ; 1                              ; 1                              ;
; PCI I/O                                                                    ; Off                            ; Off                            ;
; Weak Pull-Up Resistor                                                      ; Off                            ; Off                            ;
; Enable Bus-Hold Circuitry                                                  ; Off                            ; Off                            ;
; Auto Global Memory Control Signals                                         ; Off                            ; Off                            ;
; Auto Packed Registers                                                      ; Auto                           ; Auto                           ;
; Auto Delay Chains                                                          ; On                             ; On                             ;
; Auto Delay Chains for High Fanout Input Pins                               ; Off                            ; Off                            ;
; Perform Physical Synthesis for Combinational Logic for Fitting             ; Off                            ; Off                            ;
; Perform Physical Synthesis for Combinational Logic for Performance         ; Off                            ; Off                            ;
; Perform Register Duplication for Performance                               ; Off                            ; Off                            ;
; Perform Logic to Memory Mapping for Fitting                                ; Off                            ; Off                            ;
; Perform Register Retiming for Performance                                  ; Off                            ; Off                            ;
; Perform Asynchronous Signal Pipelining                                     ; Off                            ; Off                            ;
; Fitter Effort                                                              ; Auto Fit                       ; Auto Fit                       ;
; Physical Synthesis Effort Level                                            ; Normal                         ; Normal                         ;
; Auto Global Clock                                                          ; On                             ; On                             ;
; Auto Global Register Control Signals                                       ; On                             ; On                             ;
; Force Fitter to Avoid Periphery Placement Warnings                         ; Off                            ; Off                            ;
+----------------------------------------------------------------------------+--------------------------------+--------------------------------+


Parallel compilation was disabled, but you have multiple processors available. Enable parallel compilation to reduce compilation time.
+-------------------------------------+
; Parallel Compilation                ;
+----------------------------+--------+
; Processors                 ; Number ;
+----------------------------+--------+
; Number detected on machine ; 4      ;
; Maximum allowed            ; 1      ;
+----------------------------+--------+


+----------------------------------------------+
; Incremental Compilation Preservation Summary ;
+---------------------+------------------------+
; Type                ; Value                  ;
+---------------------+------------------------+
; Placement (by node) ;                        ;
;     -- Requested    ; 0 / 3189 ( 0.00 % )    ;
;     -- Achieved     ; 0 / 3189 ( 0.00 % )    ;
;                     ;                        ;
; Routing (by net)    ;                        ;
;     -- Requested    ; 0 / 0 ( 0.00 % )       ;
;     -- Achieved     ; 0 / 0 ( 0.00 % )       ;
+---------------------+------------------------+


+----------------------------------------------------------------------------------------------------------------------------------------------------------------------------------------+
; Incremental Compilation Partition Settings                                                                                                                                             ;
+--------------------------------+----------------+-------------------+-------------------------+------------------------+------------------------------+--------------------------------+
; Partition Name                 ; Partition Type ; Netlist Type Used ; Preservation Level Used ; Netlist Type Requested ; Preservation Level Requested ; Contents                       ;
+--------------------------------+----------------+-------------------+-------------------------+------------------------+------------------------------+--------------------------------+
; Top                            ; User-created   ; Source File       ; N/A                     ; Source File            ; N/A                          ;                                ;
; sld_hub:auto_hub               ; Auto-generated ; Post-Synthesis    ; N/A                     ; Post-Synthesis         ; N/A                          ; sld_hub:auto_hub               ;
; hard_block:auto_generated_inst ; Auto-generated ; Source File       ; N/A                     ; Source File            ; N/A                          ; hard_block:auto_generated_inst ;
+--------------------------------+----------------+-------------------+-------------------------+------------------------+------------------------------+--------------------------------+


+------------------------------------------------------------------------------------------------------------+
; Incremental Compilation Placement Preservation                                                             ;
+--------------------------------+---------+-------------------+-------------------------+-------------------+
; Partition Name                 ; # Nodes ; # Preserved Nodes ; Preservation Level Used ; Netlist Type Used ;
+--------------------------------+---------+-------------------+-------------------------+-------------------+
; Top                            ; 2925    ; 0                 ; N/A                     ; Source File       ;
; sld_hub:auto_hub               ; 261     ; 0                 ; N/A                     ; Post-Synthesis    ;
; hard_block:auto_generated_inst ; 3       ; 0                 ; N/A                     ; Source File       ;
+--------------------------------+---------+-------------------+-------------------------+-------------------+


+--------------+
; Pin-Out File ;
+--------------+
The pin-out file can be found in /home/murilo/Desktop/projetos/soft-processor/exemplo_nois.pin.


+--------------------------------------------------------------------------+
; Fitter Resource Usage Summary                                            ;
+---------------------------------------------+----------------------------+
; Resource                                    ; Usage                      ;
+---------------------------------------------+----------------------------+
; Total logic elements                        ; 1,970 / 14,448 ( 14 % )    ;
;     -- Combinational with no register       ; 864                        ;
;     -- Register only                        ; 152                        ;
;     -- Combinational with a register        ; 954                        ;
;                                             ;                            ;
; Logic element usage by number of LUT inputs ;                            ;
;     -- 4 input functions                    ; 933                        ;
;     -- 3 input functions                    ; 592                        ;
;     -- <=2 input functions                  ; 293                        ;
;     -- Register only                        ; 152                        ;
;                                             ;                            ;
; Logic elements by mode                      ;                            ;
;     -- normal mode                          ; 1678                       ;
;     -- arithmetic mode                      ; 140                        ;
;                                             ;                            ;
; Total registers*                            ; 1,106 / 14,856 ( 7 % )     ;
;     -- Dedicated logic registers            ; 1,106 / 14,448 ( 8 % )     ;
;     -- I/O registers                        ; 0 / 408 ( 0 % )            ;
;                                             ;                            ;
; Total LABs:  partially or completely used   ; 154 / 903 ( 17 % )         ;
; Virtual pins                                ; 0                          ;
; I/O pins                                    ; 78 / 152 ( 51 % )          ;
;     -- Clock pins                           ; 2 / 8 ( 25 % )             ;
;                                             ;                            ;
; Global signals                              ; 9                          ;
; M4Ks                                        ; 46 / 52 ( 88 % )           ;
; Total block memory bits                     ; 171,264 / 239,616 ( 71 % ) ;
; Total block memory implementation bits      ; 211,968 / 239,616 ( 88 % ) ;
; Embedded Multiplier 9-bit elements          ; 0 / 52 ( 0 % )             ;
; PLLs                                        ; 0 / 4 ( 0 % )              ;
; Global clocks                               ; 9 / 16 ( 56 % )            ;
; JTAGs                                       ; 1 / 1 ( 100 % )            ;
; ASMI blocks                                 ; 0 / 1 ( 0 % )              ;
; CRC blocks                                  ; 0 / 1 ( 0 % )              ;
; Average interconnect usage (total/H/V)      ; 6% / 6% / 5%               ;
; Peak interconnect usage (total/H/V)         ; 17% / 17% / 18%            ;
; Maximum fan-out                             ; 971                        ;
; Highest non-global fan-out                  ; 85                         ;
; Total fan-out                               ; 10885                      ;
; Average fan-out                             ; 3.44                       ;
+---------------------------------------------+----------------------------+
*  Register count does not include registers inside RAM blocks or DSP blocks.



+-----------------------------------------------------------------------------------------------------------------------------+
; Fitter Partition Statistics                                                                                                 ;
+---------------------------------------------+-----------------------+----------------------+--------------------------------+
; Statistic                                   ; Top                   ; sld_hub:auto_hub     ; hard_block:auto_generated_inst ;
+---------------------------------------------+-----------------------+----------------------+--------------------------------+
; Difficulty Clustering Region                ; Low                   ; Low                  ; Low                            ;
;                                             ;                       ;                      ;                                ;
; Total logic elements                        ; 1795 / 14448 ( 12 % ) ; 175 / 14448 ( 1 % )  ; 0 / 14448 ( 0 % )              ;
;     -- Combinational with no register       ; 786                   ; 78                   ; 0                              ;
;     -- Register only                        ; 139                   ; 13                   ; 0                              ;
;     -- Combinational with a register        ; 870                   ; 84                   ; 0                              ;
;                                             ;                       ;                      ;                                ;
; Logic element usage by number of LUT inputs ;                       ;                      ;                                ;
;     -- 4 input functions                    ; 862                   ; 71                   ; 0                              ;
;     -- 3 input functions                    ; 541                   ; 51                   ; 0                              ;
;     -- <=2 input functions                  ; 253                   ; 40                   ; 0                              ;
;     -- Register only                        ; 139                   ; 13                   ; 0                              ;
;                                             ;                       ;                      ;                                ;
; Logic elements by mode                      ;                       ;                      ;                                ;
;     -- normal mode                          ; 1524                  ; 154                  ; 0                              ;
;     -- arithmetic mode                      ; 132                   ; 8                    ; 0                              ;
;                                             ;                       ;                      ;                                ;
; Total registers                             ; 1009                  ; 97                   ; 0                              ;
;     -- Dedicated logic registers            ; 1009 / 14448 ( 7 % )  ; 97 / 14448 ( < 1 % ) ; 0 / 14448 ( 0 % )              ;
;                                             ;                       ;                      ;                                ;
; Total LABs:  partially or completely used   ; 141 / 903 ( 16 % )    ; 15 / 903 ( 2 % )     ; 0 / 903 ( 0 % )                ;
;                                             ;                       ;                      ;                                ;
; Virtual pins                                ; 0                     ; 0                    ; 0                              ;
; I/O pins                                    ; 78                    ; 0                    ; 0                              ;
; Embedded Multiplier 9-bit elements          ; 0 / 52 ( 0 % )        ; 0 / 52 ( 0 % )       ; 0 / 52 ( 0 % )                 ;
; Total memory bits                           ; 171264                ; 0                    ; 0                              ;
; Total RAM block bits                        ; 211968                ; 0                    ; 0                              ;
; JTAG                                        ; 1 / 1 ( 100 % )       ; 0 / 1 ( 0 % )        ; 0 / 1 ( 0 % )                  ;
; M4K                                         ; 46 / 52 ( 88 % )      ; 0 / 52 ( 0 % )       ; 0 / 52 ( 0 % )                 ;
; Clock control block                         ; 7 / 20 ( 35 % )       ; 2 / 20 ( 10 % )      ; 0 / 20 ( 0 % )                 ;
;                                             ;                       ;                      ;                                ;
; Connections                                 ;                       ;                      ;                                ;
;     -- Input Connections                    ; 268                   ; 142                  ; 0                              ;
;     -- Registered Input Connections         ; 132                   ; 106                  ; 0                              ;
;     -- Output Connections                   ; 237                   ; 173                  ; 0                              ;
;     -- Registered Output Connections        ; 4                     ; 133                  ; 0                              ;
;                                             ;                       ;                      ;                                ;
; Internal Connections                        ;                       ;                      ;                                ;
;     -- Total Connections                    ; 10189                 ; 1033                 ; 0                              ;
;     -- Registered Connections               ; 3980                  ; 645                  ; 0                              ;
;                                             ;                       ;                      ;                                ;
; External Connections                        ;                       ;                      ;                                ;
;     -- Top                                  ; 192                   ; 313                  ; 0                              ;
;     -- sld_hub:auto_hub                     ; 313                   ; 2                    ; 0                              ;
;     -- hard_block:auto_generated_inst       ; 0                     ; 0                    ; 0                              ;
;                                             ;                       ;                      ;                                ;
; Partition Interface                         ;                       ;                      ;                                ;
;     -- Input Ports                          ; 59                    ; 23                   ; 0                              ;
;     -- Output Ports                         ; 66                    ; 40                   ; 0                              ;
;     -- Bidir Ports                          ; 0                     ; 0                    ; 0                              ;
;                                             ;                       ;                      ;                                ;
; Registered Ports                            ;                       ;                      ;                                ;
;     -- Registered Input Ports               ; 0                     ; 3                    ; 0                              ;
;     -- Registered Output Ports              ; 0                     ; 29                   ; 0                              ;
;                                             ;                       ;                      ;                                ;
; Port Connectivity                           ;                       ;                      ;                                ;
;     -- Input Ports driven by GND            ; 0                     ; 9                    ; 0                              ;
;     -- Output Ports driven by GND           ; 0                     ; 1                    ; 0                              ;
;     -- Input Ports driven by VCC            ; 0                     ; 0                    ; 0                              ;
;     -- Output Ports driven by VCC           ; 0                     ; 0                    ; 0                              ;
;     -- Input Ports with no Source           ; 0                     ; 1                    ; 0                              ;
;     -- Output Ports with no Source          ; 0                     ; 0                    ; 0                              ;
;     -- Input Ports with no Fanout           ; 0                     ; 2                    ; 0                              ;
;     -- Output Ports with no Fanout          ; 0                     ; 26                   ; 0                              ;
+---------------------------------------------+-----------------------+----------------------+--------------------------------+


+------------------------------------------------------------------------------------------------------------------------------------------------------------------------------------------------------------------------------------------------------------------------+
; Input Pins                                                                                                                                                                                                                                                             ;
+------------------+-------+----------+--------------+--------------+-------------+-----------------------+--------------------+--------+----------------+---------------+-----------------+----------+--------------+--------------+-------------+----------------------+
; Name             ; Pin # ; I/O Bank ; X coordinate ; Y coordinate ; Cell number ; Combinational Fan-Out ; Registered Fan-Out ; Global ; Input Register ; Power Up High ; PCI I/O Enabled ; Bus Hold ; Weak Pull Up ; I/O Standard ; Termination ; Location assigned by ;
+------------------+-------+----------+--------------+--------------+-------------+-----------------------+--------------------+--------+----------------+---------------+-----------------+----------+--------------+--------------+-------------+----------------------+
; CICLONE2_CLK1_50 ; J2    ; 1        ; 0            ; 13           ; 2           ; 1                     ; 0                  ; yes    ; no             ; no            ; no              ; no       ; Off          ; 3.3-V LVTTL  ; Off         ; Fitter               ;
; KEY[0]           ; J1    ; 1        ; 0            ; 13           ; 3           ; 2                     ; 0                  ; yes    ; no             ; no            ; no              ; no       ; Off          ; 3.3-V LVTTL  ; Off         ; Fitter               ;
; KEY[1]           ; B11   ; 4        ; 39           ; 27           ; 0           ; 0                     ; 0                  ; no     ; no             ; no            ; no              ; no       ; Off          ; 3.3-V LVTTL  ; Off         ; Fitter               ;
; SW[0]            ; D2    ; 2        ; 0            ; 21           ; 2           ; 1                     ; 0                  ; no     ; no             ; no            ; no              ; no       ; Off          ; 3.3-V LVTTL  ; Off         ; Fitter               ;
; SW[10]           ; T9    ; 8        ; 26           ; 0            ; 3           ; 1                     ; 0                  ; no     ; no             ; no            ; no              ; no       ; Off          ; 3.3-V LVTTL  ; Off         ; Fitter               ;
; SW[11]           ; D8    ; 3        ; 18           ; 27           ; 2           ; 1                     ; 0                  ; no     ; no             ; no            ; no              ; no       ; Off          ; 3.3-V LVTTL  ; Off         ; Fitter               ;
; SW[12]           ; H13   ; 5        ; 50           ; 17           ; 2           ; 1                     ; 0                  ; no     ; no             ; no            ; no              ; no       ; Off          ; 3.3-V LVTTL  ; Off         ; Fitter               ;
; SW[13]           ; C5    ; 3        ; 7            ; 27           ; 2           ; 1                     ; 0                  ; no     ; no             ; no            ; no              ; no       ; Off          ; 3.3-V LVTTL  ; Off         ; Fitter               ;
; SW[14]           ; E2    ; 2        ; 0            ; 18           ; 2           ; 1                     ; 0                  ; no     ; no             ; no            ; no              ; no       ; Off          ; 3.3-V LVTTL  ; Off         ; Fitter               ;
; SW[15]           ; G13   ; 5        ; 50           ; 17           ; 0           ; 1                     ; 0                  ; no     ; no             ; no            ; no              ; no       ; Off          ; 3.3-V LVTTL  ; Off         ; Fitter               ;
; SW[1]            ; G12   ; 5        ; 50           ; 17           ; 1           ; 1                     ; 0                  ; no     ; no             ; no            ; no              ; no       ; Off          ; 3.3-V LVTTL  ; Off         ; Fitter               ;
; SW[2]            ; D11   ; 4        ; 26           ; 27           ; 0           ; 1                     ; 0                  ; no     ; no             ; no            ; no              ; no       ; Off          ; 3.3-V LVTTL  ; Off         ; Fitter               ;
; SW[3]            ; K15   ; 6        ; 50           ; 13           ; 0           ; 1                     ; 0                  ; no     ; no             ; no            ; no              ; no       ; Off          ; 3.3-V LVTTL  ; Off         ; Fitter               ;
; SW[4]            ; A7    ; 3        ; 22           ; 27           ; 0           ; 1                     ; 0                  ; no     ; no             ; no            ; no              ; no       ; Off          ; 3.3-V LVTTL  ; Off         ; Fitter               ;
; SW[5]            ; F13   ; 5        ; 50           ; 18           ; 1           ; 1                     ; 0                  ; no     ; no             ; no            ; no              ; no       ; Off          ; 3.3-V LVTTL  ; Off         ; Fitter               ;
; SW[6]            ; F3    ; 2        ; 0            ; 23           ; 2           ; 1                     ; 0                  ; no     ; no             ; no            ; no              ; no       ; Off          ; 3.3-V LVTTL  ; Off         ; Fitter               ;
; SW[7]            ; H12   ; 5        ; 50           ; 15           ; 3           ; 1                     ; 0                  ; no     ; no             ; no            ; no              ; no       ; Off          ; 3.3-V LVTTL  ; Off         ; Fitter               ;
; SW[8]            ; D1    ; 2        ; 0            ; 21           ; 3           ; 1                     ; 0                  ; no     ; no             ; no            ; no              ; no       ; Off          ; 3.3-V LVTTL  ; Off         ; Fitter               ;
; SW[9]            ; E13   ; 5        ; 50           ; 18           ; 2           ; 1                     ; 0                  ; no     ; no             ; no            ; no              ; no       ; Off          ; 3.3-V LVTTL  ; Off         ; Fitter               ;
+------------------+-------+----------+--------------+--------------+-------------+-----------------------+--------------------+--------+----------------+---------------+-----------------+----------+--------------+--------------+-------------+----------------------+


+---------------------------------------------------------------------------------------------------------------------------------------------------------------------------------------------------------------------------------------------------------------------------------------------------------------------------------------+
; Output Pins                                                                                                                                                                                                                                                                                                                           ;
+---------+-------+----------+--------------+--------------+-------------+-----------------+------------------------+---------------+-----------------+------------+---------------+----------+--------------+--------------+------------------+-------------+----------------------+------+----------------------+---------------------+
; Name    ; Pin # ; I/O Bank ; X coordinate ; Y coordinate ; Cell number ; Output Register ; Output Enable Register ; Power Up High ; PCI I/O Enabled ; Open Drain ; TRI Primitive ; Bus Hold ; Weak Pull Up ; I/O Standard ; Current Strength ; Termination ; Location assigned by ; Load ; Output Enable Source ; Output Enable Group ;
+---------+-------+----------+--------------+--------------+-------------+-----------------+------------------------+---------------+-----------------+------------+---------------+----------+--------------+--------------+------------------+-------------+----------------------+------+----------------------+---------------------+
; HEX0[0] ; D10   ; 4        ; 26           ; 27           ; 1           ; no              ; no                     ; no            ; no              ; no         ; no            ; no       ; Off          ; 3.3-V LVTTL  ; 24mA             ; Off         ; Fitter               ; 0 pF ; -                    ; -                   ;
; HEX0[1] ; R8    ; 8        ; 24           ; 0            ; 0           ; no              ; no                     ; no            ; no              ; no         ; no            ; no       ; Off          ; 3.3-V LVTTL  ; 24mA             ; Off         ; Fitter               ; 0 pF ; -                    ; -                   ;
; HEX0[2] ; T10   ; 7        ; 37           ; 0            ; 1           ; no              ; no                     ; no            ; no              ; no         ; no            ; no       ; Off          ; 3.3-V LVTTL  ; 24mA             ; Off         ; Fitter               ; 0 pF ; -                    ; -                   ;
; HEX0[3] ; R10   ; 7        ; 37           ; 0            ; 2           ; no              ; no                     ; no            ; no              ; no         ; no            ; no       ; Off          ; 3.3-V LVTTL  ; 24mA             ; Off         ; Fitter               ; 0 pF ; -                    ; -                   ;
; HEX0[4] ; D4    ; 2        ; 0            ; 24           ; 1           ; no              ; no                     ; no            ; no              ; no         ; no            ; no       ; Off          ; 3.3-V LVTTL  ; 24mA             ; Off         ; Fitter               ; 0 pF ; -                    ; -                   ;
; HEX0[5] ; K16   ; 6        ; 50           ; 13           ; 1           ; no              ; no                     ; no            ; no              ; no         ; no            ; no       ; Off          ; 3.3-V LVTTL  ; 24mA             ; Off         ; Fitter               ; 0 pF ; -                    ; -                   ;
; HEX0[6] ; L16   ; 6        ; 50           ; 11           ; 1           ; no              ; no                     ; no            ; no              ; no         ; no            ; no       ; Off          ; 3.3-V LVTTL  ; 24mA             ; Off         ; Fitter               ; 0 pF ; -                    ; -                   ;
; HEX1[0] ; P1    ; 1        ; 0            ; 4            ; 2           ; no              ; no                     ; no            ; no              ; no         ; no            ; no       ; Off          ; 3.3-V LVTTL  ; 24mA             ; Off         ; Fitter               ; 0 pF ; -                    ; -                   ;
; HEX1[1] ; R7    ; 8        ; 18           ; 0            ; 1           ; no              ; no                     ; no            ; no              ; no         ; no            ; no       ; Off          ; 3.3-V LVTTL  ; 24mA             ; Off         ; Fitter               ; 0 pF ; -                    ; -                   ;
; HEX1[2] ; M15   ; 6        ; 50           ; 7            ; 1           ; no              ; no                     ; no            ; no              ; no         ; no            ; no       ; Off          ; 3.3-V LVTTL  ; 24mA             ; Off         ; Fitter               ; 0 pF ; -                    ; -                   ;
; HEX1[3] ; N2    ; 1        ; 0            ; 4            ; 1           ; no              ; no                     ; no            ; no              ; no         ; no            ; no       ; Off          ; 3.3-V LVTTL  ; 24mA             ; Off         ; Fitter               ; 0 pF ; -                    ; -                   ;
; HEX1[4] ; J4    ; 1        ; 0            ; 10           ; 0           ; no              ; no                     ; no            ; no              ; no         ; no            ; no       ; Off          ; 3.3-V LVTTL  ; 24mA             ; Off         ; Fitter               ; 0 pF ; -                    ; -                   ;
; HEX1[5] ; N8    ; 8        ; 15           ; 0            ; 0           ; no              ; no                     ; no            ; no              ; no         ; no            ; no       ; Off          ; 3.3-V LVTTL  ; 24mA             ; Off         ; Fitter               ; 0 pF ; -                    ; -                   ;
; HEX1[6] ; K2    ; 1        ; 0            ; 12           ; 0           ; no              ; no                     ; no            ; no              ; no         ; no            ; no       ; Off          ; 3.3-V LVTTL  ; 24mA             ; Off         ; Fitter               ; 0 pF ; -                    ; -                   ;
; HEX2[0] ; N7    ; 8        ; 5            ; 0            ; 0           ; no              ; no                     ; no            ; no              ; no         ; no            ; no       ; Off          ; 3.3-V LVTTL  ; 24mA             ; Off         ; Fitter               ; 0 pF ; -                    ; -                   ;
; HEX2[1] ; K4    ; 1        ; 0            ; 12           ; 2           ; no              ; no                     ; no            ; no              ; no         ; no            ; no       ; Off          ; 3.3-V LVTTL  ; 24mA             ; Off         ; Fitter               ; 0 pF ; -                    ; -                   ;
; HEX2[2] ; R6    ; 8        ; 11           ; 0            ; 0           ; no              ; no                     ; no            ; no              ; no         ; no            ; no       ; Off          ; 3.3-V LVTTL  ; 24mA             ; Off         ; Fitter               ; 0 pF ; -                    ; -                   ;
; HEX2[3] ; M3    ; 1        ; 0            ; 5            ; 1           ; no              ; no                     ; no            ; no              ; no         ; no            ; no       ; Off          ; 3.3-V LVTTL  ; 24mA             ; Off         ; Fitter               ; 0 pF ; -                    ; -                   ;
; HEX2[4] ; P6    ; 8        ; 13           ; 0            ; 3           ; no              ; no                     ; no            ; no              ; no         ; no            ; no       ; Off          ; 3.3-V LVTTL  ; 24mA             ; Off         ; Fitter               ; 0 pF ; -                    ; -                   ;
; HEX2[5] ; K5    ; 1        ; 0            ; 12           ; 3           ; no              ; no                     ; no            ; no              ; no         ; no            ; no       ; Off          ; 3.3-V LVTTL  ; 24mA             ; Off         ; Fitter               ; 0 pF ; -                    ; -                   ;
; HEX2[6] ; K1    ; 1        ; 0            ; 12           ; 1           ; no              ; no                     ; no            ; no              ; no         ; no            ; no       ; Off          ; 3.3-V LVTTL  ; 24mA             ; Off         ; Fitter               ; 0 pF ; -                    ; -                   ;
; HEX4[0] ; P2    ; 1        ; 0            ; 4            ; 3           ; no              ; no                     ; no            ; no              ; no         ; no            ; no       ; Off          ; 3.3-V LVTTL  ; 24mA             ; Off         ; Fitter               ; 0 pF ; -                    ; -                   ;
; HEX4[1] ; M1    ; 1        ; 0            ; 7            ; 0           ; no              ; no                     ; no            ; no              ; no         ; no            ; no       ; Off          ; 3.3-V LVTTL  ; 24mA             ; Off         ; Fitter               ; 0 pF ; -                    ; -                   ;
; HEX4[2] ; L1    ; 1        ; 0            ; 11           ; 0           ; no              ; no                     ; no            ; no              ; no         ; no            ; no       ; Off          ; 3.3-V LVTTL  ; 24mA             ; Off         ; Fitter               ; 0 pF ; -                    ; -                   ;
; HEX4[3] ; T11   ; 7        ; 29           ; 0            ; 3           ; no              ; no                     ; no            ; no              ; no         ; no            ; no       ; Off          ; 3.3-V LVTTL  ; 24mA             ; Off         ; Fitter               ; 0 pF ; -                    ; -                   ;
; HEX4[4] ; L3    ; 1        ; 0            ; 5            ; 2           ; no              ; no                     ; no            ; no              ; no         ; no            ; no       ; Off          ; 3.3-V LVTTL  ; 24mA             ; Off         ; Fitter               ; 0 pF ; -                    ; -                   ;
; HEX4[5] ; B7    ; 3        ; 22           ; 27           ; 1           ; no              ; no                     ; no            ; no              ; no         ; no            ; no       ; Off          ; 3.3-V LVTTL  ; 24mA             ; Off         ; Fitter               ; 0 pF ; -                    ; -                   ;
; HEX4[6] ; M2    ; 1        ; 0            ; 7            ; 1           ; no              ; no                     ; no            ; no              ; no         ; no            ; no       ; Off          ; 3.3-V LVTTL  ; 24mA             ; Off         ; Fitter               ; 0 pF ; -                    ; -                   ;
; HEX5[0] ; B6    ; 3        ; 13           ; 27           ; 2           ; no              ; no                     ; no            ; no              ; no         ; no            ; no       ; Off          ; 3.3-V LVTTL  ; 24mA             ; Off         ; Fitter               ; 0 pF ; -                    ; -                   ;
; HEX5[1] ; E3    ; 2        ; 0            ; 20           ; 0           ; no              ; no                     ; no            ; no              ; no         ; no            ; no       ; Off          ; 3.3-V LVTTL  ; 24mA             ; Off         ; Fitter               ; 0 pF ; -                    ; -                   ;
; HEX5[2] ; T6    ; 8        ; 11           ; 0            ; 1           ; no              ; no                     ; no            ; no              ; no         ; no            ; no       ; Off          ; 3.3-V LVTTL  ; 24mA             ; Off         ; Fitter               ; 0 pF ; -                    ; -                   ;
; HEX5[3] ; E1    ; 2        ; 0            ; 18           ; 1           ; no              ; no                     ; no            ; no              ; no         ; no            ; no       ; Off          ; 3.3-V LVTTL  ; 24mA             ; Off         ; Fitter               ; 0 pF ; -                    ; -                   ;
; HEX5[4] ; E4    ; 2        ; 0            ; 20           ; 1           ; no              ; no                     ; no            ; no              ; no         ; no            ; no       ; Off          ; 3.3-V LVTTL  ; 24mA             ; Off         ; Fitter               ; 0 pF ; -                    ; -                   ;
; HEX5[5] ; F16   ; 5        ; 50           ; 16           ; 2           ; no              ; no                     ; no            ; no              ; no         ; no            ; no       ; Off          ; 3.3-V LVTTL  ; 24mA             ; Off         ; Fitter               ; 0 pF ; -                    ; -                   ;
; HEX5[6] ; F15   ; 5        ; 50           ; 16           ; 3           ; no              ; no                     ; no            ; no              ; no         ; no            ; no       ; Off          ; 3.3-V LVTTL  ; 24mA             ; Off         ; Fitter               ; 0 pF ; -                    ; -                   ;
; HEX6[0] ; L2    ; 1        ; 0            ; 11           ; 1           ; no              ; no                     ; no            ; no              ; no         ; no            ; no       ; Off          ; 3.3-V LVTTL  ; 24mA             ; Off         ; Fitter               ; 0 pF ; -                    ; -                   ;
; HEX6[1] ; M14   ; 6        ; 50           ; 5            ; 1           ; no              ; no                     ; no            ; no              ; no         ; no            ; no       ; Off          ; 3.3-V LVTTL  ; 24mA             ; Off         ; Fitter               ; 0 pF ; -                    ; -                   ;
; HEX6[2] ; L15   ; 6        ; 50           ; 11           ; 2           ; no              ; no                     ; no            ; no              ; no         ; no            ; no       ; Off          ; 3.3-V LVTTL  ; 24mA             ; Off         ; Fitter               ; 0 pF ; -                    ; -                   ;
; HEX6[3] ; M16   ; 6        ; 50           ; 7            ; 0           ; no              ; no                     ; no            ; no              ; no         ; no            ; no       ; Off          ; 3.3-V LVTTL  ; 24mA             ; Off         ; Fitter               ; 0 pF ; -                    ; -                   ;
; HEX6[4] ; L14   ; 6        ; 50           ; 10           ; 0           ; no              ; no                     ; no            ; no              ; no         ; no            ; no       ; Off          ; 3.3-V LVTTL  ; 24mA             ; Off         ; Fitter               ; 0 pF ; -                    ; -                   ;
; HEX6[5] ; P11   ; 7        ; 31           ; 0            ; 0           ; no              ; no                     ; no            ; no              ; no         ; no            ; no       ; Off          ; 3.3-V LVTTL  ; 24mA             ; Off         ; Fitter               ; 0 pF ; -                    ; -                   ;
; HEX6[6] ; R11   ; 7        ; 29           ; 0            ; 2           ; no              ; no                     ; no            ; no              ; no         ; no            ; no       ; Off          ; 3.3-V LVTTL  ; 24mA             ; Off         ; Fitter               ; 0 pF ; -                    ; -                   ;
; HEX7[0] ; T8    ; 8        ; 24           ; 0            ; 1           ; no              ; no                     ; no            ; no              ; no         ; no            ; no       ; Off          ; 3.3-V LVTTL  ; 24mA             ; Off         ; Fitter               ; 0 pF ; -                    ; -                   ;
; HEX7[1] ; N3    ; 1        ; 0            ; 3            ; 2           ; no              ; no                     ; no            ; no              ; no         ; no            ; no       ; Off          ; 3.3-V LVTTL  ; 24mA             ; Off         ; Fitter               ; 0 pF ; -                    ; -                   ;
; HEX7[2] ; N4    ; 1        ; 0            ; 3            ; 3           ; no              ; no                     ; no            ; no              ; no         ; no            ; no       ; Off          ; 3.3-V LVTTL  ; 24mA             ; Off         ; Fitter               ; 0 pF ; -                    ; -                   ;
; HEX7[3] ; T7    ; 8        ; 18           ; 0            ; 2           ; no              ; no                     ; no            ; no              ; no         ; no            ; no       ; Off          ; 3.3-V LVTTL  ; 24mA             ; Off         ; Fitter               ; 0 pF ; -                    ; -                   ;
; HEX7[4] ; N1    ; 1        ; 0            ; 4            ; 0           ; no              ; no                     ; no            ; no              ; no         ; no            ; no       ; Off          ; 3.3-V LVTTL  ; 24mA             ; Off         ; Fitter               ; 0 pF ; -                    ; -                   ;
; HEX7[5] ; A6    ; 3        ; 13           ; 27           ; 3           ; no              ; no                     ; no            ; no              ; no         ; no            ; no       ; Off          ; 3.3-V LVTTL  ; 24mA             ; Off         ; Fitter               ; 0 pF ; -                    ; -                   ;
; HEX7[6] ; N6    ; 8        ; 13           ; 0            ; 2           ; no              ; no                     ; no            ; no              ; no         ; no            ; no       ; Off          ; 3.3-V LVTTL  ; 24mA             ; Off         ; Fitter               ; 0 pF ; -                    ; -                   ;
; LEDS[0] ; G4    ; 2        ; 0            ; 19           ; 3           ; no              ; no                     ; no            ; no              ; no         ; no            ; no       ; Off          ; 3.3-V LVTTL  ; 24mA             ; Off         ; Fitter               ; 0 pF ; -                    ; -                   ;
; LEDS[1] ; D7    ; 3        ; 9            ; 27           ; 2           ; no              ; no                     ; no            ; no              ; no         ; no            ; no       ; Off          ; 3.3-V LVTTL  ; 24mA             ; Off         ; Fitter               ; 0 pF ; -                    ; -                   ;
; LEDS[2] ; G16   ; 5        ; 50           ; 15           ; 1           ; no              ; no                     ; no            ; no              ; no         ; no            ; no       ; Off          ; 3.3-V LVTTL  ; 24mA             ; Off         ; Fitter               ; 0 pF ; -                    ; -                   ;
; LEDS[3] ; D9    ; 4        ; 31           ; 27           ; 1           ; no              ; no                     ; no            ; no              ; no         ; no            ; no       ; Off          ; 3.3-V LVTTL  ; 24mA             ; Off         ; Fitter               ; 0 pF ; -                    ; -                   ;
; LEDS[4] ; A10   ; 4        ; 37           ; 27           ; 2           ; no              ; no                     ; no            ; no              ; no         ; no            ; no       ; Off          ; 3.3-V LVTTL  ; 24mA             ; Off         ; Fitter               ; 0 pF ; -                    ; -                   ;
; LEDS[5] ; D6    ; 3        ; 9            ; 27           ; 3           ; no              ; no                     ; no            ; no              ; no         ; no            ; no       ; Off          ; 3.3-V LVTTL  ; 24mA             ; Off         ; Fitter               ; 0 pF ; -                    ; -                   ;
; LEDS[6] ; G15   ; 5        ; 50           ; 15           ; 0           ; no              ; no                     ; no            ; no              ; no         ; no            ; no       ; Off          ; 3.3-V LVTTL  ; 24mA             ; Off         ; Fitter               ; 0 pF ; -                    ; -                   ;
; LEDS[7] ; J12   ; 5        ; 50           ; 15           ; 2           ; no              ; no                     ; no            ; no              ; no         ; no            ; no       ; Off          ; 3.3-V LVTTL  ; 24mA             ; Off         ; Fitter               ; 0 pF ; -                    ; -                   ;
; LEDS[8] ; C4    ; 3        ; 5            ; 27           ; 0           ; no              ; no                     ; no            ; no              ; no         ; no            ; no       ; Off          ; 3.3-V LVTTL  ; 24mA             ; Off         ; Fitter               ; 0 pF ; -                    ; -                   ;
; LEDS[9] ; C6    ; 3        ; 7            ; 27           ; 0           ; no              ; no                     ; no            ; no              ; no         ; no            ; no       ; Off          ; 3.3-V LVTTL  ; 24mA             ; Off         ; Fitter               ; 0 pF ; -                    ; -                   ;
+---------+-------+----------+--------------+--------------+-------------+-----------------+------------------------+---------------+-----------------+------------+---------------+----------+--------------+--------------+------------------+-------------+----------------------+------+----------------------+---------------------+


+------------------------------------------------------------+
; I/O Bank Usage                                             ;
+----------+------------------+---------------+--------------+
; I/O Bank ; Usage            ; VCCIO Voltage ; VREF Voltage ;
+----------+------------------+---------------+--------------+
; 1        ; 19 / 22 ( 86 % ) ; 3.3V          ; --           ;
; 2        ; 11 / 16 ( 69 % ) ; 3.3V          ; --           ;
; 3        ; 10 / 18 ( 56 % ) ; 3.3V          ; --           ;
; 4        ; 5 / 18 ( 28 % )  ; 3.3V          ; --           ;
; 5        ; 11 / 24 ( 46 % ) ; 3.3V          ; --           ;
; 6        ; 9 / 18 ( 50 % )  ; 3.3V          ; --           ;
; 7        ; 5 / 16 ( 31 % )  ; 3.3V          ; --           ;
; 8        ; 11 / 20 ( 55 % ) ; 3.3V          ; --           ;
+----------+------------------+---------------+--------------+


+------------------------------------------------------------------------------------------------------------------------------------------------------------------------+
; All Package Pins                                                                                                                                                       ;
+----------+------------+----------+------------------------------------------+--------+--------------+---------+------------+-----------------+----------+--------------+
; Location ; Pad Number ; I/O Bank ; Pin Name/Usage                           ; Dir.   ; I/O Standard ; Voltage ; I/O Type   ; User Assignment ; Bus Hold ; Weak Pull Up ;
+----------+------------+----------+------------------------------------------+--------+--------------+---------+------------+-----------------+----------+--------------+
; A1       ;            ;          ; GND                                      ; gnd    ;              ;         ; --         ;                 ; --       ; --           ;
; A2       ;            ; 3        ; VCCIO3                                   ; power  ;              ; 3.3V    ; --         ;                 ; --       ; --           ;
; A3       ; 325        ; 3        ; GND*                                     ;        ;              ;         ; Column I/O ;                 ; no       ; Off          ;
; A4       ; 324        ; 3        ; GND*                                     ;        ;              ;         ; Column I/O ;                 ; no       ; Off          ;
; A5       ; 320        ; 3        ; GND*                                     ;        ;              ;         ; Column I/O ;                 ; no       ; Off          ;
; A6       ; 304        ; 3        ; HEX7[5]                                  ; output ; 3.3-V LVTTL  ;         ; Column I/O ; N               ; no       ; Off          ;
; A7       ; 286        ; 3        ; SW[4]                                    ; input  ; 3.3-V LVTTL  ;         ; Column I/O ; N               ; no       ; Off          ;
; A8       ; 284        ; 3        ; GND+                                     ;        ;              ;         ; Column I/O ;                 ; --       ; --           ;
; A9       ; 282        ; 4        ; GND+                                     ;        ;              ;         ; Column I/O ;                 ; --       ; --           ;
; A10      ; 265        ; 4        ; LEDS[4]                                  ; output ; 3.3-V LVTTL  ;         ; Column I/O ; N               ; no       ; Off          ;
; A11      ; 260        ; 4        ; GND*                                     ;        ;              ;         ; Column I/O ;                 ; no       ; Off          ;
; A12      ; 251        ; 4        ; GND*                                     ;        ;              ;         ; Column I/O ;                 ; no       ; Off          ;
; A13      ; 249        ; 4        ; GND*                                     ;        ;              ;         ; Column I/O ;                 ; no       ; Off          ;
; A14      ; 245        ; 4        ; GND*                                     ;        ;              ;         ; Column I/O ;                 ; no       ; Off          ;
; A15      ;            ; 4        ; VCCIO4                                   ; power  ;              ; 3.3V    ; --         ;                 ; --       ; --           ;
; A16      ;            ;          ; GND                                      ; gnd    ;              ;         ; --         ;                 ; --       ; --           ;
; B1       ;            ; 2        ; VCCIO2                                   ; power  ;              ; 3.3V    ; --         ;                 ; --       ; --           ;
; B2       ;            ;          ; GND                                      ; gnd    ;              ;         ; --         ;                 ; --       ; --           ;
; B3       ; 326        ; 3        ; GND*                                     ;        ;              ;         ; Column I/O ;                 ; no       ; Off          ;
; B4       ; 323        ; 3        ; GND*                                     ;        ;              ;         ; Column I/O ;                 ; no       ; Off          ;
; B5       ; 319        ; 3        ; GND*                                     ;        ;              ;         ; Column I/O ;                 ; no       ; Off          ;
; B6       ; 303        ; 3        ; HEX5[0]                                  ; output ; 3.3-V LVTTL  ;         ; Column I/O ; N               ; no       ; Off          ;
; B7       ; 287        ; 3        ; HEX4[5]                                  ; output ; 3.3-V LVTTL  ;         ; Column I/O ; N               ; no       ; Off          ;
; B8       ; 285        ; 3        ; GND+                                     ;        ;              ;         ; Column I/O ;                 ; --       ; --           ;
; B9       ; 283        ; 4        ; GND+                                     ;        ;              ;         ; Column I/O ;                 ; --       ; --           ;
; B10      ; 264        ; 4        ; GND*                                     ;        ;              ;         ; Column I/O ;                 ; no       ; Off          ;
; B11      ; 259        ; 4        ; KEY[1]                                   ; input  ; 3.3-V LVTTL  ;         ; Column I/O ; N               ; no       ; Off          ;
; B12      ; 250        ; 4        ; GND*                                     ;        ;              ;         ; Column I/O ;                 ; no       ; Off          ;
; B13      ; 248        ; 4        ; GND*                                     ;        ;              ;         ; Column I/O ;                 ; no       ; Off          ;
; B14      ; 244        ; 4        ; GND*                                     ;        ;              ;         ; Column I/O ;                 ; no       ; Off          ;
; B15      ;            ;          ; GND                                      ; gnd    ;              ;         ; --         ;                 ; --       ; --           ;
; B16      ;            ; 5        ; VCCIO5                                   ; power  ;              ; 3.3V    ; --         ;                 ; --       ; --           ;
; C1       ; 2          ; 2        ; GND*                                     ;        ;              ;         ; Row I/O    ;                 ; no       ; Off          ;
; C2       ; 3          ; 2        ; GND*                                     ;        ;              ;         ; Row I/O    ;                 ; no       ; Off          ;
; C3       ; 0          ; 2        ; ~ASDO~ / RESERVED_INPUT_WITH_WEAK_PULLUP ; input  ; 3.3-V LVTTL  ;         ; Row I/O    ; N               ; no       ; On           ;
; C4       ; 316        ; 3        ; LEDS[8]                                  ; output ; 3.3-V LVTTL  ;         ; Column I/O ; N               ; no       ; Off          ;
; C5       ; 315        ; 3        ; SW[13]                                   ; input  ; 3.3-V LVTTL  ;         ; Column I/O ; N               ; no       ; Off          ;
; C6       ; 313        ; 3        ; LEDS[9]                                  ; output ; 3.3-V LVTTL  ;         ; Column I/O ; N               ; no       ; Off          ;
; C7       ;            ; 3        ; VCCIO3                                   ; power  ;              ; 3.3V    ; --         ;                 ; --       ; --           ;
; C8       ;            ;          ; GND                                      ; gnd    ;              ;         ; --         ;                 ; --       ; --           ;
; C9       ;            ;          ; GND                                      ; gnd    ;              ;         ; --         ;                 ; --       ; --           ;
; C10      ;            ; 4        ; VCCIO4                                   ; power  ;              ; 3.3V    ; --         ;                 ; --       ; --           ;
; C11      ; 254        ; 4        ; GND*                                     ;        ;              ;         ; Column I/O ;                 ; --       ; --           ;
; C12      ; 247        ; 4        ; GND*                                     ;        ;              ;         ; Column I/O ;                 ; no       ; Off          ;
; C13      ; 246        ; 4        ; GND*                                     ;        ;              ;         ; Column I/O ;                 ; no       ; Off          ;
; C14      ; 240        ; 5        ; GND*                                     ;        ;              ;         ; Row I/O    ;                 ; no       ; Off          ;
; C15      ; 236        ; 5        ; GND*                                     ;        ;              ;         ; Row I/O    ;                 ; no       ; Off          ;
; C16      ; 237        ; 5        ; GND*                                     ;        ;              ;         ; Row I/O    ;                 ; no       ; Off          ;
; D1       ; 19         ; 2        ; SW[8]                                    ; input  ; 3.3-V LVTTL  ;         ; Row I/O    ; N               ; no       ; Off          ;
; D2       ; 18         ; 2        ; SW[0]                                    ; input  ; 3.3-V LVTTL  ;         ; Row I/O    ; N               ; no       ; Off          ;
; D3       ; 4          ; 2        ; GND*                                     ;        ;              ;         ; Row I/O    ;                 ; no       ; Off          ;
; D4       ; 5          ; 2        ; HEX0[4]                                  ; output ; 3.3-V LVTTL  ;         ; Row I/O    ; N               ; no       ; Off          ;
; D5       ;            ;          ; GND_PLL3                                 ; gnd    ;              ;         ; --         ;                 ; --       ; --           ;
; D6       ; 312        ; 3        ; LEDS[5]                                  ; output ; 3.3-V LVTTL  ;         ; Column I/O ; N               ; no       ; Off          ;
; D7       ; 311        ; 3        ; LEDS[1]                                  ; output ; 3.3-V LVTTL  ;         ; Column I/O ; N               ; no       ; Off          ;
; D8       ; 296        ; 3        ; SW[11]                                   ; input  ; 3.3-V LVTTL  ;         ; Column I/O ; N               ; no       ; Off          ;
; D9       ; 275        ; 4        ; LEDS[3]                                  ; output ; 3.3-V LVTTL  ;         ; Column I/O ; N               ; no       ; Off          ;
; D10      ; 281        ; 4        ; HEX0[0]                                  ; output ; 3.3-V LVTTL  ;         ; Column I/O ; N               ; no       ; Off          ;
; D11      ; 280        ; 4        ; SW[2]                                    ; input  ; 3.3-V LVTTL  ;         ; Column I/O ; N               ; no       ; Off          ;
; D12      ;            ;          ; GND_PLL2                                 ; gnd    ;              ;         ; --         ;                 ; --       ; --           ;
; D13      ; 241        ; 5        ; GND*                                     ;        ;              ;         ; Row I/O    ;                 ; no       ; Off          ;
; D14      ; 243        ; 5        ; GND*                                     ;        ;              ;         ; Row I/O    ;                 ; no       ; Off          ;
; D15      ; 223        ; 5        ; GND*                                     ;        ;              ;         ; Row I/O    ;                 ; no       ; Off          ;
; D16      ; 224        ; 5        ; GND*                                     ;        ;              ;         ; Row I/O    ;                 ; no       ; Off          ;
; E1       ; 29         ; 2        ; HEX5[3]                                  ; output ; 3.3-V LVTTL  ;         ; Row I/O    ; N               ; no       ; Off          ;
; E2       ; 30         ; 2        ; SW[14]                                   ; input  ; 3.3-V LVTTL  ;         ; Row I/O    ; N               ; no       ; Off          ;
; E3       ; 20         ; 2        ; HEX5[1]                                  ; output ; 3.3-V LVTTL  ;         ; Row I/O    ; N               ; no       ; Off          ;
; E4       ; 21         ; 2        ; HEX5[4]                                  ; output ; 3.3-V LVTTL  ;         ; Row I/O    ; N               ; no       ; Off          ;
; E5       ;            ;          ; VCCD_PLL3                                ; power  ;              ; 1.2V    ; --         ;                 ; --       ; --           ;
; E6       ;            ;          ; GNDA_PLL3                                ; gnd    ;              ;         ; --         ;                 ; --       ; --           ;
; E7       ;            ; 3        ; VCCIO3                                   ; power  ;              ; 3.3V    ; --         ;                 ; --       ; --           ;
; E8       ;            ;          ; GND                                      ; gnd    ;              ;         ; --         ;                 ; --       ; --           ;
; E9       ;            ;          ; GND                                      ; gnd    ;              ;         ; --         ;                 ; --       ; --           ;
; E10      ;            ; 4        ; VCCIO4                                   ; power  ;              ; 3.3V    ; --         ;                 ; --       ; --           ;
; E11      ;            ;          ; GNDA_PLL2                                ; gnd    ;              ;         ; --         ;                 ; --       ; --           ;
; E12      ;            ;          ; VCCA_PLL2                                ; power  ;              ; 1.2V    ; --         ;                 ; --       ; --           ;
; E13      ; 218        ; 5        ; SW[9]                                    ; input  ; 3.3-V LVTTL  ;         ; Row I/O    ; N               ; no       ; Off          ;
; E14      ; 242        ; 5        ; GND*                                     ;        ;              ;         ; Row I/O    ;                 ; no       ; Off          ;
; E15      ; 227        ; 5        ; GND*                                     ;        ;              ;         ; Row I/O    ;                 ; no       ; Off          ;
; E16      ; 228        ; 5        ; GND*                                     ;        ;              ;         ; Row I/O    ;                 ; no       ; Off          ;
; F1       ; 36         ; 2        ; ^DATA0                                   ; input  ;              ;         ; --         ;                 ; --       ; --           ;
; F2       ; 32         ; 2        ; altera_reserved_tck                      ; input  ; 3.3-V LVTTL  ;         ; --         ; N               ; no       ; Off          ;
; F3       ; 10         ; 2        ; SW[6]                                    ; input  ; 3.3-V LVTTL  ;         ; Row I/O    ; N               ; no       ; Off          ;
; F4       ; 1          ; 2        ; ~nCSO~ / RESERVED_INPUT_WITH_WEAK_PULLUP ; input  ; 3.3-V LVTTL  ;         ; Row I/O    ; N               ; no       ; On           ;
; F5       ;            ;          ; GND_PLL3                                 ; gnd    ;              ;         ; --         ;                 ; --       ; --           ;
; F6       ;            ;          ; VCCA_PLL3                                ; power  ;              ; 1.2V    ; --         ;                 ; --       ; --           ;
; F7       ;            ;          ; GND                                      ; gnd    ;              ;         ; --         ;                 ; --       ; --           ;
; F8       ;            ;          ; GND                                      ; gnd    ;              ;         ; --         ;                 ; --       ; --           ;
; F9       ;            ;          ; VCCINT                                   ; power  ;              ; 1.2V    ; --         ;                 ; --       ; --           ;
; F10      ;            ;          ; VCCINT                                   ; power  ;              ; 1.2V    ; --         ;                 ; --       ; --           ;
; F11      ;            ;          ; VCCD_PLL2                                ; power  ;              ; 1.2V    ; --         ;                 ; --       ; --           ;
; F12      ;            ;          ; GND_PLL2                                 ; gnd    ;              ;         ; --         ;                 ; --       ; --           ;
; F13      ; 219        ; 5        ; SW[5]                                    ; input  ; 3.3-V LVTTL  ;         ; Row I/O    ; N               ; no       ; Off          ;
; F14      ; 233        ; 5        ; GND*                                     ;        ;              ;         ; Row I/O    ;                 ; --       ; --           ;
; F15      ; 211        ; 5        ; HEX5[6]                                  ; output ; 3.3-V LVTTL  ;         ; Row I/O    ; N               ; no       ; Off          ;
; F16      ; 212        ; 5        ; HEX5[5]                                  ; output ; 3.3-V LVTTL  ;         ; Row I/O    ; N               ; no       ; Off          ;
; G1       ; 33         ; 2        ; altera_reserved_tms                      ; input  ; 3.3-V LVTTL  ;         ; --         ; N               ; no       ; Off          ;
; G2       ; 34         ; 2        ; altera_reserved_tdo                      ; output ; 3.3-V LVTTL  ;         ; --         ; N               ; no       ; Off          ;
; G3       ;            ; 2        ; VCCIO2                                   ; power  ;              ; 3.3V    ; --         ;                 ; --       ; --           ;
; G4       ; 27         ; 2        ; LEDS[0]                                  ; output ; 3.3-V LVTTL  ;         ; Row I/O    ; N               ; no       ; Off          ;
; G5       ; 37         ; 2        ; ^nCE                                     ;        ;              ;         ; --         ;                 ; --       ; --           ;
; G6       ;            ;          ; GND                                      ; gnd    ;              ;         ; --         ;                 ; --       ; --           ;
; G7       ;            ;          ; VCCINT                                   ; power  ;              ; 1.2V    ; --         ;                 ; --       ; --           ;
; G8       ;            ;          ; GND                                      ; gnd    ;              ;         ; --         ;                 ; --       ; --           ;
; G9       ;            ;          ; VCCINT                                   ; power  ;              ; 1.2V    ; --         ;                 ; --       ; --           ;
; G10      ;            ;          ; GND                                      ; gnd    ;              ;         ; --         ;                 ; --       ; --           ;
; G11      ;            ;          ; VCCINT                                   ; power  ;              ; 1.2V    ; --         ;                 ; --       ; --           ;
; G12      ; 216        ; 5        ; SW[1]                                    ; input  ; 3.3-V LVTTL  ;         ; Row I/O    ; N               ; no       ; Off          ;
; G13      ; 217        ; 5        ; SW[15]                                   ; input  ; 3.3-V LVTTL  ;         ; Row I/O    ; N               ; no       ; Off          ;
; G14      ;            ; 5        ; VCCIO5                                   ; power  ;              ; 3.3V    ; --         ;                 ; --       ; --           ;
; G15      ; 210        ; 5        ; LEDS[6]                                  ; output ; 3.3-V LVTTL  ;         ; Row I/O    ; N               ; no       ; Off          ;
; G16      ; 209        ; 5        ; LEDS[2]                                  ; output ; 3.3-V LVTTL  ;         ; Row I/O    ; N               ; no       ; Off          ;
; H1       ; 39         ; 2        ; GND+                                     ;        ;              ;         ; Row I/O    ;                 ; --       ; --           ;
; H2       ; 38         ; 2        ; GND+                                     ;        ;              ;         ; Row I/O    ;                 ; --       ; --           ;
; H3       ;            ;          ; GND                                      ; gnd    ;              ;         ; --         ;                 ; --       ; --           ;
; H4       ; 35         ; 2        ; ^DCLK                                    ;        ;              ;         ; --         ;                 ; --       ; --           ;
; H5       ; 31         ; 2        ; altera_reserved_tdi                      ; input  ; 3.3-V LVTTL  ;         ; --         ; N               ; no       ; Off          ;
; H6       ;            ;          ; GND                                      ; gnd    ;              ;         ; --         ;                 ; --       ; --           ;
; H7       ;            ;          ; VCCINT                                   ; power  ;              ; 1.2V    ; --         ;                 ; --       ; --           ;
; H8       ;            ;          ; GND                                      ; gnd    ;              ;         ; --         ;                 ; --       ; --           ;
; H9       ;            ;          ; GND                                      ; gnd    ;              ;         ; --         ;                 ; --       ; --           ;
; H10      ;            ;          ; VCCINT                                   ; power  ;              ; 1.2V    ; --         ;                 ; --       ; --           ;
; H11      ;            ;          ; VCCINT                                   ; power  ;              ; 1.2V    ; --         ;                 ; --       ; --           ;
; H12      ; 207        ; 5        ; SW[7]                                    ; input  ; 3.3-V LVTTL  ;         ; Row I/O    ; N               ; no       ; Off          ;
; H13      ; 215        ; 5        ; SW[12]                                   ; input  ; 3.3-V LVTTL  ;         ; Row I/O    ; N               ; no       ; Off          ;
; H14      ;            ;          ; GND                                      ; gnd    ;              ;         ; --         ;                 ; --       ; --           ;
; H15      ; 205        ; 5        ; GND+                                     ;        ;              ;         ; Row I/O    ;                 ; --       ; --           ;
; H16      ; 206        ; 5        ; GND+                                     ;        ;              ;         ; Row I/O    ;                 ; --       ; --           ;
; J1       ; 42         ; 1        ; KEY[0]                                   ; input  ; 3.3-V LVTTL  ;         ; Row I/O    ; N               ; no       ; Off          ;
; J2       ; 41         ; 1        ; CICLONE2_CLK1_50                         ; input  ; 3.3-V LVTTL  ;         ; Row I/O    ; N               ; no       ; Off          ;
; J3       ;            ;          ; GND                                      ; gnd    ;              ;         ; --         ;                 ; --       ; --           ;
; J4       ; 50         ; 1        ; HEX1[4]                                  ; output ; 3.3-V LVTTL  ;         ; Row I/O    ; N               ; no       ; Off          ;
; J5       ; 40         ; 2        ; ^nCONFIG                                 ;        ;              ;         ; --         ;                 ; --       ; --           ;
; J6       ;            ;          ; VCCINT                                   ; power  ;              ; 1.2V    ; --         ;                 ; --       ; --           ;
; J7       ;            ;          ; VCCINT                                   ; power  ;              ; 1.2V    ; --         ;                 ; --       ; --           ;
; J8       ;            ;          ; GND                                      ; gnd    ;              ;         ; --         ;                 ; --       ; --           ;
; J9       ;            ;          ; GND                                      ; gnd    ;              ;         ; --         ;                 ; --       ; --           ;
; J10      ;            ;          ; VCCINT                                   ; power  ;              ; 1.2V    ; --         ;                 ; --       ; --           ;
; J11      ;            ;          ; GND                                      ; gnd    ;              ;         ; --         ;                 ; --       ; --           ;
; J12      ; 208        ; 5        ; LEDS[7]                                  ; output ; 3.3-V LVTTL  ;         ; Row I/O    ; N               ; no       ; Off          ;
; J13      ; 198        ; 6        ; ^MSEL0                                   ;        ;              ;         ; --         ;                 ; --       ; --           ;
; J14      ;            ;          ; GND                                      ; gnd    ;              ;         ; --         ;                 ; --       ; --           ;
; J15      ; 204        ; 6        ; GND+                                     ;        ;              ;         ; Row I/O    ;                 ; --       ; --           ;
; J16      ; 203        ; 6        ; GND+                                     ;        ;              ;         ; Row I/O    ;                 ; --       ; --           ;
; K1       ; 44         ; 1        ; HEX2[6]                                  ; output ; 3.3-V LVTTL  ;         ; Row I/O    ; N               ; no       ; Off          ;
; K2       ; 43         ; 1        ; HEX1[6]                                  ; output ; 3.3-V LVTTL  ;         ; Row I/O    ; N               ; no       ; Off          ;
; K3       ;            ; 1        ; VCCIO1                                   ; power  ;              ; 3.3V    ; --         ;                 ; --       ; --           ;
; K4       ; 45         ; 1        ; HEX2[1]                                  ; output ; 3.3-V LVTTL  ;         ; Row I/O    ; N               ; no       ; Off          ;
; K5       ; 46         ; 1        ; HEX2[5]                                  ; output ; 3.3-V LVTTL  ;         ; Row I/O    ; N               ; no       ; Off          ;
; K6       ;            ;          ; VCCINT                                   ; power  ;              ; 1.2V    ; --         ;                 ; --       ; --           ;
; K7       ;            ;          ; GND                                      ; gnd    ;              ;         ; --         ;                 ; --       ; --           ;
; K8       ;            ;          ; VCCINT                                   ; power  ;              ; 1.2V    ; --         ;                 ; --       ; --           ;
; K9       ;            ;          ; GND                                      ; gnd    ;              ;         ; --         ;                 ; --       ; --           ;
; K10      ;            ;          ; VCCINT                                   ; power  ;              ; 1.2V    ; --         ;                 ; --       ; --           ;
; K11      ;            ;          ; GND                                      ; gnd    ;              ;         ; --         ;                 ; --       ; --           ;
; K12      ; 197        ; 6        ; ^MSEL1                                   ;        ;              ;         ; --         ;                 ; --       ; --           ;
; K13      ; 165        ; 6        ; GND*                                     ;        ;              ;         ; Row I/O    ;                 ; no       ; Off          ;
; K14      ;            ; 6        ; VCCIO6                                   ; power  ;              ; 3.3V    ; --         ;                 ; --       ; --           ;
; K15      ; 202        ; 6        ; SW[3]                                    ; input  ; 3.3-V LVTTL  ;         ; Row I/O    ; N               ; no       ; Off          ;
; K16      ; 201        ; 6        ; HEX0[5]                                  ; output ; 3.3-V LVTTL  ;         ; Row I/O    ; N               ; no       ; Off          ;
; L1       ; 47         ; 1        ; HEX4[2]                                  ; output ; 3.3-V LVTTL  ;         ; Row I/O    ; N               ; no       ; Off          ;
; L2       ; 48         ; 1        ; HEX6[0]                                  ; output ; 3.3-V LVTTL  ;         ; Row I/O    ; N               ; no       ; Off          ;
; L3       ; 70         ; 1        ; HEX4[4]                                  ; output ; 3.3-V LVTTL  ;         ; Row I/O    ; N               ; no       ; Off          ;
; L4       ; 80         ; 1        ; GND*                                     ;        ;              ;         ; Row I/O    ;                 ; no       ; Off          ;
; L5       ;            ;          ; GND_PLL1                                 ; gnd    ;              ;         ; --         ;                 ; --       ; --           ;
; L6       ;            ;          ; VCCD_PLL1                                ; power  ;              ; 1.2V    ; --         ;                 ; --       ; --           ;
; L7       ;            ;          ; VCCINT                                   ; power  ;              ; 1.2V    ; --         ;                 ; --       ; --           ;
; L8       ;            ;          ; VCCINT                                   ; power  ;              ; 1.2V    ; --         ;                 ; --       ; --           ;
; L9       ;            ;          ; GND                                      ; gnd    ;              ;         ; --         ;                 ; --       ; --           ;
; L10      ;            ;          ; GND                                      ; gnd    ;              ;         ; --         ;                 ; --       ; --           ;
; L11      ;            ;          ; VCCA_PLL4                                ; power  ;              ; 1.2V    ; --         ;                 ; --       ; --           ;
; L12      ;            ;          ; GND_PLL4                                 ; gnd    ;              ;         ; --         ;                 ; --       ; --           ;
; L13      ; 196        ; 6        ; ^CONF_DONE                               ;        ;              ;         ; --         ;                 ; --       ; --           ;
; L14      ; 192        ; 6        ; HEX6[4]                                  ; output ; 3.3-V LVTTL  ;         ; Row I/O    ; N               ; no       ; Off          ;
; L15      ; 193        ; 6        ; HEX6[2]                                  ; output ; 3.3-V LVTTL  ;         ; Row I/O    ; N               ; no       ; Off          ;
; L16      ; 194        ; 6        ; HEX0[6]                                  ; output ; 3.3-V LVTTL  ;         ; Row I/O    ; N               ; no       ; Off          ;
; M1       ; 61         ; 1        ; HEX4[1]                                  ; output ; 3.3-V LVTTL  ;         ; Row I/O    ; N               ; no       ; Off          ;
; M2       ; 62         ; 1        ; HEX4[6]                                  ; output ; 3.3-V LVTTL  ;         ; Row I/O    ; N               ; no       ; Off          ;
; M3       ; 69         ; 1        ; HEX2[3]                                  ; output ; 3.3-V LVTTL  ;         ; Row I/O    ; N               ; no       ; Off          ;
; M4       ; 81         ; 1        ; GND*                                     ;        ;              ;         ; Row I/O    ;                 ; no       ; Off          ;
; M5       ;            ;          ; VCCA_PLL1                                ; power  ;              ; 1.2V    ; --         ;                 ; --       ; --           ;
; M6       ;            ;          ; GNDA_PLL1                                ; gnd    ;              ;         ; --         ;                 ; --       ; --           ;
; M7       ;            ; 8        ; VCCIO8                                   ; power  ;              ; 3.3V    ; --         ;                 ; --       ; --           ;
; M8       ;            ;          ; GND                                      ; gnd    ;              ;         ; --         ;                 ; --       ; --           ;
; M9       ;            ;          ; GND                                      ; gnd    ;              ;         ; --         ;                 ; --       ; --           ;
; M10      ;            ; 7        ; VCCIO7                                   ; power  ;              ; 3.3V    ; --         ;                 ; --       ; --           ;
; M11      ;            ;          ; GNDA_PLL4                                ; gnd    ;              ;         ; --         ;                 ; --       ; --           ;
; M12      ;            ;          ; VCCD_PLL4                                ; power  ;              ; 1.2V    ; --         ;                 ; --       ; --           ;
; M13      ; 195        ; 6        ; ^nSTATUS                                 ;        ;              ;         ; --         ;                 ; --       ; --           ;
; M14      ; 176        ; 6        ; HEX6[1]                                  ; output ; 3.3-V LVTTL  ;         ; Row I/O    ; N               ; no       ; Off          ;
; M15      ; 182        ; 6        ; HEX1[2]                                  ; output ; 3.3-V LVTTL  ;         ; Row I/O    ; N               ; no       ; Off          ;
; M16      ; 183        ; 6        ; HEX6[3]                                  ; output ; 3.3-V LVTTL  ;         ; Row I/O    ; N               ; no       ; Off          ;
; N1       ; 71         ; 1        ; HEX7[4]                                  ; output ; 3.3-V LVTTL  ;         ; Row I/O    ; N               ; no       ; Off          ;
; N2       ; 72         ; 1        ; HEX1[3]                                  ; output ; 3.3-V LVTTL  ;         ; Row I/O    ; N               ; no       ; Off          ;
; N3       ; 77         ; 1        ; HEX7[1]                                  ; output ; 3.3-V LVTTL  ;         ; Row I/O    ; N               ; no       ; Off          ;
; N4       ; 78         ; 1        ; HEX7[2]                                  ; output ; 3.3-V LVTTL  ;         ; Row I/O    ; N               ; no       ; Off          ;
; N5       ;            ;          ; GND_PLL1                                 ; gnd    ;              ;         ; --         ;                 ; --       ; --           ;
; N6       ; 107        ; 8        ; HEX7[6]                                  ; output ; 3.3-V LVTTL  ;         ; Column I/O ; N               ; no       ; Off          ;
; N7       ; 93         ; 8        ; HEX2[0]                                  ; output ; 3.3-V LVTTL  ;         ; Column I/O ; N               ; no       ; Off          ;
; N8       ; 112        ; 8        ; HEX1[5]                                  ; output ; 3.3-V LVTTL  ;         ; Column I/O ; N               ; no       ; Off          ;
; N9       ; 125        ; 7        ; GND+                                     ;        ;              ;         ; Column I/O ;                 ; --       ; --           ;
; N10      ; 126        ; 7        ; GND+                                     ;        ;              ;         ; Column I/O ;                 ; --       ; --           ;
; N11      ; 154        ; 7        ; GND*                                     ;        ;              ;         ; Column I/O ;                 ; --       ; --           ;
; N12      ;            ;          ; GND_PLL4                                 ; gnd    ;              ;         ; --         ;                 ; --       ; --           ;
; N13      ; 166        ; 6        ; GND*                                     ;        ;              ;         ; Row I/O    ;                 ; no       ; Off          ;
; N14      ; 167        ; 6        ; ~LVDS91p/nCEO~                           ; output ; 3.3-V LVTTL  ;         ; Row I/O    ; N               ; no       ; Off          ;
; N15      ; 172        ; 6        ; GND*                                     ;        ;              ;         ; Row I/O    ;                 ; no       ; Off          ;
; N16      ; 173        ; 6        ; GND*                                     ;        ;              ;         ; Row I/O    ;                 ; no       ; Off          ;
; P1       ; 73         ; 1        ; HEX1[0]                                  ; output ; 3.3-V LVTTL  ;         ; Row I/O    ; N               ; no       ; Off          ;
; P2       ; 74         ; 1        ; HEX4[0]                                  ; output ; 3.3-V LVTTL  ;         ; Row I/O    ; N               ; no       ; Off          ;
; P3       ; 79         ; 1        ; GND*                                     ;        ;              ;         ; Row I/O    ;                 ; no       ; Off          ;
; P4       ; 85         ; 8        ; GND*                                     ;        ;              ;         ; Column I/O ;                 ; no       ; Off          ;
; P5       ; 84         ; 8        ; GND*                                     ;        ;              ;         ; Column I/O ;                 ; no       ; Off          ;
; P6       ; 106        ; 8        ; HEX2[4]                                  ; output ; 3.3-V LVTTL  ;         ; Column I/O ; N               ; no       ; Off          ;
; P7       ;            ; 8        ; VCCIO8                                   ; power  ;              ; 3.3V    ; --         ;                 ; --       ; --           ;
; P8       ;            ;          ; GND                                      ; gnd    ;              ;         ; --         ;                 ; --       ; --           ;
; P9       ;            ;          ; GND                                      ; gnd    ;              ;         ; --         ;                 ; --       ; --           ;
; P10      ;            ; 7        ; VCCIO7                                   ; power  ;              ; 3.3V    ; --         ;                 ; --       ; --           ;
; P11      ; 133        ; 7        ; HEX6[5]                                  ; output ; 3.3-V LVTTL  ;         ; Column I/O ; N               ; no       ; Off          ;
; P12      ; 152        ; 7        ; GND*                                     ;        ;              ;         ; Column I/O ;                 ; no       ; Off          ;
; P13      ; 153        ; 7        ; GND*                                     ;        ;              ;         ; Column I/O ;                 ; no       ; Off          ;
; P14      ; 177        ; 6        ; GND*                                     ;        ;              ;         ; Row I/O    ;                 ; no       ; Off          ;
; P15      ; 170        ; 6        ; GND*                                     ;        ;              ;         ; Row I/O    ;                 ; no       ; Off          ;
; P16      ; 171        ; 6        ; GND*                                     ;        ;              ;         ; Row I/O    ;                 ; no       ; Off          ;
; R1       ;            ; 1        ; VCCIO1                                   ; power  ;              ; 3.3V    ; --         ;                 ; --       ; --           ;
; R2       ;            ;          ; GND                                      ; gnd    ;              ;         ; --         ;                 ; --       ; --           ;
; R3       ; 82         ; 8        ; GND*                                     ;        ;              ;         ; Column I/O ;                 ; no       ; Off          ;
; R4       ; 87         ; 8        ; GND*                                     ;        ;              ;         ; Column I/O ;                 ; no       ; Off          ;
; R5       ; 89         ; 8        ; GND*                                     ;        ;              ;         ; Column I/O ;                 ; no       ; Off          ;
; R6       ; 105        ; 8        ; HEX2[2]                                  ; output ; 3.3-V LVTTL  ;         ; Column I/O ; N               ; no       ; Off          ;
; R7       ; 114        ; 8        ; HEX1[1]                                  ; output ; 3.3-V LVTTL  ;         ; Column I/O ; N               ; no       ; Off          ;
; R8       ; 122        ; 8        ; HEX0[1]                                  ; output ; 3.3-V LVTTL  ;         ; Column I/O ; N               ; no       ; Off          ;
; R9       ; 124        ; 8        ; GND+                                     ;        ;              ;         ; Column I/O ;                 ; --       ; --           ;
; R10      ; 143        ; 7        ; HEX0[3]                                  ; output ; 3.3-V LVTTL  ;         ; Column I/O ; N               ; no       ; Off          ;
; R11      ; 128        ; 7        ; HEX6[6]                                  ; output ; 3.3-V LVTTL  ;         ; Column I/O ; N               ; no       ; Off          ;
; R12      ; 158        ; 7        ; GND*                                     ;        ;              ;         ; Column I/O ;                 ; no       ; Off          ;
; R13      ; 162        ; 7        ; GND*                                     ;        ;              ;         ; Column I/O ;                 ; no       ; Off          ;
; R14      ; 164        ; 7        ; GND*                                     ;        ;              ;         ; Column I/O ;                 ; no       ; Off          ;
; R15      ;            ;          ; GND                                      ; gnd    ;              ;         ; --         ;                 ; --       ; --           ;
; R16      ;            ; 6        ; VCCIO6                                   ; power  ;              ; 3.3V    ; --         ;                 ; --       ; --           ;
; T1       ;            ;          ; GND                                      ; gnd    ;              ;         ; --         ;                 ; --       ; --           ;
; T2       ;            ; 8        ; VCCIO8                                   ; power  ;              ; 3.3V    ; --         ;                 ; --       ; --           ;
; T3       ; 83         ; 8        ; GND*                                     ;        ;              ;         ; Column I/O ;                 ; no       ; Off          ;
; T4       ; 86         ; 8        ; GND*                                     ;        ;              ;         ; Column I/O ;                 ; no       ; Off          ;
; T5       ; 88         ; 8        ; GND*                                     ;        ;              ;         ; Column I/O ;                 ; no       ; Off          ;
; T6       ; 104        ; 8        ; HEX5[2]                                  ; output ; 3.3-V LVTTL  ;         ; Column I/O ; N               ; no       ; Off          ;
; T7       ; 113        ; 8        ; HEX7[3]                                  ; output ; 3.3-V LVTTL  ;         ; Column I/O ; N               ; no       ; Off          ;
; T8       ; 121        ; 8        ; HEX7[0]                                  ; output ; 3.3-V LVTTL  ;         ; Column I/O ; N               ; no       ; Off          ;
; T9       ; 123        ; 8        ; SW[10]                                   ; input  ; 3.3-V LVTTL  ;         ; Column I/O ; N               ; no       ; Off          ;
; T10      ; 144        ; 7        ; HEX0[2]                                  ; output ; 3.3-V LVTTL  ;         ; Column I/O ; N               ; no       ; Off          ;
; T11      ; 127        ; 7        ; HEX4[3]                                  ; output ; 3.3-V LVTTL  ;         ; Column I/O ; N               ; no       ; Off          ;
; T12      ; 157        ; 7        ; GND*                                     ;        ;              ;         ; Column I/O ;                 ; no       ; Off          ;
; T13      ; 161        ; 7        ; GND*                                     ;        ;              ;         ; Column I/O ;                 ; no       ; Off          ;
; T14      ; 163        ; 7        ; GND*                                     ;        ;              ;         ; Column I/O ;                 ; no       ; Off          ;
; T15      ;            ; 7        ; VCCIO7                                   ; power  ;              ; 3.3V    ; --         ;                 ; --       ; --           ;
; T16      ;            ;          ; GND                                      ; gnd    ;              ;         ; --         ;                 ; --       ; --           ;
+----------+------------+----------+------------------------------------------+--------+--------------+---------+------------+-----------------+----------+--------------+
Note: Pin directions (input, output or bidir) are based on device operating in user mode.


+-------------------------------------------------------------------------------+
; Output Pin Default Load For Reported TCO                                      ;
+----------------------------------+-------+------------------------------------+
; I/O Standard                     ; Load  ; Termination Resistance             ;
+----------------------------------+-------+------------------------------------+
; 3.3-V LVTTL                      ; 0 pF  ; Not Available                      ;
; 3.3-V LVCMOS                     ; 0 pF  ; Not Available                      ;
; 2.5 V                            ; 0 pF  ; Not Available                      ;
; 1.8 V                            ; 0 pF  ; Not Available                      ;
; 1.5 V                            ; 0 pF  ; Not Available                      ;
; 3.3-V PCI                        ; 10 pF ; 25 Ohm (Parallel)                  ;
; 3.3-V PCI-X                      ; 10 pF ; 25 Ohm (Parallel)                  ;
; SSTL-2 Class I                   ; 0 pF  ; 50 Ohm (Parallel), 25 Ohm (Serial) ;
; SSTL-2 Class II                  ; 0 pF  ; 25 Ohm (Parallel), 25 Ohm (Serial) ;
; SSTL-18 Class I                  ; 0 pF  ; 50 Ohm (Parallel), 25 Ohm (Serial) ;
; SSTL-18 Class II                 ; 0 pF  ; 25 Ohm (Parallel), 25 Ohm (Serial) ;
; 1.5-V HSTL Class I               ; 0 pF  ; 50 Ohm (Parallel)                  ;
; 1.5-V HSTL Class II              ; 0 pF  ; 25 Ohm (Parallel)                  ;
; 1.8-V HSTL Class I               ; 0 pF  ; 50 Ohm (Parallel)                  ;
; 1.8-V HSTL Class II              ; 0 pF  ; 25 Ohm (Parallel)                  ;
; Differential SSTL-2              ; 0 pF  ; (See SSTL-2)                       ;
; Differential 2.5-V SSTL Class II ; 0 pF  ; (See SSTL-2 Class II)              ;
; Differential 1.8-V SSTL Class I  ; 0 pF  ; (See 1.8-V SSTL Class I)           ;
; Differential 1.8-V SSTL Class II ; 0 pF  ; (See 1.8-V SSTL Class II)          ;
; Differential 1.5-V HSTL Class I  ; 0 pF  ; (See 1.5-V HSTL Class I)           ;
; Differential 1.5-V HSTL Class II ; 0 pF  ; (See 1.5-V HSTL Class II)          ;
; Differential 1.8-V HSTL Class I  ; 0 pF  ; (See 1.8-V HSTL Class I)           ;
; Differential 1.8-V HSTL Class II ; 0 pF  ; (See 1.8-V HSTL Class II)          ;
; LVDS                             ; 0 pF  ; 100 Ohm (Differential)             ;
; mini-LVDS                        ; 0 pF  ; 100 Ohm (Differential)             ;
; RSDS                             ; 0 pF  ; 100 Ohm (Differential)             ;
; Simple RSDS                      ; 0 pF  ; Not Available                      ;
; Differential LVPECL              ; 0 pF  ; 100 Ohm (Differential)             ;
+----------------------------------+-------+------------------------------------+
Note: User assignments will override these defaults. The user specified values are listed in the Output Pins and Bidir Pins tables.


+--------------------------------------------------------------------------------------------------------------------------------------------------------------------------------------------------------------------------------------------------------------------------------------------------------------------------------------------------------------------------------------------------------------------------------------------------------------------------------------------------------------------------------------------------------------------------------------------------------------------------------------------------------------------------------------------------------------------+
; Fitter Resource Utilization by Entity                                                                                                                                                                                                                                                                                                                                                                                                                                                                                                                                                                                                                                                                              ;
+------------------------------------------------------------------------------------------------------------------+-------------+---------------------------+---------------+-------------+------+--------------+---------+-----------+------+--------------+--------------+-------------------+------------------+----------------------------------------------------------------------------------------------------------------------------------------------------------------------------------------------------------------------------------------------------------------------------------------------------------------------------------------------------------------------------------+--------------+
; Compilation Hierarchy Node                                                                                       ; Logic Cells ; Dedicated Logic Registers ; I/O Registers ; Memory Bits ; M4Ks ; DSP Elements ; DSP 9x9 ; DSP 18x18 ; Pins ; Virtual Pins ; LUT-Only LCs ; Register-Only LCs ; LUT/Register LCs ; Full Hierarchy Name                                                                                                                                                                                                                                                                                                                                                              ; Library Name ;
+------------------------------------------------------------------------------------------------------------------+-------------+---------------------------+---------------+-------------+------+--------------+---------+-----------+------+--------------+--------------+-------------------+------------------+----------------------------------------------------------------------------------------------------------------------------------------------------------------------------------------------------------------------------------------------------------------------------------------------------------------------------------------------------------------------------------+--------------+
; |soft_nios                                                                                                       ; 1970 (1)    ; 1106 (0)                  ; 0 (0)         ; 171264      ; 46   ; 0            ; 0       ; 0         ; 78   ; 0            ; 864 (1)      ; 152 (0)           ; 954 (0)          ; |soft_nios                                                                                                                                                                                                                                                                                                                                                                       ; work         ;
;    |nios_ii:u0|                                                                                                  ; 1794 (0)    ; 1009 (0)                  ; 0 (0)         ; 171264      ; 46   ; 0            ; 0       ; 0         ; 0    ; 0            ; 785 (0)      ; 139 (0)           ; 870 (0)          ; |soft_nios|nios_ii:u0                                                                                                                                                                                                                                                                                                                                                            ; nios_ii      ;
;       |altera_avalon_sc_fifo:hex0_s1_translator_avalon_universal_slave_0_agent_rsp_fifo|                         ; 5 (5)       ; 4 (4)                     ; 0 (0)         ; 0           ; 0    ; 0            ; 0       ; 0         ; 0    ; 0            ; 1 (1)        ; 0 (0)             ; 4 (4)            ; |soft_nios|nios_ii:u0|altera_avalon_sc_fifo:hex0_s1_translator_avalon_universal_slave_0_agent_rsp_fifo                                                                                                                                                                                                                                                                           ; nios_ii      ;
;       |altera_avalon_sc_fifo:hex1_s1_translator_avalon_universal_slave_0_agent_rsp_fifo|                         ; 5 (5)       ; 4 (4)                     ; 0 (0)         ; 0           ; 0    ; 0            ; 0       ; 0         ; 0    ; 0            ; 1 (1)        ; 0 (0)             ; 4 (4)            ; |soft_nios|nios_ii:u0|altera_avalon_sc_fifo:hex1_s1_translator_avalon_universal_slave_0_agent_rsp_fifo                                                                                                                                                                                                                                                                           ; nios_ii      ;
;       |altera_avalon_sc_fifo:hex2_s1_translator_avalon_universal_slave_0_agent_rsp_fifo|                         ; 5 (5)       ; 4 (4)                     ; 0 (0)         ; 0           ; 0    ; 0            ; 0       ; 0         ; 0    ; 0            ; 1 (1)        ; 0 (0)             ; 4 (4)            ; |soft_nios|nios_ii:u0|altera_avalon_sc_fifo:hex2_s1_translator_avalon_universal_slave_0_agent_rsp_fifo                                                                                                                                                                                                                                                                           ; nios_ii      ;
;       |altera_avalon_sc_fifo:hex4_s1_translator_avalon_universal_slave_0_agent_rsp_fifo|                         ; 5 (5)       ; 4 (4)                     ; 0 (0)         ; 0           ; 0    ; 0            ; 0       ; 0         ; 0    ; 0            ; 1 (1)        ; 0 (0)             ; 4 (4)            ; |soft_nios|nios_ii:u0|altera_avalon_sc_fifo:hex4_s1_translator_avalon_universal_slave_0_agent_rsp_fifo                                                                                                                                                                                                                                                                           ; nios_ii      ;
;       |altera_avalon_sc_fifo:hex5_s1_translator_avalon_universal_slave_0_agent_rsp_fifo|                         ; 5 (5)       ; 4 (4)                     ; 0 (0)         ; 0           ; 0    ; 0            ; 0       ; 0         ; 0    ; 0            ; 1 (1)        ; 0 (0)             ; 4 (4)            ; |soft_nios|nios_ii:u0|altera_avalon_sc_fifo:hex5_s1_translator_avalon_universal_slave_0_agent_rsp_fifo                                                                                                                                                                                                                                                                           ; nios_ii      ;
;       |altera_avalon_sc_fifo:hex6_s1_translator_avalon_universal_slave_0_agent_rsp_fifo|                         ; 5 (5)       ; 4 (4)                     ; 0 (0)         ; 0           ; 0    ; 0            ; 0       ; 0         ; 0    ; 0            ; 1 (1)        ; 0 (0)             ; 4 (4)            ; |soft_nios|nios_ii:u0|altera_avalon_sc_fifo:hex6_s1_translator_avalon_universal_slave_0_agent_rsp_fifo                                                                                                                                                                                                                                                                           ; nios_ii      ;
;       |altera_avalon_sc_fifo:hex7_s1_translator_avalon_universal_slave_0_agent_rsp_fifo|                         ; 5 (5)       ; 4 (4)                     ; 0 (0)         ; 0           ; 0    ; 0            ; 0       ; 0         ; 0    ; 0            ; 1 (1)        ; 0 (0)             ; 4 (4)            ; |soft_nios|nios_ii:u0|altera_avalon_sc_fifo:hex7_s1_translator_avalon_universal_slave_0_agent_rsp_fifo                                                                                                                                                                                                                                                                           ; nios_ii      ;
;       |altera_avalon_sc_fifo:jtag_uart_0_avalon_jtag_slave_translator_avalon_universal_slave_0_agent_rsp_fifo|   ; 7 (7)       ; 4 (4)                     ; 0 (0)         ; 0           ; 0    ; 0            ; 0       ; 0         ; 0    ; 0            ; 3 (3)        ; 0 (0)             ; 4 (4)            ; |soft_nios|nios_ii:u0|altera_avalon_sc_fifo:jtag_uart_0_avalon_jtag_slave_translator_avalon_universal_slave_0_agent_rsp_fifo                                                                                                                                                                                                                                                     ; nios_ii      ;
;       |altera_avalon_sc_fifo:leds_s1_translator_avalon_universal_slave_0_agent_rsp_fifo|                         ; 6 (6)       ; 4 (4)                     ; 0 (0)         ; 0           ; 0    ; 0            ; 0       ; 0         ; 0    ; 0            ; 2 (2)        ; 0 (0)             ; 4 (4)            ; |soft_nios|nios_ii:u0|altera_avalon_sc_fifo:leds_s1_translator_avalon_universal_slave_0_agent_rsp_fifo                                                                                                                                                                                                                                                                           ; nios_ii      ;
;       |altera_avalon_sc_fifo:nios2_qsys_0_jtag_debug_module_translator_avalon_universal_slave_0_agent_rsp_fifo|  ; 10 (10)     ; 6 (6)                     ; 0 (0)         ; 0           ; 0    ; 0            ; 0       ; 0         ; 0    ; 0            ; 4 (4)        ; 0 (0)             ; 6 (6)            ; |soft_nios|nios_ii:u0|altera_avalon_sc_fifo:nios2_qsys_0_jtag_debug_module_translator_avalon_universal_slave_0_agent_rsp_fifo                                                                                                                                                                                                                                                    ; nios_ii      ;
;       |altera_avalon_sc_fifo:onchip_memory2_0_s1_translator_avalon_universal_slave_0_agent_rsp_fifo|             ; 10 (10)     ; 6 (6)                     ; 0 (0)         ; 0           ; 0    ; 0            ; 0       ; 0         ; 0    ; 0            ; 4 (4)        ; 0 (0)             ; 6 (6)            ; |soft_nios|nios_ii:u0|altera_avalon_sc_fifo:onchip_memory2_0_s1_translator_avalon_universal_slave_0_agent_rsp_fifo                                                                                                                                                                                                                                                               ; nios_ii      ;
;       |altera_avalon_sc_fifo:switches_s1_translator_avalon_universal_slave_0_agent_rsp_fifo|                     ; 5 (5)       ; 4 (4)                     ; 0 (0)         ; 0           ; 0    ; 0            ; 0       ; 0         ; 0    ; 0            ; 1 (1)        ; 0 (0)             ; 4 (4)            ; |soft_nios|nios_ii:u0|altera_avalon_sc_fifo:switches_s1_translator_avalon_universal_slave_0_agent_rsp_fifo                                                                                                                                                                                                                                                                       ; nios_ii      ;
;       |altera_avalon_sc_fifo:sysid_qsys_0_control_slave_translator_avalon_universal_slave_0_agent_rsp_fifo|      ; 5 (5)       ; 4 (4)                     ; 0 (0)         ; 0           ; 0    ; 0            ; 0       ; 0         ; 0    ; 0            ; 1 (1)        ; 0 (0)             ; 4 (4)            ; |soft_nios|nios_ii:u0|altera_avalon_sc_fifo:sysid_qsys_0_control_slave_translator_avalon_universal_slave_0_agent_rsp_fifo                                                                                                                                                                                                                                                        ; nios_ii      ;
;       |altera_merlin_master_agent:nios2_qsys_0_data_master_translator_avalon_universal_master_0_agent|           ; 1 (1)       ; 0 (0)                     ; 0 (0)         ; 0           ; 0    ; 0            ; 0       ; 0         ; 0    ; 0            ; 1 (1)        ; 0 (0)             ; 0 (0)            ; |soft_nios|nios_ii:u0|altera_merlin_master_agent:nios2_qsys_0_data_master_translator_avalon_universal_master_0_agent                                                                                                                                                                                                                                                             ; nios_ii      ;
;       |altera_merlin_master_agent:nios2_qsys_0_instruction_master_translator_avalon_universal_master_0_agent|    ; 2 (2)       ; 1 (1)                     ; 0 (0)         ; 0           ; 0    ; 0            ; 0       ; 0         ; 0    ; 0            ; 0 (0)        ; 0 (0)             ; 2 (2)            ; |soft_nios|nios_ii:u0|altera_merlin_master_agent:nios2_qsys_0_instruction_master_translator_avalon_universal_master_0_agent                                                                                                                                                                                                                                                      ; nios_ii      ;
;       |altera_merlin_slave_agent:nios2_qsys_0_jtag_debug_module_translator_avalon_universal_slave_0_agent|       ; 2 (2)       ; 0 (0)                     ; 0 (0)         ; 0           ; 0    ; 0            ; 0       ; 0         ; 0    ; 0            ; 2 (2)        ; 0 (0)             ; 0 (0)            ; |soft_nios|nios_ii:u0|altera_merlin_slave_agent:nios2_qsys_0_jtag_debug_module_translator_avalon_universal_slave_0_agent                                                                                                                                                                                                                                                         ; nios_ii      ;
;       |altera_merlin_slave_agent:onchip_memory2_0_s1_translator_avalon_universal_slave_0_agent|                  ; 1 (1)       ; 0 (0)                     ; 0 (0)         ; 0           ; 0    ; 0            ; 0       ; 0         ; 0    ; 0            ; 1 (1)        ; 0 (0)             ; 0 (0)            ; |soft_nios|nios_ii:u0|altera_merlin_slave_agent:onchip_memory2_0_s1_translator_avalon_universal_slave_0_agent                                                                                                                                                                                                                                                                    ; nios_ii      ;
;       |altera_merlin_slave_agent:switches_s1_translator_avalon_universal_slave_0_agent|                          ; 2 (2)       ; 0 (0)                     ; 0 (0)         ; 0           ; 0    ; 0            ; 0       ; 0         ; 0    ; 0            ; 2 (2)        ; 0 (0)             ; 0 (0)            ; |soft_nios|nios_ii:u0|altera_merlin_slave_agent:switches_s1_translator_avalon_universal_slave_0_agent                                                                                                                                                                                                                                                                            ; nios_ii      ;
;       |altera_merlin_slave_agent:sysid_qsys_0_control_slave_translator_avalon_universal_slave_0_agent|           ; 2 (2)       ; 0 (0)                     ; 0 (0)         ; 0           ; 0    ; 0            ; 0       ; 0         ; 0    ; 0            ; 2 (2)        ; 0 (0)             ; 0 (0)            ; |soft_nios|nios_ii:u0|altera_merlin_slave_agent:sysid_qsys_0_control_slave_translator_avalon_universal_slave_0_agent                                                                                                                                                                                                                                                             ; nios_ii      ;
;       |nios_ii_addr_router:addr_router|                                                                          ; 2 (2)       ; 0 (0)                     ; 0 (0)         ; 0           ; 0    ; 0            ; 0       ; 0         ; 0    ; 0            ; 2 (2)        ; 0 (0)             ; 0 (0)            ; |soft_nios|nios_ii:u0|nios_ii_addr_router:addr_router                                                                                                                                                                                                                                                                                                                            ; nios_ii      ;
;       |nios_ii_addr_router_001:addr_router_001|                                                                  ; 24 (24)     ; 0 (0)                     ; 0 (0)         ; 0           ; 0    ; 0            ; 0       ; 0         ; 0    ; 0            ; 24 (24)      ; 0 (0)             ; 0 (0)            ; |soft_nios|nios_ii:u0|nios_ii_addr_router_001:addr_router_001                                                                                                                                                                                                                                                                                                                    ; nios_ii      ;
;       |nios_ii_cmd_xbar_demux:cmd_xbar_demux|                                                                    ; 3 (3)       ; 0 (0)                     ; 0 (0)         ; 0           ; 0    ; 0            ; 0       ; 0         ; 0    ; 0            ; 3 (3)        ; 0 (0)             ; 0 (0)            ; |soft_nios|nios_ii:u0|nios_ii_cmd_xbar_demux:cmd_xbar_demux                                                                                                                                                                                                                                                                                                                      ; nios_ii      ;
;       |nios_ii_cmd_xbar_demux:rsp_xbar_demux_001|                                                                ; 2 (2)       ; 0 (0)                     ; 0 (0)         ; 0           ; 0    ; 0            ; 0       ; 0         ; 0    ; 0            ; 2 (2)        ; 0 (0)             ; 0 (0)            ; |soft_nios|nios_ii:u0|nios_ii_cmd_xbar_demux:rsp_xbar_demux_001                                                                                                                                                                                                                                                                                                                  ; nios_ii      ;
;       |nios_ii_cmd_xbar_demux:rsp_xbar_demux|                                                                    ; 2 (2)       ; 0 (0)                     ; 0 (0)         ; 0           ; 0    ; 0            ; 0       ; 0         ; 0    ; 0            ; 2 (2)        ; 0 (0)             ; 0 (0)            ; |soft_nios|nios_ii:u0|nios_ii_cmd_xbar_demux:rsp_xbar_demux                                                                                                                                                                                                                                                                                                                      ; nios_ii      ;
;       |nios_ii_cmd_xbar_demux_001:cmd_xbar_demux_001|                                                            ; 11 (11)     ; 0 (0)                     ; 0 (0)         ; 0           ; 0    ; 0            ; 0       ; 0         ; 0    ; 0            ; 11 (11)      ; 0 (0)             ; 0 (0)            ; |soft_nios|nios_ii:u0|nios_ii_cmd_xbar_demux_001:cmd_xbar_demux_001                                                                                                                                                                                                                                                                                                              ; nios_ii      ;
;       |nios_ii_cmd_xbar_mux:cmd_xbar_mux_001|                                                                    ; 61 (57)     ; 5 (3)                     ; 0 (0)         ; 0           ; 0    ; 0            ; 0       ; 0         ; 0    ; 0            ; 43 (41)      ; 1 (0)             ; 17 (14)          ; |soft_nios|nios_ii:u0|nios_ii_cmd_xbar_mux:cmd_xbar_mux_001                                                                                                                                                                                                                                                                                                                      ; nios_ii      ;
;          |altera_merlin_arbitrator:arb|                                                                          ; 6 (6)       ; 2 (2)                     ; 0 (0)         ; 0           ; 0    ; 0            ; 0       ; 0         ; 0    ; 0            ; 2 (2)        ; 1 (1)             ; 3 (3)            ; |soft_nios|nios_ii:u0|nios_ii_cmd_xbar_mux:cmd_xbar_mux_001|altera_merlin_arbitrator:arb                                                                                                                                                                                                                                                                                         ; nios_ii      ;
;       |nios_ii_cmd_xbar_mux:cmd_xbar_mux|                                                                        ; 57 (53)     ; 5 (3)                     ; 0 (0)         ; 0           ; 0    ; 0            ; 0       ; 0         ; 0    ; 0            ; 6 (4)        ; 1 (0)             ; 50 (47)          ; |soft_nios|nios_ii:u0|nios_ii_cmd_xbar_mux:cmd_xbar_mux                                                                                                                                                                                                                                                                                                                          ; nios_ii      ;
;          |altera_merlin_arbitrator:arb|                                                                          ; 6 (6)       ; 2 (2)                     ; 0 (0)         ; 0           ; 0    ; 0            ; 0       ; 0         ; 0    ; 0            ; 2 (2)        ; 1 (1)             ; 3 (3)            ; |soft_nios|nios_ii:u0|nios_ii_cmd_xbar_mux:cmd_xbar_mux|altera_merlin_arbitrator:arb                                                                                                                                                                                                                                                                                             ; nios_ii      ;
;       |nios_ii_hex0:hex0|                                                                                        ; 17 (17)     ; 7 (7)                     ; 0 (0)         ; 0           ; 0    ; 0            ; 0       ; 0         ; 0    ; 0            ; 3 (3)        ; 7 (7)             ; 7 (7)            ; |soft_nios|nios_ii:u0|nios_ii_hex0:hex0                                                                                                                                                                                                                                                                                                                                          ; nios_ii      ;
;       |nios_ii_hex0:hex1|                                                                                        ; 16 (16)     ; 7 (7)                     ; 0 (0)         ; 0           ; 0    ; 0            ; 0       ; 0         ; 0    ; 0            ; 2 (2)        ; 7 (7)             ; 7 (7)            ; |soft_nios|nios_ii:u0|nios_ii_hex0:hex1                                                                                                                                                                                                                                                                                                                                          ; nios_ii      ;
;       |nios_ii_hex0:hex2|                                                                                        ; 16 (16)     ; 7 (7)                     ; 0 (0)         ; 0           ; 0    ; 0            ; 0       ; 0         ; 0    ; 0            ; 2 (2)        ; 7 (7)             ; 7 (7)            ; |soft_nios|nios_ii:u0|nios_ii_hex0:hex2                                                                                                                                                                                                                                                                                                                                          ; nios_ii      ;
;       |nios_ii_hex0:hex4|                                                                                        ; 17 (17)     ; 7 (7)                     ; 0 (0)         ; 0           ; 0    ; 0            ; 0       ; 0         ; 0    ; 0            ; 3 (3)        ; 7 (7)             ; 7 (7)            ; |soft_nios|nios_ii:u0|nios_ii_hex0:hex4                                                                                                                                                                                                                                                                                                                                          ; nios_ii      ;
;       |nios_ii_hex0:hex5|                                                                                        ; 17 (17)     ; 7 (7)                     ; 0 (0)         ; 0           ; 0    ; 0            ; 0       ; 0         ; 0    ; 0            ; 3 (3)        ; 7 (7)             ; 7 (7)            ; |soft_nios|nios_ii:u0|nios_ii_hex0:hex5                                                                                                                                                                                                                                                                                                                                          ; nios_ii      ;
;       |nios_ii_hex0:hex6|                                                                                        ; 16 (16)     ; 7 (7)                     ; 0 (0)         ; 0           ; 0    ; 0            ; 0       ; 0         ; 0    ; 0            ; 2 (2)        ; 7 (7)             ; 7 (7)            ; |soft_nios|nios_ii:u0|nios_ii_hex0:hex6                                                                                                                                                                                                                                                                                                                                          ; nios_ii      ;
;       |nios_ii_hex0:hex7|                                                                                        ; 16 (16)     ; 7 (7)                     ; 0 (0)         ; 0           ; 0    ; 0            ; 0       ; 0         ; 0    ; 0            ; 2 (2)        ; 7 (7)             ; 7 (7)            ; |soft_nios|nios_ii:u0|nios_ii_hex0:hex7                                                                                                                                                                                                                                                                                                                                          ; nios_ii      ;
;       |nios_ii_jtag_uart_0:jtag_uart_0|                                                                          ; 162 (39)    ; 112 (13)                  ; 0 (0)         ; 1024        ; 2    ; 0            ; 0       ; 0         ; 0    ; 0            ; 40 (16)      ; 22 (3)            ; 100 (20)         ; |soft_nios|nios_ii:u0|nios_ii_jtag_uart_0:jtag_uart_0                                                                                                                                                                                                                                                                                                                            ; nios_ii      ;
;          |alt_jtag_atlantic:nios_ii_jtag_uart_0_alt_jtag_atlantic|                                               ; 72 (72)     ; 59 (59)                   ; 0 (0)         ; 0           ; 0    ; 0            ; 0       ; 0         ; 0    ; 0            ; 13 (13)      ; 19 (19)           ; 40 (40)          ; |soft_nios|nios_ii:u0|nios_ii_jtag_uart_0:jtag_uart_0|alt_jtag_atlantic:nios_ii_jtag_uart_0_alt_jtag_atlantic                                                                                                                                                                                                                                                                    ; work         ;
;          |nios_ii_jtag_uart_0_scfifo_r:the_nios_ii_jtag_uart_0_scfifo_r|                                         ; 26 (0)      ; 20 (0)                    ; 0 (0)         ; 512         ; 1    ; 0            ; 0       ; 0         ; 0    ; 0            ; 6 (0)        ; 0 (0)             ; 20 (0)           ; |soft_nios|nios_ii:u0|nios_ii_jtag_uart_0:jtag_uart_0|nios_ii_jtag_uart_0_scfifo_r:the_nios_ii_jtag_uart_0_scfifo_r                                                                                                                                                                                                                                                              ; nios_ii      ;
;             |scfifo:rfifo|                                                                                       ; 26 (0)      ; 20 (0)                    ; 0 (0)         ; 512         ; 1    ; 0            ; 0       ; 0         ; 0    ; 0            ; 6 (0)        ; 0 (0)             ; 20 (0)           ; |soft_nios|nios_ii:u0|nios_ii_jtag_uart_0:jtag_uart_0|nios_ii_jtag_uart_0_scfifo_r:the_nios_ii_jtag_uart_0_scfifo_r|scfifo:rfifo                                                                                                                                                                                                                                                 ; work         ;
;                |scfifo_1n21:auto_generated|                                                                      ; 26 (0)      ; 20 (0)                    ; 0 (0)         ; 512         ; 1    ; 0            ; 0       ; 0         ; 0    ; 0            ; 6 (0)        ; 0 (0)             ; 20 (0)           ; |soft_nios|nios_ii:u0|nios_ii_jtag_uart_0:jtag_uart_0|nios_ii_jtag_uart_0_scfifo_r:the_nios_ii_jtag_uart_0_scfifo_r|scfifo:rfifo|scfifo_1n21:auto_generated                                                                                                                                                                                                                      ; work         ;
;                   |a_dpfifo_8t21:dpfifo|                                                                         ; 26 (0)      ; 20 (0)                    ; 0 (0)         ; 512         ; 1    ; 0            ; 0       ; 0         ; 0    ; 0            ; 6 (0)        ; 0 (0)             ; 20 (0)           ; |soft_nios|nios_ii:u0|nios_ii_jtag_uart_0:jtag_uart_0|nios_ii_jtag_uart_0_scfifo_r:the_nios_ii_jtag_uart_0_scfifo_r|scfifo:rfifo|scfifo_1n21:auto_generated|a_dpfifo_8t21:dpfifo                                                                                                                                                                                                 ; work         ;
;                      |a_fefifo_7cf:fifo_state|                                                                   ; 14 (8)      ; 8 (2)                     ; 0 (0)         ; 0           ; 0    ; 0            ; 0       ; 0         ; 0    ; 0            ; 6 (6)        ; 0 (0)             ; 8 (2)            ; |soft_nios|nios_ii:u0|nios_ii_jtag_uart_0:jtag_uart_0|nios_ii_jtag_uart_0_scfifo_r:the_nios_ii_jtag_uart_0_scfifo_r|scfifo:rfifo|scfifo_1n21:auto_generated|a_dpfifo_8t21:dpfifo|a_fefifo_7cf:fifo_state                                                                                                                                                                         ; work         ;
;                         |cntr_rj7:count_usedw|                                                                   ; 6 (6)       ; 6 (6)                     ; 0 (0)         ; 0           ; 0    ; 0            ; 0       ; 0         ; 0    ; 0            ; 0 (0)        ; 0 (0)             ; 6 (6)            ; |soft_nios|nios_ii:u0|nios_ii_jtag_uart_0:jtag_uart_0|nios_ii_jtag_uart_0_scfifo_r:the_nios_ii_jtag_uart_0_scfifo_r|scfifo:rfifo|scfifo_1n21:auto_generated|a_dpfifo_8t21:dpfifo|a_fefifo_7cf:fifo_state|cntr_rj7:count_usedw                                                                                                                                                    ; work         ;
;                      |cntr_fjb:rd_ptr_count|                                                                     ; 6 (6)       ; 6 (6)                     ; 0 (0)         ; 0           ; 0    ; 0            ; 0       ; 0         ; 0    ; 0            ; 0 (0)        ; 0 (0)             ; 6 (6)            ; |soft_nios|nios_ii:u0|nios_ii_jtag_uart_0:jtag_uart_0|nios_ii_jtag_uart_0_scfifo_r:the_nios_ii_jtag_uart_0_scfifo_r|scfifo:rfifo|scfifo_1n21:auto_generated|a_dpfifo_8t21:dpfifo|cntr_fjb:rd_ptr_count                                                                                                                                                                           ; work         ;
;                      |cntr_fjb:wr_ptr|                                                                           ; 6 (6)       ; 6 (6)                     ; 0 (0)         ; 0           ; 0    ; 0            ; 0       ; 0         ; 0    ; 0            ; 0 (0)        ; 0 (0)             ; 6 (6)            ; |soft_nios|nios_ii:u0|nios_ii_jtag_uart_0:jtag_uart_0|nios_ii_jtag_uart_0_scfifo_r:the_nios_ii_jtag_uart_0_scfifo_r|scfifo:rfifo|scfifo_1n21:auto_generated|a_dpfifo_8t21:dpfifo|cntr_fjb:wr_ptr                                                                                                                                                                                 ; work         ;
;                      |dpram_5h21:FIFOram|                                                                        ; 0 (0)       ; 0 (0)                     ; 0 (0)         ; 512         ; 1    ; 0            ; 0       ; 0         ; 0    ; 0            ; 0 (0)        ; 0 (0)             ; 0 (0)            ; |soft_nios|nios_ii:u0|nios_ii_jtag_uart_0:jtag_uart_0|nios_ii_jtag_uart_0_scfifo_r:the_nios_ii_jtag_uart_0_scfifo_r|scfifo:rfifo|scfifo_1n21:auto_generated|a_dpfifo_8t21:dpfifo|dpram_5h21:FIFOram                                                                                                                                                                              ; work         ;
;                         |altsyncram_9tl1:altsyncram2|                                                            ; 0 (0)       ; 0 (0)                     ; 0 (0)         ; 512         ; 1    ; 0            ; 0       ; 0         ; 0    ; 0            ; 0 (0)        ; 0 (0)             ; 0 (0)            ; |soft_nios|nios_ii:u0|nios_ii_jtag_uart_0:jtag_uart_0|nios_ii_jtag_uart_0_scfifo_r:the_nios_ii_jtag_uart_0_scfifo_r|scfifo:rfifo|scfifo_1n21:auto_generated|a_dpfifo_8t21:dpfifo|dpram_5h21:FIFOram|altsyncram_9tl1:altsyncram2                                                                                                                                                  ; work         ;
;          |nios_ii_jtag_uart_0_scfifo_w:the_nios_ii_jtag_uart_0_scfifo_w|                                         ; 25 (0)      ; 20 (0)                    ; 0 (0)         ; 512         ; 1    ; 0            ; 0       ; 0         ; 0    ; 0            ; 5 (0)        ; 0 (0)             ; 20 (0)           ; |soft_nios|nios_ii:u0|nios_ii_jtag_uart_0:jtag_uart_0|nios_ii_jtag_uart_0_scfifo_w:the_nios_ii_jtag_uart_0_scfifo_w                                                                                                                                                                                                                                                              ; nios_ii      ;
;             |scfifo:wfifo|                                                                                       ; 25 (0)      ; 20 (0)                    ; 0 (0)         ; 512         ; 1    ; 0            ; 0       ; 0         ; 0    ; 0            ; 5 (0)        ; 0 (0)             ; 20 (0)           ; |soft_nios|nios_ii:u0|nios_ii_jtag_uart_0:jtag_uart_0|nios_ii_jtag_uart_0_scfifo_w:the_nios_ii_jtag_uart_0_scfifo_w|scfifo:wfifo                                                                                                                                                                                                                                                 ; work         ;
;                |scfifo_1n21:auto_generated|                                                                      ; 25 (0)      ; 20 (0)                    ; 0 (0)         ; 512         ; 1    ; 0            ; 0       ; 0         ; 0    ; 0            ; 5 (0)        ; 0 (0)             ; 20 (0)           ; |soft_nios|nios_ii:u0|nios_ii_jtag_uart_0:jtag_uart_0|nios_ii_jtag_uart_0_scfifo_w:the_nios_ii_jtag_uart_0_scfifo_w|scfifo:wfifo|scfifo_1n21:auto_generated                                                                                                                                                                                                                      ; work         ;
;                   |a_dpfifo_8t21:dpfifo|                                                                         ; 25 (0)      ; 20 (0)                    ; 0 (0)         ; 512         ; 1    ; 0            ; 0       ; 0         ; 0    ; 0            ; 5 (0)        ; 0 (0)             ; 20 (0)           ; |soft_nios|nios_ii:u0|nios_ii_jtag_uart_0:jtag_uart_0|nios_ii_jtag_uart_0_scfifo_w:the_nios_ii_jtag_uart_0_scfifo_w|scfifo:wfifo|scfifo_1n21:auto_generated|a_dpfifo_8t21:dpfifo                                                                                                                                                                                                 ; work         ;
;                      |a_fefifo_7cf:fifo_state|                                                                   ; 13 (7)      ; 8 (2)                     ; 0 (0)         ; 0           ; 0    ; 0            ; 0       ; 0         ; 0    ; 0            ; 5 (5)        ; 0 (0)             ; 8 (2)            ; |soft_nios|nios_ii:u0|nios_ii_jtag_uart_0:jtag_uart_0|nios_ii_jtag_uart_0_scfifo_w:the_nios_ii_jtag_uart_0_scfifo_w|scfifo:wfifo|scfifo_1n21:auto_generated|a_dpfifo_8t21:dpfifo|a_fefifo_7cf:fifo_state                                                                                                                                                                         ; work         ;
;                         |cntr_rj7:count_usedw|                                                                   ; 6 (6)       ; 6 (6)                     ; 0 (0)         ; 0           ; 0    ; 0            ; 0       ; 0         ; 0    ; 0            ; 0 (0)        ; 0 (0)             ; 6 (6)            ; |soft_nios|nios_ii:u0|nios_ii_jtag_uart_0:jtag_uart_0|nios_ii_jtag_uart_0_scfifo_w:the_nios_ii_jtag_uart_0_scfifo_w|scfifo:wfifo|scfifo_1n21:auto_generated|a_dpfifo_8t21:dpfifo|a_fefifo_7cf:fifo_state|cntr_rj7:count_usedw                                                                                                                                                    ; work         ;
;                      |cntr_fjb:rd_ptr_count|                                                                     ; 6 (6)       ; 6 (6)                     ; 0 (0)         ; 0           ; 0    ; 0            ; 0       ; 0         ; 0    ; 0            ; 0 (0)        ; 0 (0)             ; 6 (6)            ; |soft_nios|nios_ii:u0|nios_ii_jtag_uart_0:jtag_uart_0|nios_ii_jtag_uart_0_scfifo_w:the_nios_ii_jtag_uart_0_scfifo_w|scfifo:wfifo|scfifo_1n21:auto_generated|a_dpfifo_8t21:dpfifo|cntr_fjb:rd_ptr_count                                                                                                                                                                           ; work         ;
;                      |cntr_fjb:wr_ptr|                                                                           ; 6 (6)       ; 6 (6)                     ; 0 (0)         ; 0           ; 0    ; 0            ; 0       ; 0         ; 0    ; 0            ; 0 (0)        ; 0 (0)             ; 6 (6)            ; |soft_nios|nios_ii:u0|nios_ii_jtag_uart_0:jtag_uart_0|nios_ii_jtag_uart_0_scfifo_w:the_nios_ii_jtag_uart_0_scfifo_w|scfifo:wfifo|scfifo_1n21:auto_generated|a_dpfifo_8t21:dpfifo|cntr_fjb:wr_ptr                                                                                                                                                                                 ; work         ;
;                      |dpram_5h21:FIFOram|                                                                        ; 0 (0)       ; 0 (0)                     ; 0 (0)         ; 512         ; 1    ; 0            ; 0       ; 0         ; 0    ; 0            ; 0 (0)        ; 0 (0)             ; 0 (0)            ; |soft_nios|nios_ii:u0|nios_ii_jtag_uart_0:jtag_uart_0|nios_ii_jtag_uart_0_scfifo_w:the_nios_ii_jtag_uart_0_scfifo_w|scfifo:wfifo|scfifo_1n21:auto_generated|a_dpfifo_8t21:dpfifo|dpram_5h21:FIFOram                                                                                                                                                                              ; work         ;
;                         |altsyncram_9tl1:altsyncram2|                                                            ; 0 (0)       ; 0 (0)                     ; 0 (0)         ; 512         ; 1    ; 0            ; 0       ; 0         ; 0    ; 0            ; 0 (0)        ; 0 (0)             ; 0 (0)            ; |soft_nios|nios_ii:u0|nios_ii_jtag_uart_0:jtag_uart_0|nios_ii_jtag_uart_0_scfifo_w:the_nios_ii_jtag_uart_0_scfifo_w|scfifo:wfifo|scfifo_1n21:auto_generated|a_dpfifo_8t21:dpfifo|dpram_5h21:FIFOram|altsyncram_9tl1:altsyncram2                                                                                                                                                  ; work         ;
;       |nios_ii_jtag_uart_0_avalon_jtag_slave_translator:jtag_uart_0_avalon_jtag_slave_translator|                ; 23 (0)      ; 23 (0)                    ; 0 (0)         ; 0           ; 0    ; 0            ; 0       ; 0         ; 0    ; 0            ; 0 (0)        ; 2 (0)             ; 21 (0)           ; |soft_nios|nios_ii:u0|nios_ii_jtag_uart_0_avalon_jtag_slave_translator:jtag_uart_0_avalon_jtag_slave_translator                                                                                                                                                                                                                                                                  ; nios_ii      ;
;          |altera_merlin_slave_translator:jtag_uart_0_avalon_jtag_slave_translator|                               ; 23 (23)     ; 23 (23)                   ; 0 (0)         ; 0           ; 0    ; 0            ; 0       ; 0         ; 0    ; 0            ; 0 (0)        ; 2 (2)             ; 21 (21)          ; |soft_nios|nios_ii:u0|nios_ii_jtag_uart_0_avalon_jtag_slave_translator:jtag_uart_0_avalon_jtag_slave_translator|altera_merlin_slave_translator:jtag_uart_0_avalon_jtag_slave_translator                                                                                                                                                                                          ; nios_ii      ;
;       |nios_ii_leds:leds|                                                                                        ; 23 (23)     ; 10 (10)                   ; 0 (0)         ; 0           ; 0    ; 0            ; 0       ; 0         ; 0    ; 0            ; 3 (3)        ; 10 (10)           ; 10 (10)          ; |soft_nios|nios_ii:u0|nios_ii_leds:leds                                                                                                                                                                                                                                                                                                                                          ; nios_ii      ;
;       |nios_ii_leds_s1_translator:hex0_s1_translator|                                                            ; 14 (0)      ; 10 (0)                    ; 0 (0)         ; 0           ; 0    ; 0            ; 0       ; 0         ; 0    ; 0            ; 4 (0)        ; 0 (0)             ; 10 (0)           ; |soft_nios|nios_ii:u0|nios_ii_leds_s1_translator:hex0_s1_translator                                                                                                                                                                                                                                                                                                              ; nios_ii      ;
;          |altera_merlin_slave_translator:leds_s1_translator|                                                     ; 14 (14)     ; 10 (10)                   ; 0 (0)         ; 0           ; 0    ; 0            ; 0       ; 0         ; 0    ; 0            ; 4 (4)        ; 0 (0)             ; 10 (10)          ; |soft_nios|nios_ii:u0|nios_ii_leds_s1_translator:hex0_s1_translator|altera_merlin_slave_translator:leds_s1_translator                                                                                                                                                                                                                                                            ; nios_ii      ;
;       |nios_ii_leds_s1_translator:hex1_s1_translator|                                                            ; 14 (0)      ; 10 (0)                    ; 0 (0)         ; 0           ; 0    ; 0            ; 0       ; 0         ; 0    ; 0            ; 4 (0)        ; 0 (0)             ; 10 (0)           ; |soft_nios|nios_ii:u0|nios_ii_leds_s1_translator:hex1_s1_translator                                                                                                                                                                                                                                                                                                              ; nios_ii      ;
;          |altera_merlin_slave_translator:leds_s1_translator|                                                     ; 14 (14)     ; 10 (10)                   ; 0 (0)         ; 0           ; 0    ; 0            ; 0       ; 0         ; 0    ; 0            ; 4 (4)        ; 0 (0)             ; 10 (10)          ; |soft_nios|nios_ii:u0|nios_ii_leds_s1_translator:hex1_s1_translator|altera_merlin_slave_translator:leds_s1_translator                                                                                                                                                                                                                                                            ; nios_ii      ;
;       |nios_ii_leds_s1_translator:hex2_s1_translator|                                                            ; 14 (0)      ; 10 (0)                    ; 0 (0)         ; 0           ; 0    ; 0            ; 0       ; 0         ; 0    ; 0            ; 4 (0)        ; 0 (0)             ; 10 (0)           ; |soft_nios|nios_ii:u0|nios_ii_leds_s1_translator:hex2_s1_translator                                                                                                                                                                                                                                                                                                              ; nios_ii      ;
;          |altera_merlin_slave_translator:leds_s1_translator|                                                     ; 14 (14)     ; 10 (10)                   ; 0 (0)         ; 0           ; 0    ; 0            ; 0       ; 0         ; 0    ; 0            ; 4 (4)        ; 0 (0)             ; 10 (10)          ; |soft_nios|nios_ii:u0|nios_ii_leds_s1_translator:hex2_s1_translator|altera_merlin_slave_translator:leds_s1_translator                                                                                                                                                                                                                                                            ; nios_ii      ;
;       |nios_ii_leds_s1_translator:hex4_s1_translator|                                                            ; 13 (0)      ; 10 (0)                    ; 0 (0)         ; 0           ; 0    ; 0            ; 0       ; 0         ; 0    ; 0            ; 3 (0)        ; 0 (0)             ; 10 (0)           ; |soft_nios|nios_ii:u0|nios_ii_leds_s1_translator:hex4_s1_translator                                                                                                                                                                                                                                                                                                              ; nios_ii      ;
;          |altera_merlin_slave_translator:leds_s1_translator|                                                     ; 13 (13)     ; 10 (10)                   ; 0 (0)         ; 0           ; 0    ; 0            ; 0       ; 0         ; 0    ; 0            ; 3 (3)        ; 0 (0)             ; 10 (10)          ; |soft_nios|nios_ii:u0|nios_ii_leds_s1_translator:hex4_s1_translator|altera_merlin_slave_translator:leds_s1_translator                                                                                                                                                                                                                                                            ; nios_ii      ;
;       |nios_ii_leds_s1_translator:hex5_s1_translator|                                                            ; 13 (0)      ; 10 (0)                    ; 0 (0)         ; 0           ; 0    ; 0            ; 0       ; 0         ; 0    ; 0            ; 3 (0)        ; 0 (0)             ; 10 (0)           ; |soft_nios|nios_ii:u0|nios_ii_leds_s1_translator:hex5_s1_translator                                                                                                                                                                                                                                                                                                              ; nios_ii      ;
;          |altera_merlin_slave_translator:leds_s1_translator|                                                     ; 13 (13)     ; 10 (10)                   ; 0 (0)         ; 0           ; 0    ; 0            ; 0       ; 0         ; 0    ; 0            ; 3 (3)        ; 0 (0)             ; 10 (10)          ; |soft_nios|nios_ii:u0|nios_ii_leds_s1_translator:hex5_s1_translator|altera_merlin_slave_translator:leds_s1_translator                                                                                                                                                                                                                                                            ; nios_ii      ;
;       |nios_ii_leds_s1_translator:hex6_s1_translator|                                                            ; 16 (0)      ; 10 (0)                    ; 0 (0)         ; 0           ; 0    ; 0            ; 0       ; 0         ; 0    ; 0            ; 6 (0)        ; 0 (0)             ; 10 (0)           ; |soft_nios|nios_ii:u0|nios_ii_leds_s1_translator:hex6_s1_translator                                                                                                                                                                                                                                                                                                              ; nios_ii      ;
;          |altera_merlin_slave_translator:leds_s1_translator|                                                     ; 16 (16)     ; 10 (10)                   ; 0 (0)         ; 0           ; 0    ; 0            ; 0       ; 0         ; 0    ; 0            ; 6 (6)        ; 0 (0)             ; 10 (10)          ; |soft_nios|nios_ii:u0|nios_ii_leds_s1_translator:hex6_s1_translator|altera_merlin_slave_translator:leds_s1_translator                                                                                                                                                                                                                                                            ; nios_ii      ;
;       |nios_ii_leds_s1_translator:hex7_s1_translator|                                                            ; 16 (0)      ; 11 (0)                    ; 0 (0)         ; 0           ; 0    ; 0            ; 0       ; 0         ; 0    ; 0            ; 5 (0)        ; 0 (0)             ; 11 (0)           ; |soft_nios|nios_ii:u0|nios_ii_leds_s1_translator:hex7_s1_translator                                                                                                                                                                                                                                                                                                              ; nios_ii      ;
;          |altera_merlin_slave_translator:leds_s1_translator|                                                     ; 16 (16)     ; 11 (11)                   ; 0 (0)         ; 0           ; 0    ; 0            ; 0       ; 0         ; 0    ; 0            ; 5 (5)        ; 0 (0)             ; 11 (11)          ; |soft_nios|nios_ii:u0|nios_ii_leds_s1_translator:hex7_s1_translator|altera_merlin_slave_translator:leds_s1_translator                                                                                                                                                                                                                                                            ; nios_ii      ;
;       |nios_ii_leds_s1_translator:leds_s1_translator|                                                            ; 21 (0)      ; 14 (0)                    ; 0 (0)         ; 0           ; 0    ; 0            ; 0       ; 0         ; 0    ; 0            ; 7 (0)        ; 0 (0)             ; 14 (0)           ; |soft_nios|nios_ii:u0|nios_ii_leds_s1_translator:leds_s1_translator                                                                                                                                                                                                                                                                                                              ; nios_ii      ;
;          |altera_merlin_slave_translator:leds_s1_translator|                                                     ; 21 (21)     ; 14 (14)                   ; 0 (0)         ; 0           ; 0    ; 0            ; 0       ; 0         ; 0    ; 0            ; 7 (7)        ; 0 (0)             ; 14 (14)          ; |soft_nios|nios_ii:u0|nios_ii_leds_s1_translator:leds_s1_translator|altera_merlin_slave_translator:leds_s1_translator                                                                                                                                                                                                                                                            ; nios_ii      ;
;       |nios_ii_nios2_qsys_0:nios2_qsys_0|                                                                        ; 1058 (675)  ; 573 (303)                 ; 0 (0)         ; 10240       ; 4    ; 0            ; 0       ; 0         ; 0    ; 0            ; 465 (352)    ; 47 (4)            ; 546 (320)        ; |soft_nios|nios_ii:u0|nios_ii_nios2_qsys_0:nios2_qsys_0                                                                                                                                                                                                                                                                                                                          ; nios_ii      ;
;          |nios_ii_nios2_qsys_0_nios2_oci:the_nios_ii_nios2_qsys_0_nios2_oci|                                     ; 382 (81)    ; 269 (80)                  ; 0 (0)         ; 8192        ; 2    ; 0            ; 0       ; 0         ; 0    ; 0            ; 113 (1)      ; 43 (1)            ; 226 (79)         ; |soft_nios|nios_ii:u0|nios_ii_nios2_qsys_0:nios2_qsys_0|nios_ii_nios2_qsys_0_nios2_oci:the_nios_ii_nios2_qsys_0_nios2_oci                                                                                                                                                                                                                                                        ; nios_ii      ;
;             |nios_ii_nios2_qsys_0_jtag_debug_module_wrapper:the_nios_ii_nios2_qsys_0_jtag_debug_module_wrapper|  ; 138 (0)     ; 96 (0)                    ; 0 (0)         ; 0           ; 0    ; 0            ; 0       ; 0         ; 0    ; 0            ; 42 (0)       ; 41 (0)            ; 55 (0)           ; |soft_nios|nios_ii:u0|nios_ii_nios2_qsys_0:nios2_qsys_0|nios_ii_nios2_qsys_0_nios2_oci:the_nios_ii_nios2_qsys_0_nios2_oci|nios_ii_nios2_qsys_0_jtag_debug_module_wrapper:the_nios_ii_nios2_qsys_0_jtag_debug_module_wrapper                                                                                                                                                      ; nios_ii      ;
;                |nios_ii_nios2_qsys_0_jtag_debug_module_sysclk:the_nios_ii_nios2_qsys_0_jtag_debug_module_sysclk| ; 49 (45)     ; 49 (45)                   ; 0 (0)         ; 0           ; 0    ; 0            ; 0       ; 0         ; 0    ; 0            ; 0 (0)        ; 37 (35)           ; 12 (10)          ; |soft_nios|nios_ii:u0|nios_ii_nios2_qsys_0:nios2_qsys_0|nios_ii_nios2_qsys_0_nios2_oci:the_nios_ii_nios2_qsys_0_nios2_oci|nios_ii_nios2_qsys_0_jtag_debug_module_wrapper:the_nios_ii_nios2_qsys_0_jtag_debug_module_wrapper|nios_ii_nios2_qsys_0_jtag_debug_module_sysclk:the_nios_ii_nios2_qsys_0_jtag_debug_module_sysclk                                                      ; nios_ii      ;
;                   |altera_std_synchronizer:the_altera_std_synchronizer3|                                         ; 2 (2)       ; 2 (2)                     ; 0 (0)         ; 0           ; 0    ; 0            ; 0       ; 0         ; 0    ; 0            ; 0 (0)        ; 1 (1)             ; 1 (1)            ; |soft_nios|nios_ii:u0|nios_ii_nios2_qsys_0:nios2_qsys_0|nios_ii_nios2_qsys_0_nios2_oci:the_nios_ii_nios2_qsys_0_nios2_oci|nios_ii_nios2_qsys_0_jtag_debug_module_wrapper:the_nios_ii_nios2_qsys_0_jtag_debug_module_wrapper|nios_ii_nios2_qsys_0_jtag_debug_module_sysclk:the_nios_ii_nios2_qsys_0_jtag_debug_module_sysclk|altera_std_synchronizer:the_altera_std_synchronizer3 ; work         ;
;                   |altera_std_synchronizer:the_altera_std_synchronizer4|                                         ; 2 (2)       ; 2 (2)                     ; 0 (0)         ; 0           ; 0    ; 0            ; 0       ; 0         ; 0    ; 0            ; 0 (0)        ; 1 (1)             ; 1 (1)            ; |soft_nios|nios_ii:u0|nios_ii_nios2_qsys_0:nios2_qsys_0|nios_ii_nios2_qsys_0_nios2_oci:the_nios_ii_nios2_qsys_0_nios2_oci|nios_ii_nios2_qsys_0_jtag_debug_module_wrapper:the_nios_ii_nios2_qsys_0_jtag_debug_module_wrapper|nios_ii_nios2_qsys_0_jtag_debug_module_sysclk:the_nios_ii_nios2_qsys_0_jtag_debug_module_sysclk|altera_std_synchronizer:the_altera_std_synchronizer4 ; work         ;
;                |nios_ii_nios2_qsys_0_jtag_debug_module_tck:the_nios_ii_nios2_qsys_0_jtag_debug_module_tck|       ; 87 (83)     ; 47 (43)                   ; 0 (0)         ; 0           ; 0    ; 0            ; 0       ; 0         ; 0    ; 0            ; 40 (40)      ; 4 (2)             ; 43 (43)          ; |soft_nios|nios_ii:u0|nios_ii_nios2_qsys_0:nios2_qsys_0|nios_ii_nios2_qsys_0_nios2_oci:the_nios_ii_nios2_qsys_0_nios2_oci|nios_ii_nios2_qsys_0_jtag_debug_module_wrapper:the_nios_ii_nios2_qsys_0_jtag_debug_module_wrapper|nios_ii_nios2_qsys_0_jtag_debug_module_tck:the_nios_ii_nios2_qsys_0_jtag_debug_module_tck                                                            ; nios_ii      ;
;                   |altera_std_synchronizer:the_altera_std_synchronizer1|                                         ; 2 (2)       ; 2 (2)                     ; 0 (0)         ; 0           ; 0    ; 0            ; 0       ; 0         ; 0    ; 0            ; 0 (0)        ; 1 (1)             ; 1 (1)            ; |soft_nios|nios_ii:u0|nios_ii_nios2_qsys_0:nios2_qsys_0|nios_ii_nios2_qsys_0_nios2_oci:the_nios_ii_nios2_qsys_0_nios2_oci|nios_ii_nios2_qsys_0_jtag_debug_module_wrapper:the_nios_ii_nios2_qsys_0_jtag_debug_module_wrapper|nios_ii_nios2_qsys_0_jtag_debug_module_tck:the_nios_ii_nios2_qsys_0_jtag_debug_module_tck|altera_std_synchronizer:the_altera_std_synchronizer1       ; work         ;
;                   |altera_std_synchronizer:the_altera_std_synchronizer2|                                         ; 2 (2)       ; 2 (2)                     ; 0 (0)         ; 0           ; 0    ; 0            ; 0       ; 0         ; 0    ; 0            ; 0 (0)        ; 1 (1)             ; 1 (1)            ; |soft_nios|nios_ii:u0|nios_ii_nios2_qsys_0:nios2_qsys_0|nios_ii_nios2_qsys_0_nios2_oci:the_nios_ii_nios2_qsys_0_nios2_oci|nios_ii_nios2_qsys_0_jtag_debug_module_wrapper:the_nios_ii_nios2_qsys_0_jtag_debug_module_wrapper|nios_ii_nios2_qsys_0_jtag_debug_module_tck:the_nios_ii_nios2_qsys_0_jtag_debug_module_tck|altera_std_synchronizer:the_altera_std_synchronizer2       ; work         ;
;                |sld_virtual_jtag_basic:nios_ii_nios2_qsys_0_jtag_debug_module_phy|                               ; 4 (4)       ; 0 (0)                     ; 0 (0)         ; 0           ; 0    ; 0            ; 0       ; 0         ; 0    ; 0            ; 2 (2)        ; 0 (0)             ; 2 (2)            ; |soft_nios|nios_ii:u0|nios_ii_nios2_qsys_0:nios2_qsys_0|nios_ii_nios2_qsys_0_nios2_oci:the_nios_ii_nios2_qsys_0_nios2_oci|nios_ii_nios2_qsys_0_jtag_debug_module_wrapper:the_nios_ii_nios2_qsys_0_jtag_debug_module_wrapper|sld_virtual_jtag_basic:nios_ii_nios2_qsys_0_jtag_debug_module_phy                                                                                    ; work         ;
;             |nios_ii_nios2_qsys_0_nios2_avalon_reg:the_nios_ii_nios2_qsys_0_nios2_avalon_reg|                    ; 10 (10)     ; 3 (3)                     ; 0 (0)         ; 0           ; 0    ; 0            ; 0       ; 0         ; 0    ; 0            ; 7 (7)        ; 0 (0)             ; 3 (3)            ; |soft_nios|nios_ii:u0|nios_ii_nios2_qsys_0:nios2_qsys_0|nios_ii_nios2_qsys_0_nios2_oci:the_nios_ii_nios2_qsys_0_nios2_oci|nios_ii_nios2_qsys_0_nios2_avalon_reg:the_nios_ii_nios2_qsys_0_nios2_avalon_reg                                                                                                                                                                        ; nios_ii      ;
;             |nios_ii_nios2_qsys_0_nios2_oci_break:the_nios_ii_nios2_qsys_0_nios2_oci_break|                      ; 32 (32)     ; 32 (32)                   ; 0 (0)         ; 0           ; 0    ; 0            ; 0       ; 0         ; 0    ; 0            ; 0 (0)        ; 0 (0)             ; 32 (32)          ; |soft_nios|nios_ii:u0|nios_ii_nios2_qsys_0:nios2_qsys_0|nios_ii_nios2_qsys_0_nios2_oci:the_nios_ii_nios2_qsys_0_nios2_oci|nios_ii_nios2_qsys_0_nios2_oci_break:the_nios_ii_nios2_qsys_0_nios2_oci_break                                                                                                                                                                          ; nios_ii      ;
;             |nios_ii_nios2_qsys_0_nios2_oci_debug:the_nios_ii_nios2_qsys_0_nios2_oci_debug|                      ; 12 (10)     ; 9 (7)                     ; 0 (0)         ; 0           ; 0    ; 0            ; 0       ; 0         ; 0    ; 0            ; 1 (1)        ; 1 (0)             ; 10 (9)           ; |soft_nios|nios_ii:u0|nios_ii_nios2_qsys_0:nios2_qsys_0|nios_ii_nios2_qsys_0_nios2_oci:the_nios_ii_nios2_qsys_0_nios2_oci|nios_ii_nios2_qsys_0_nios2_oci_debug:the_nios_ii_nios2_qsys_0_nios2_oci_debug                                                                                                                                                                          ; nios_ii      ;
;                |altera_std_synchronizer:the_altera_std_synchronizer|                                             ; 2 (2)       ; 2 (2)                     ; 0 (0)         ; 0           ; 0    ; 0            ; 0       ; 0         ; 0    ; 0            ; 0 (0)        ; 1 (1)             ; 1 (1)            ; |soft_nios|nios_ii:u0|nios_ii_nios2_qsys_0:nios2_qsys_0|nios_ii_nios2_qsys_0_nios2_oci:the_nios_ii_nios2_qsys_0_nios2_oci|nios_ii_nios2_qsys_0_nios2_oci_debug:the_nios_ii_nios2_qsys_0_nios2_oci_debug|altera_std_synchronizer:the_altera_std_synchronizer                                                                                                                      ; work         ;
;             |nios_ii_nios2_qsys_0_nios2_ocimem:the_nios_ii_nios2_qsys_0_nios2_ocimem|                            ; 112 (112)   ; 49 (49)                   ; 0 (0)         ; 8192        ; 2    ; 0            ; 0       ; 0         ; 0    ; 0            ; 62 (62)      ; 0 (0)             ; 50 (50)          ; |soft_nios|nios_ii:u0|nios_ii_nios2_qsys_0:nios2_qsys_0|nios_ii_nios2_qsys_0_nios2_oci:the_nios_ii_nios2_qsys_0_nios2_oci|nios_ii_nios2_qsys_0_nios2_ocimem:the_nios_ii_nios2_qsys_0_nios2_ocimem                                                                                                                                                                                ; nios_ii      ;
;                |nios_ii_nios2_qsys_0_ociram_sp_ram_module:nios_ii_nios2_qsys_0_ociram_sp_ram|                    ; 0 (0)       ; 0 (0)                     ; 0 (0)         ; 8192        ; 2    ; 0            ; 0       ; 0         ; 0    ; 0            ; 0 (0)        ; 0 (0)             ; 0 (0)            ; |soft_nios|nios_ii:u0|nios_ii_nios2_qsys_0:nios2_qsys_0|nios_ii_nios2_qsys_0_nios2_oci:the_nios_ii_nios2_qsys_0_nios2_oci|nios_ii_nios2_qsys_0_nios2_ocimem:the_nios_ii_nios2_qsys_0_nios2_ocimem|nios_ii_nios2_qsys_0_ociram_sp_ram_module:nios_ii_nios2_qsys_0_ociram_sp_ram                                                                                                   ; nios_ii      ;
;                   |altsyncram:the_altsyncram|                                                                    ; 0 (0)       ; 0 (0)                     ; 0 (0)         ; 8192        ; 2    ; 0            ; 0       ; 0         ; 0    ; 0            ; 0 (0)        ; 0 (0)             ; 0 (0)            ; |soft_nios|nios_ii:u0|nios_ii_nios2_qsys_0:nios2_qsys_0|nios_ii_nios2_qsys_0_nios2_oci:the_nios_ii_nios2_qsys_0_nios2_oci|nios_ii_nios2_qsys_0_nios2_ocimem:the_nios_ii_nios2_qsys_0_nios2_ocimem|nios_ii_nios2_qsys_0_ociram_sp_ram_module:nios_ii_nios2_qsys_0_ociram_sp_ram|altsyncram:the_altsyncram                                                                         ; work         ;
;                      |altsyncram_u881:auto_generated|                                                            ; 0 (0)       ; 0 (0)                     ; 0 (0)         ; 8192        ; 2    ; 0            ; 0       ; 0         ; 0    ; 0            ; 0 (0)        ; 0 (0)             ; 0 (0)            ; |soft_nios|nios_ii:u0|nios_ii_nios2_qsys_0:nios2_qsys_0|nios_ii_nios2_qsys_0_nios2_oci:the_nios_ii_nios2_qsys_0_nios2_oci|nios_ii_nios2_qsys_0_nios2_ocimem:the_nios_ii_nios2_qsys_0_nios2_ocimem|nios_ii_nios2_qsys_0_ociram_sp_ram_module:nios_ii_nios2_qsys_0_ociram_sp_ram|altsyncram:the_altsyncram|altsyncram_u881:auto_generated                                          ; work         ;
;          |nios_ii_nios2_qsys_0_register_bank_a_module:nios_ii_nios2_qsys_0_register_bank_a|                      ; 0 (0)       ; 0 (0)                     ; 0 (0)         ; 1024        ; 1    ; 0            ; 0       ; 0         ; 0    ; 0            ; 0 (0)        ; 0 (0)             ; 0 (0)            ; |soft_nios|nios_ii:u0|nios_ii_nios2_qsys_0:nios2_qsys_0|nios_ii_nios2_qsys_0_register_bank_a_module:nios_ii_nios2_qsys_0_register_bank_a                                                                                                                                                                                                                                         ; nios_ii      ;
;             |altsyncram:the_altsyncram|                                                                          ; 0 (0)       ; 0 (0)                     ; 0 (0)         ; 1024        ; 1    ; 0            ; 0       ; 0         ; 0    ; 0            ; 0 (0)        ; 0 (0)             ; 0 (0)            ; |soft_nios|nios_ii:u0|nios_ii_nios2_qsys_0:nios2_qsys_0|nios_ii_nios2_qsys_0_register_bank_a_module:nios_ii_nios2_qsys_0_register_bank_a|altsyncram:the_altsyncram                                                                                                                                                                                                               ; work         ;
;                |altsyncram_qrg1:auto_generated|                                                                  ; 0 (0)       ; 0 (0)                     ; 0 (0)         ; 1024        ; 1    ; 0            ; 0       ; 0         ; 0    ; 0            ; 0 (0)        ; 0 (0)             ; 0 (0)            ; |soft_nios|nios_ii:u0|nios_ii_nios2_qsys_0:nios2_qsys_0|nios_ii_nios2_qsys_0_register_bank_a_module:nios_ii_nios2_qsys_0_register_bank_a|altsyncram:the_altsyncram|altsyncram_qrg1:auto_generated                                                                                                                                                                                ; work         ;
;          |nios_ii_nios2_qsys_0_register_bank_b_module:nios_ii_nios2_qsys_0_register_bank_b|                      ; 0 (0)       ; 0 (0)                     ; 0 (0)         ; 1024        ; 1    ; 0            ; 0       ; 0         ; 0    ; 0            ; 0 (0)        ; 0 (0)             ; 0 (0)            ; |soft_nios|nios_ii:u0|nios_ii_nios2_qsys_0:nios2_qsys_0|nios_ii_nios2_qsys_0_register_bank_b_module:nios_ii_nios2_qsys_0_register_bank_b                                                                                                                                                                                                                                         ; nios_ii      ;
;             |altsyncram:the_altsyncram|                                                                          ; 0 (0)       ; 0 (0)                     ; 0 (0)         ; 1024        ; 1    ; 0            ; 0       ; 0         ; 0    ; 0            ; 0 (0)        ; 0 (0)             ; 0 (0)            ; |soft_nios|nios_ii:u0|nios_ii_nios2_qsys_0:nios2_qsys_0|nios_ii_nios2_qsys_0_register_bank_b_module:nios_ii_nios2_qsys_0_register_bank_b|altsyncram:the_altsyncram                                                                                                                                                                                                               ; work         ;
;                |altsyncram_rrg1:auto_generated|                                                                  ; 0 (0)       ; 0 (0)                     ; 0 (0)         ; 1024        ; 1    ; 0            ; 0       ; 0         ; 0    ; 0            ; 0 (0)        ; 0 (0)             ; 0 (0)            ; |soft_nios|nios_ii:u0|nios_ii_nios2_qsys_0:nios2_qsys_0|nios_ii_nios2_qsys_0_register_bank_b_module:nios_ii_nios2_qsys_0_register_bank_b|altsyncram:the_altsyncram|altsyncram_rrg1:auto_generated                                                                                                                                                                                ; work         ;
;          |nios_ii_nios2_qsys_0_test_bench:the_nios_ii_nios2_qsys_0_test_bench|                                   ; 1 (1)       ; 1 (1)                     ; 0 (0)         ; 0           ; 0    ; 0            ; 0       ; 0         ; 0    ; 0            ; 0 (0)        ; 0 (0)             ; 1 (1)            ; |soft_nios|nios_ii:u0|nios_ii_nios2_qsys_0:nios2_qsys_0|nios_ii_nios2_qsys_0_test_bench:the_nios_ii_nios2_qsys_0_test_bench                                                                                                                                                                                                                                                      ; nios_ii      ;
;       |nios_ii_nios2_qsys_0_data_master_translator:nios2_qsys_0_data_master_translator|                          ; 11 (0)      ; 3 (0)                     ; 0 (0)         ; 0           ; 0    ; 0            ; 0       ; 0         ; 0    ; 0            ; 8 (0)        ; 0 (0)             ; 3 (0)            ; |soft_nios|nios_ii:u0|nios_ii_nios2_qsys_0_data_master_translator:nios2_qsys_0_data_master_translator                                                                                                                                                                                                                                                                            ; nios_ii      ;
;          |altera_merlin_master_translator:nios2_qsys_0_data_master_translator|                                   ; 11 (11)     ; 3 (3)                     ; 0 (0)         ; 0           ; 0    ; 0            ; 0       ; 0         ; 0    ; 0            ; 8 (8)        ; 0 (0)             ; 3 (3)            ; |soft_nios|nios_ii:u0|nios_ii_nios2_qsys_0_data_master_translator:nios2_qsys_0_data_master_translator|altera_merlin_master_translator:nios2_qsys_0_data_master_translator                                                                                                                                                                                                        ; nios_ii      ;
;       |nios_ii_nios2_qsys_0_instruction_master_translator:nios2_qsys_0_instruction_master_translator|            ; 4 (0)       ; 1 (0)                     ; 0 (0)         ; 0           ; 0    ; 0            ; 0       ; 0         ; 0    ; 0            ; 3 (0)        ; 0 (0)             ; 1 (0)            ; |soft_nios|nios_ii:u0|nios_ii_nios2_qsys_0_instruction_master_translator:nios2_qsys_0_instruction_master_translator                                                                                                                                                                                                                                                              ; nios_ii      ;
;          |altera_merlin_master_translator:nios2_qsys_0_instruction_master_translator|                            ; 4 (4)       ; 1 (1)                     ; 0 (0)         ; 0           ; 0    ; 0            ; 0       ; 0         ; 0    ; 0            ; 3 (3)        ; 0 (0)             ; 1 (1)            ; |soft_nios|nios_ii:u0|nios_ii_nios2_qsys_0_instruction_master_translator:nios2_qsys_0_instruction_master_translator|altera_merlin_master_translator:nios2_qsys_0_instruction_master_translator                                                                                                                                                                                   ; nios_ii      ;
;       |nios_ii_nios2_qsys_0_jtag_debug_module_translator:nios2_qsys_0_jtag_debug_module_translator|              ; 33 (0)      ; 33 (0)                    ; 0 (0)         ; 0           ; 0    ; 0            ; 0       ; 0         ; 0    ; 0            ; 0 (0)        ; 0 (0)             ; 33 (0)           ; |soft_nios|nios_ii:u0|nios_ii_nios2_qsys_0_jtag_debug_module_translator:nios2_qsys_0_jtag_debug_module_translator                                                                                                                                                                                                                                                                ; nios_ii      ;
;          |altera_merlin_slave_translator:nios2_qsys_0_jtag_debug_module_translator|                              ; 33 (33)     ; 33 (33)                   ; 0 (0)         ; 0           ; 0    ; 0            ; 0       ; 0         ; 0    ; 0            ; 0 (0)        ; 0 (0)             ; 33 (33)          ; |soft_nios|nios_ii:u0|nios_ii_nios2_qsys_0_jtag_debug_module_translator:nios2_qsys_0_jtag_debug_module_translator|altera_merlin_slave_translator:nios2_qsys_0_jtag_debug_module_translator                                                                                                                                                                                       ; nios_ii      ;
;       |nios_ii_onchip_memory2_0:onchip_memory2_0|                                                                ; 9 (0)       ; 1 (0)                     ; 0 (0)         ; 160000      ; 40   ; 0            ; 0       ; 0         ; 0    ; 0            ; 7 (0)        ; 0 (0)             ; 2 (0)            ; |soft_nios|nios_ii:u0|nios_ii_onchip_memory2_0:onchip_memory2_0                                                                                                                                                                                                                                                                                                                  ; nios_ii      ;
;          |altsyncram:the_altsyncram|                                                                             ; 9 (0)       ; 1 (0)                     ; 0 (0)         ; 160000      ; 40   ; 0            ; 0       ; 0         ; 0    ; 0            ; 7 (0)        ; 0 (0)             ; 2 (0)            ; |soft_nios|nios_ii:u0|nios_ii_onchip_memory2_0:onchip_memory2_0|altsyncram:the_altsyncram                                                                                                                                                                                                                                                                                        ; work         ;
;             |altsyncram_d391:auto_generated|                                                                     ; 9 (1)       ; 1 (1)                     ; 0 (0)         ; 160000      ; 40   ; 0            ; 0       ; 0         ; 0    ; 0            ; 7 (0)        ; 0 (0)             ; 2 (1)            ; |soft_nios|nios_ii:u0|nios_ii_onchip_memory2_0:onchip_memory2_0|altsyncram:the_altsyncram|altsyncram_d391:auto_generated                                                                                                                                                                                                                                                         ; work         ;
;                |decode_1oa:decode3|                                                                              ; 2 (2)       ; 0 (0)                     ; 0 (0)         ; 0           ; 0    ; 0            ; 0       ; 0         ; 0    ; 0            ; 2 (2)        ; 0 (0)             ; 0 (0)            ; |soft_nios|nios_ii:u0|nios_ii_onchip_memory2_0:onchip_memory2_0|altsyncram:the_altsyncram|altsyncram_d391:auto_generated|decode_1oa:decode3                                                                                                                                                                                                                                      ; work         ;
;                |decode_1oa:deep_decode|                                                                          ; 2 (2)       ; 0 (0)                     ; 0 (0)         ; 0           ; 0    ; 0            ; 0       ; 0         ; 0    ; 0            ; 1 (1)        ; 0 (0)             ; 1 (1)            ; |soft_nios|nios_ii:u0|nios_ii_onchip_memory2_0:onchip_memory2_0|altsyncram:the_altsyncram|altsyncram_d391:auto_generated|decode_1oa:deep_decode                                                                                                                                                                                                                                  ; work         ;
;                |mux_ujb:mux2|                                                                                    ; 4 (4)       ; 0 (0)                     ; 0 (0)         ; 0           ; 0    ; 0            ; 0       ; 0         ; 0    ; 0            ; 4 (4)        ; 0 (0)             ; 0 (0)            ; |soft_nios|nios_ii:u0|nios_ii_onchip_memory2_0:onchip_memory2_0|altsyncram:the_altsyncram|altsyncram_d391:auto_generated|mux_ujb:mux2                                                                                                                                                                                                                                            ; work         ;
;       |nios_ii_onchip_memory2_0_s1_translator:onchip_memory2_0_s1_translator|                                    ; 2 (0)       ; 1 (0)                     ; 0 (0)         ; 0           ; 0    ; 0            ; 0       ; 0         ; 0    ; 0            ; 1 (0)        ; 0 (0)             ; 1 (0)            ; |soft_nios|nios_ii:u0|nios_ii_onchip_memory2_0_s1_translator:onchip_memory2_0_s1_translator                                                                                                                                                                                                                                                                                      ; nios_ii      ;
;          |altera_merlin_slave_translator:onchip_memory2_0_s1_translator|                                         ; 2 (2)       ; 1 (1)                     ; 0 (0)         ; 0           ; 0    ; 0            ; 0       ; 0         ; 0    ; 0            ; 1 (1)        ; 0 (0)             ; 1 (1)            ; |soft_nios|nios_ii:u0|nios_ii_onchip_memory2_0_s1_translator:onchip_memory2_0_s1_translator|altera_merlin_slave_translator:onchip_memory2_0_s1_translator                                                                                                                                                                                                                        ; nios_ii      ;
;       |nios_ii_rsp_xbar_mux:rsp_xbar_mux|                                                                        ; 7 (7)       ; 0 (0)                     ; 0 (0)         ; 0           ; 0    ; 0            ; 0       ; 0         ; 0    ; 0            ; 0 (0)        ; 0 (0)             ; 7 (7)            ; |soft_nios|nios_ii:u0|nios_ii_rsp_xbar_mux:rsp_xbar_mux                                                                                                                                                                                                                                                                                                                          ; nios_ii      ;
;       |nios_ii_rsp_xbar_mux_001:rsp_xbar_mux_001|                                                                ; 103 (103)   ; 0 (0)                     ; 0 (0)         ; 0           ; 0    ; 0            ; 0       ; 0         ; 0    ; 0            ; 75 (75)      ; 0 (0)             ; 28 (28)          ; |soft_nios|nios_ii:u0|nios_ii_rsp_xbar_mux_001:rsp_xbar_mux_001                                                                                                                                                                                                                                                                                                                  ; nios_ii      ;
;       |nios_ii_rst_controller:rst_controller|                                                                    ; 4 (0)       ; 3 (0)                     ; 0 (0)         ; 0           ; 0    ; 0            ; 0       ; 0         ; 0    ; 0            ; 0 (0)        ; 1 (0)             ; 3 (0)            ; |soft_nios|nios_ii:u0|nios_ii_rst_controller:rst_controller                                                                                                                                                                                                                                                                                                                      ; nios_ii      ;
;          |altera_reset_controller:rst_controller|                                                                ; 4 (1)       ; 3 (0)                     ; 0 (0)         ; 0           ; 0    ; 0            ; 0       ; 0         ; 0    ; 0            ; 0 (0)        ; 1 (0)             ; 3 (1)            ; |soft_nios|nios_ii:u0|nios_ii_rst_controller:rst_controller|altera_reset_controller:rst_controller                                                                                                                                                                                                                                                                               ; nios_ii      ;
;             |altera_reset_synchronizer:alt_rst_sync_uq1|                                                         ; 3 (3)       ; 3 (3)                     ; 0 (0)         ; 0           ; 0    ; 0            ; 0       ; 0         ; 0    ; 0            ; 0 (0)        ; 1 (1)             ; 2 (2)            ; |soft_nios|nios_ii:u0|nios_ii_rst_controller:rst_controller|altera_reset_controller:rst_controller|altera_reset_synchronizer:alt_rst_sync_uq1                                                                                                                                                                                                                                    ; nios_ii      ;
;       |nios_ii_rst_controller_001:rst_controller_001|                                                            ; 9 (0)       ; 9 (0)                     ; 0 (0)         ; 0           ; 0    ; 0            ; 0       ; 0         ; 0    ; 0            ; 0 (0)        ; 6 (0)             ; 3 (0)            ; |soft_nios|nios_ii:u0|nios_ii_rst_controller_001:rst_controller_001                                                                                                                                                                                                                                                                                                              ; nios_ii      ;
;          |altera_reset_controller:rst_controller_001|                                                            ; 9 (6)       ; 9 (6)                     ; 0 (0)         ; 0           ; 0    ; 0            ; 0       ; 0         ; 0    ; 0            ; 0 (0)        ; 6 (4)             ; 3 (2)            ; |soft_nios|nios_ii:u0|nios_ii_rst_controller_001:rst_controller_001|altera_reset_controller:rst_controller_001                                                                                                                                                                                                                                                                   ; nios_ii      ;
;             |altera_reset_synchronizer:alt_rst_sync_uq1|                                                         ; 3 (3)       ; 3 (3)                     ; 0 (0)         ; 0           ; 0    ; 0            ; 0       ; 0         ; 0    ; 0            ; 0 (0)        ; 2 (2)             ; 1 (1)            ; |soft_nios|nios_ii:u0|nios_ii_rst_controller_001:rst_controller_001|altera_reset_controller:rst_controller_001|altera_reset_synchronizer:alt_rst_sync_uq1                                                                                                                                                                                                                        ; nios_ii      ;
;       |nios_ii_switches:switches|                                                                                ; 16 (16)     ; 16 (16)                   ; 0 (0)         ; 0           ; 0    ; 0            ; 0       ; 0         ; 0    ; 0            ; 0 (0)        ; 0 (0)             ; 16 (16)          ; |soft_nios|nios_ii:u0|nios_ii_switches:switches                                                                                                                                                                                                                                                                                                                                  ; nios_ii      ;
;       |nios_ii_switches_s1_translator:switches_s1_translator|                                                    ; 22 (0)      ; 19 (0)                    ; 0 (0)         ; 0           ; 0    ; 0            ; 0       ; 0         ; 0    ; 0            ; 3 (0)        ; 0 (0)             ; 19 (0)           ; |soft_nios|nios_ii:u0|nios_ii_switches_s1_translator:switches_s1_translator                                                                                                                                                                                                                                                                                                      ; nios_ii      ;
;          |altera_merlin_slave_translator:switches_s1_translator|                                                 ; 22 (22)     ; 19 (19)                   ; 0 (0)         ; 0           ; 0    ; 0            ; 0       ; 0         ; 0    ; 0            ; 3 (3)        ; 0 (0)             ; 19 (19)          ; |soft_nios|nios_ii:u0|nios_ii_switches_s1_translator:switches_s1_translator|altera_merlin_slave_translator:switches_s1_translator                                                                                                                                                                                                                                                ; nios_ii      ;
;       |nios_ii_sysid_qsys_0_control_slave_translator:sysid_qsys_0_control_slave_translator|                      ; 8 (0)       ; 4 (0)                     ; 0 (0)         ; 0           ; 0    ; 0            ; 0       ; 0         ; 0    ; 0            ; 4 (0)        ; 0 (0)             ; 4 (0)            ; |soft_nios|nios_ii:u0|nios_ii_sysid_qsys_0_control_slave_translator:sysid_qsys_0_control_slave_translator                                                                                                                                                                                                                                                                        ; nios_ii      ;
;          |altera_merlin_slave_translator:sysid_qsys_0_control_slave_translator|                                  ; 8 (8)       ; 4 (4)                     ; 0 (0)         ; 0           ; 0    ; 0            ; 0       ; 0         ; 0    ; 0            ; 4 (4)        ; 0 (0)             ; 4 (4)            ; |soft_nios|nios_ii:u0|nios_ii_sysid_qsys_0_control_slave_translator:sysid_qsys_0_control_slave_translator|altera_merlin_slave_translator:sysid_qsys_0_control_slave_translator                                                                                                                                                                                                   ; nios_ii      ;
;    |sld_hub:auto_hub|                                                                                            ; 175 (1)     ; 97 (0)                    ; 0 (0)         ; 0           ; 0    ; 0            ; 0       ; 0         ; 0    ; 0            ; 78 (1)       ; 13 (0)            ; 84 (0)           ; |soft_nios|sld_hub:auto_hub                                                                                                                                                                                                                                                                                                                                                      ; work         ;
;       |sld_jtag_hub:\jtag_hub_gen:sld_jtag_hub_inst|                                                             ; 174 (130)   ; 97 (69)                   ; 0 (0)         ; 0           ; 0    ; 0            ; 0       ; 0         ; 0    ; 0            ; 77 (61)      ; 13 (13)           ; 84 (59)          ; |soft_nios|sld_hub:auto_hub|sld_jtag_hub:\jtag_hub_gen:sld_jtag_hub_inst                                                                                                                                                                                                                                                                                                         ; work         ;
;          |sld_rom_sr:hub_info_reg|                                                                               ; 24 (24)     ; 9 (9)                     ; 0 (0)         ; 0           ; 0    ; 0            ; 0       ; 0         ; 0    ; 0            ; 15 (15)      ; 0 (0)             ; 9 (9)            ; |soft_nios|sld_hub:auto_hub|sld_jtag_hub:\jtag_hub_gen:sld_jtag_hub_inst|sld_rom_sr:hub_info_reg                                                                                                                                                                                                                                                                                 ; work         ;
;          |sld_shadow_jsm:shadow_jsm|                                                                             ; 20 (20)     ; 19 (19)                   ; 0 (0)         ; 0           ; 0    ; 0            ; 0       ; 0         ; 0    ; 0            ; 1 (1)        ; 0 (0)             ; 19 (19)          ; |soft_nios|sld_hub:auto_hub|sld_jtag_hub:\jtag_hub_gen:sld_jtag_hub_inst|sld_shadow_jsm:shadow_jsm                                                                                                                                                                                                                                                                               ; work         ;
+------------------------------------------------------------------------------------------------------------------+-------------+---------------------------+---------------+-------------+------+--------------+---------+-----------+------+--------------+--------------+-------------------+------------------+----------------------------------------------------------------------------------------------------------------------------------------------------------------------------------------------------------------------------------------------------------------------------------------------------------------------------------------------------------------------------------+--------------+
Note: For table entries with two numbers listed, the numbers in parentheses indicate the number of resources of the given type used by the specific entity alone. The numbers listed outside of parentheses indicate the total resources of the given type used by the specific entity and all of its sub-entities in the hierarchy.


+-------------------------------------------------------------------------------------------+
; Delay Chain Summary                                                                       ;
+------------------+----------+---------------+---------------+-----------------------+-----+
; Name             ; Pin Type ; Pad to Core 0 ; Pad to Core 1 ; Pad to Input Register ; TCO ;
+------------------+----------+---------------+---------------+-----------------------+-----+
; KEY[1]           ; Input    ; (0) 170 ps    ; (0) 170 ps    ; --                    ; --  ;
; LEDS[0]          ; Output   ; --            ; --            ; --                    ; --  ;
; LEDS[1]          ; Output   ; --            ; --            ; --                    ; --  ;
; LEDS[2]          ; Output   ; --            ; --            ; --                    ; --  ;
; LEDS[3]          ; Output   ; --            ; --            ; --                    ; --  ;
; LEDS[4]          ; Output   ; --            ; --            ; --                    ; --  ;
; LEDS[5]          ; Output   ; --            ; --            ; --                    ; --  ;
; LEDS[6]          ; Output   ; --            ; --            ; --                    ; --  ;
; LEDS[7]          ; Output   ; --            ; --            ; --                    ; --  ;
; LEDS[8]          ; Output   ; --            ; --            ; --                    ; --  ;
; LEDS[9]          ; Output   ; --            ; --            ; --                    ; --  ;
; HEX0[0]          ; Output   ; --            ; --            ; --                    ; --  ;
; HEX0[1]          ; Output   ; --            ; --            ; --                    ; --  ;
; HEX0[2]          ; Output   ; --            ; --            ; --                    ; --  ;
; HEX0[3]          ; Output   ; --            ; --            ; --                    ; --  ;
; HEX0[4]          ; Output   ; --            ; --            ; --                    ; --  ;
; HEX0[5]          ; Output   ; --            ; --            ; --                    ; --  ;
; HEX0[6]          ; Output   ; --            ; --            ; --                    ; --  ;
; HEX1[0]          ; Output   ; --            ; --            ; --                    ; --  ;
; HEX1[1]          ; Output   ; --            ; --            ; --                    ; --  ;
; HEX1[2]          ; Output   ; --            ; --            ; --                    ; --  ;
; HEX1[3]          ; Output   ; --            ; --            ; --                    ; --  ;
; HEX1[4]          ; Output   ; --            ; --            ; --                    ; --  ;
; HEX1[5]          ; Output   ; --            ; --            ; --                    ; --  ;
; HEX1[6]          ; Output   ; --            ; --            ; --                    ; --  ;
; HEX2[0]          ; Output   ; --            ; --            ; --                    ; --  ;
; HEX2[1]          ; Output   ; --            ; --            ; --                    ; --  ;
; HEX2[2]          ; Output   ; --            ; --            ; --                    ; --  ;
; HEX2[3]          ; Output   ; --            ; --            ; --                    ; --  ;
; HEX2[4]          ; Output   ; --            ; --            ; --                    ; --  ;
; HEX2[5]          ; Output   ; --            ; --            ; --                    ; --  ;
; HEX2[6]          ; Output   ; --            ; --            ; --                    ; --  ;
; HEX4[0]          ; Output   ; --            ; --            ; --                    ; --  ;
; HEX4[1]          ; Output   ; --            ; --            ; --                    ; --  ;
; HEX4[2]          ; Output   ; --            ; --            ; --                    ; --  ;
; HEX4[3]          ; Output   ; --            ; --            ; --                    ; --  ;
; HEX4[4]          ; Output   ; --            ; --            ; --                    ; --  ;
; HEX4[5]          ; Output   ; --            ; --            ; --                    ; --  ;
; HEX4[6]          ; Output   ; --            ; --            ; --                    ; --  ;
; HEX5[0]          ; Output   ; --            ; --            ; --                    ; --  ;
; HEX5[1]          ; Output   ; --            ; --            ; --                    ; --  ;
; HEX5[2]          ; Output   ; --            ; --            ; --                    ; --  ;
; HEX5[3]          ; Output   ; --            ; --            ; --                    ; --  ;
; HEX5[4]          ; Output   ; --            ; --            ; --                    ; --  ;
; HEX5[5]          ; Output   ; --            ; --            ; --                    ; --  ;
; HEX5[6]          ; Output   ; --            ; --            ; --                    ; --  ;
; HEX6[0]          ; Output   ; --            ; --            ; --                    ; --  ;
; HEX6[1]          ; Output   ; --            ; --            ; --                    ; --  ;
; HEX6[2]          ; Output   ; --            ; --            ; --                    ; --  ;
; HEX6[3]          ; Output   ; --            ; --            ; --                    ; --  ;
; HEX6[4]          ; Output   ; --            ; --            ; --                    ; --  ;
; HEX6[5]          ; Output   ; --            ; --            ; --                    ; --  ;
; HEX6[6]          ; Output   ; --            ; --            ; --                    ; --  ;
; HEX7[0]          ; Output   ; --            ; --            ; --                    ; --  ;
; HEX7[1]          ; Output   ; --            ; --            ; --                    ; --  ;
; HEX7[2]          ; Output   ; --            ; --            ; --                    ; --  ;
; HEX7[3]          ; Output   ; --            ; --            ; --                    ; --  ;
; HEX7[4]          ; Output   ; --            ; --            ; --                    ; --  ;
; HEX7[5]          ; Output   ; --            ; --            ; --                    ; --  ;
; HEX7[6]          ; Output   ; --            ; --            ; --                    ; --  ;
; CICLONE2_CLK1_50 ; Input    ; (0) 171 ps    ; (0) 171 ps    ; --                    ; --  ;
; KEY[0]           ; Input    ; (0) 171 ps    ; (0) 171 ps    ; --                    ; --  ;
; SW[0]            ; Input    ; (6) 2523 ps   ; (6) 2523 ps   ; --                    ; --  ;
; SW[1]            ; Input    ; (6) 2523 ps   ; (6) 2523 ps   ; --                    ; --  ;
; SW[2]            ; Input    ; (6) 2514 ps   ; (6) 2514 ps   ; --                    ; --  ;
; SW[3]            ; Input    ; (6) 2523 ps   ; (6) 2523 ps   ; --                    ; --  ;
; SW[4]            ; Input    ; (6) 2514 ps   ; (6) 2514 ps   ; --                    ; --  ;
; SW[5]            ; Input    ; (6) 2523 ps   ; (6) 2523 ps   ; --                    ; --  ;
; SW[6]            ; Input    ; (6) 2523 ps   ; (6) 2523 ps   ; --                    ; --  ;
; SW[7]            ; Input    ; (6) 2523 ps   ; (6) 2523 ps   ; --                    ; --  ;
; SW[8]            ; Input    ; (6) 2523 ps   ; (6) 2523 ps   ; --                    ; --  ;
; SW[9]            ; Input    ; (6) 2523 ps   ; (6) 2523 ps   ; --                    ; --  ;
; SW[15]           ; Input    ; (6) 2523 ps   ; (6) 2523 ps   ; --                    ; --  ;
; SW[14]           ; Input    ; (6) 2523 ps   ; (6) 2523 ps   ; --                    ; --  ;
; SW[13]           ; Input    ; (6) 2514 ps   ; (6) 2514 ps   ; --                    ; --  ;
; SW[12]           ; Input    ; (6) 2523 ps   ; (6) 2523 ps   ; --                    ; --  ;
; SW[11]           ; Input    ; (6) 2514 ps   ; (6) 2514 ps   ; --                    ; --  ;
; SW[10]           ; Input    ; (0) 170 ps    ; (0) 170 ps    ; --                    ; --  ;
+------------------+----------+---------------+---------------+-----------------------+-----+


+--------------------------------------------------------------------------------------------+
; Pad To Core Delay Chain Fanout                                                             ;
+--------------------------------------------------------------+-------------------+---------+
; Source Pin / Fanout                                          ; Pad To Core Index ; Setting ;
+--------------------------------------------------------------+-------------------+---------+
; KEY[1]                                                       ;                   ;         ;
; CICLONE2_CLK1_50                                             ;                   ;         ;
; KEY[0]                                                       ;                   ;         ;
; SW[0]                                                        ;                   ;         ;
;      - nios_ii:u0|nios_ii_switches:switches|read_mux_out[0]  ; 1                 ; 6       ;
; SW[1]                                                        ;                   ;         ;
;      - nios_ii:u0|nios_ii_switches:switches|read_mux_out[1]  ; 1                 ; 6       ;
; SW[2]                                                        ;                   ;         ;
;      - nios_ii:u0|nios_ii_switches:switches|read_mux_out[2]  ; 1                 ; 6       ;
; SW[3]                                                        ;                   ;         ;
;      - nios_ii:u0|nios_ii_switches:switches|read_mux_out[3]  ; 0                 ; 6       ;
; SW[4]                                                        ;                   ;         ;
;      - nios_ii:u0|nios_ii_switches:switches|read_mux_out[4]  ; 1                 ; 6       ;
; SW[5]                                                        ;                   ;         ;
;      - nios_ii:u0|nios_ii_switches:switches|read_mux_out[5]  ; 0                 ; 6       ;
; SW[6]                                                        ;                   ;         ;
;      - nios_ii:u0|nios_ii_switches:switches|read_mux_out[6]  ; 1                 ; 6       ;
; SW[7]                                                        ;                   ;         ;
;      - nios_ii:u0|nios_ii_switches:switches|read_mux_out[7]  ; 1                 ; 6       ;
; SW[8]                                                        ;                   ;         ;
;      - nios_ii:u0|nios_ii_switches:switches|read_mux_out[8]  ; 0                 ; 6       ;
; SW[9]                                                        ;                   ;         ;
;      - nios_ii:u0|nios_ii_switches:switches|read_mux_out[9]  ; 0                 ; 6       ;
; SW[15]                                                       ;                   ;         ;
;      - nios_ii:u0|nios_ii_switches:switches|read_mux_out[15] ; 0                 ; 6       ;
; SW[14]                                                       ;                   ;         ;
;      - nios_ii:u0|nios_ii_switches:switches|read_mux_out[14] ; 1                 ; 6       ;
; SW[13]                                                       ;                   ;         ;
;      - nios_ii:u0|nios_ii_switches:switches|read_mux_out[13] ; 1                 ; 6       ;
; SW[12]                                                       ;                   ;         ;
;      - nios_ii:u0|nios_ii_switches:switches|read_mux_out[12] ; 0                 ; 6       ;
; SW[11]                                                       ;                   ;         ;
;      - nios_ii:u0|nios_ii_switches:switches|read_mux_out[11] ; 1                 ; 6       ;
; SW[10]                                                       ;                   ;         ;
+--------------------------------------------------------------+-------------------+---------+


+--------------------------------------------------------------------------------------------------------------------------------------------------------------------------------------------------------------------------------------------------------------------------------------------------------------------------------------------------------------------------------------------------------------------------------------------------------------------------------------+
; Control Signals                                                                                                                                                                                                                                                                                                                                                                                                                                                                      ;
+-------------------------------------------------------------------------------------------------------------------------------------------------------------------------------------------------------------------------------------------------------------------------------------------------------------------------------------------+--------------------+---------+----------------------------+--------+----------------------+------------------+---------------------------+
; Name                                                                                                                                                                                                                                                                                                                                      ; Location           ; Fan-Out ; Usage                      ; Global ; Global Resource Used ; Global Line Name ; Enable Signal Source Name ;
+-------------------------------------------------------------------------------------------------------------------------------------------------------------------------------------------------------------------------------------------------------------------------------------------------------------------------------------------+--------------------+---------+----------------------------+--------+----------------------+------------------+---------------------------+
; CICLONE2_CLK1_50                                                                                                                                                                                                                                                                                                                          ; PIN_J2             ; 969     ; Clock                      ; yes    ; Global Clock         ; GCLK3            ; --                        ;
; KEY[0]                                                                                                                                                                                                                                                                                                                                    ; PIN_J1             ; 3       ; Async. clear               ; yes    ; Global Clock         ; GCLK1            ; --                        ;
; altera_internal_jtag~TCKUTAP                                                                                                                                                                                                                                                                                                              ; JTAG_X1_Y14_N0     ; 183     ; Clock                      ; yes    ; Global Clock         ; GCLK2            ; --                        ;
; altera_internal_jtag~TMSUTAP                                                                                                                                                                                                                                                                                                              ; JTAG_X1_Y14_N0     ; 22      ; Sync. clear                ; no     ; --                   ; --               ; --                        ;
; nios_ii:u0|altera_avalon_sc_fifo:nios2_qsys_0_jtag_debug_module_translator_avalon_universal_slave_0_agent_rsp_fifo|mem_used[1]~1                                                                                                                                                                                                          ; LCCOMB_X31_Y14_N20 ; 3       ; Clock enable               ; no     ; --                   ; --               ; --                        ;
; nios_ii:u0|altera_avalon_sc_fifo:onchip_memory2_0_s1_translator_avalon_universal_slave_0_agent_rsp_fifo|mem_used[1]~2                                                                                                                                                                                                                     ; LCCOMB_X24_Y14_N18 ; 2       ; Clock enable               ; no     ; --                   ; --               ; --                        ;
; nios_ii:u0|nios_ii_cmd_xbar_mux:cmd_xbar_mux_001|altera_merlin_arbitrator:arb|top_priority_reg[0]~1                                                                                                                                                                                                                                       ; LCCOMB_X32_Y14_N18 ; 2       ; Clock enable               ; no     ; --                   ; --               ; --                        ;
; nios_ii:u0|nios_ii_cmd_xbar_mux:cmd_xbar_mux_001|update_grant~1                                                                                                                                                                                                                                                                           ; LCCOMB_X32_Y14_N30 ; 3       ; Clock enable               ; no     ; --                   ; --               ; --                        ;
; nios_ii:u0|nios_ii_cmd_xbar_mux:cmd_xbar_mux|altera_merlin_arbitrator:arb|top_priority_reg[0]~1                                                                                                                                                                                                                                           ; LCCOMB_X31_Y13_N8  ; 2       ; Clock enable               ; no     ; --                   ; --               ; --                        ;
; nios_ii:u0|nios_ii_cmd_xbar_mux:cmd_xbar_mux|update_grant~1                                                                                                                                                                                                                                                                               ; LCCOMB_X31_Y13_N10 ; 3       ; Clock enable               ; no     ; --                   ; --               ; --                        ;
; nios_ii:u0|nios_ii_hex0:hex0|always0~2                                                                                                                                                                                                                                                                                                    ; LCCOMB_X25_Y12_N18 ; 7       ; Clock enable               ; no     ; --                   ; --               ; --                        ;
; nios_ii:u0|nios_ii_hex0:hex1|always0~1                                                                                                                                                                                                                                                                                                    ; LCCOMB_X29_Y11_N6  ; 7       ; Clock enable               ; no     ; --                   ; --               ; --                        ;
; nios_ii:u0|nios_ii_hex0:hex2|always0~1                                                                                                                                                                                                                                                                                                    ; LCCOMB_X29_Y11_N22 ; 7       ; Clock enable               ; no     ; --                   ; --               ; --                        ;
; nios_ii:u0|nios_ii_hex0:hex4|always0~2                                                                                                                                                                                                                                                                                                    ; LCCOMB_X27_Y11_N20 ; 7       ; Clock enable               ; no     ; --                   ; --               ; --                        ;
; nios_ii:u0|nios_ii_hex0:hex5|always0~2                                                                                                                                                                                                                                                                                                    ; LCCOMB_X26_Y14_N12 ; 7       ; Clock enable               ; no     ; --                   ; --               ; --                        ;
; nios_ii:u0|nios_ii_hex0:hex6|always0~1                                                                                                                                                                                                                                                                                                    ; LCCOMB_X27_Y12_N16 ; 7       ; Clock enable               ; no     ; --                   ; --               ; --                        ;
; nios_ii:u0|nios_ii_hex0:hex7|always0~1                                                                                                                                                                                                                                                                                                    ; LCCOMB_X26_Y11_N8  ; 7       ; Clock enable               ; no     ; --                   ; --               ; --                        ;
; nios_ii:u0|nios_ii_jtag_uart_0:jtag_uart_0|alt_jtag_atlantic:nios_ii_jtag_uart_0_alt_jtag_atlantic|r_ena~0                                                                                                                                                                                                                                ; LCCOMB_X19_Y20_N30 ; 9       ; Clock enable               ; no     ; --                   ; --               ; --                        ;
; nios_ii:u0|nios_ii_jtag_uart_0:jtag_uart_0|alt_jtag_atlantic:nios_ii_jtag_uart_0_alt_jtag_atlantic|td_shift[0]~4                                                                                                                                                                                                                          ; LCCOMB_X24_Y21_N24 ; 21      ; Clock enable               ; no     ; --                   ; --               ; --                        ;
; nios_ii:u0|nios_ii_jtag_uart_0:jtag_uart_0|alt_jtag_atlantic:nios_ii_jtag_uart_0_alt_jtag_atlantic|wdata[1]~0                                                                                                                                                                                                                             ; LCCOMB_X20_Y21_N2  ; 8       ; Clock enable               ; no     ; --                   ; --               ; --                        ;
; nios_ii:u0|nios_ii_jtag_uart_0:jtag_uart_0|alt_jtag_atlantic:nios_ii_jtag_uart_0_alt_jtag_atlantic|write_stalled~1                                                                                                                                                                                                                        ; LCCOMB_X20_Y21_N10 ; 5       ; Clock enable               ; no     ; --                   ; --               ; --                        ;
; nios_ii:u0|nios_ii_jtag_uart_0:jtag_uart_0|fifo_rd~2                                                                                                                                                                                                                                                                                      ; LCCOMB_X20_Y17_N4  ; 8       ; Clock enable               ; no     ; --                   ; --               ; --                        ;
; nios_ii:u0|nios_ii_jtag_uart_0:jtag_uart_0|fifo_wr                                                                                                                                                                                                                                                                                        ; LCFF_X19_Y14_N3    ; 15      ; Clock enable, Write enable ; no     ; --                   ; --               ; --                        ;
; nios_ii:u0|nios_ii_jtag_uart_0:jtag_uart_0|ien_AF~2                                                                                                                                                                                                                                                                                       ; LCCOMB_X22_Y15_N18 ; 3       ; Clock enable               ; no     ; --                   ; --               ; --                        ;
; nios_ii:u0|nios_ii_jtag_uart_0:jtag_uart_0|nios_ii_jtag_uart_0_scfifo_r:the_nios_ii_jtag_uart_0_scfifo_r|scfifo:rfifo|scfifo_1n21:auto_generated|a_dpfifo_8t21:dpfifo|a_fefifo_7cf:fifo_state|_~4                                                                                                                                         ; LCCOMB_X20_Y17_N10 ; 6       ; Clock enable               ; no     ; --                   ; --               ; --                        ;
; nios_ii:u0|nios_ii_jtag_uart_0:jtag_uart_0|nios_ii_jtag_uart_0_scfifo_w:the_nios_ii_jtag_uart_0_scfifo_w|scfifo:wfifo|scfifo_1n21:auto_generated|a_dpfifo_8t21:dpfifo|a_fefifo_7cf:fifo_state|_~0                                                                                                                                         ; LCCOMB_X16_Y16_N0  ; 6       ; Clock enable               ; no     ; --                   ; --               ; --                        ;
; nios_ii:u0|nios_ii_jtag_uart_0:jtag_uart_0|r_val~0                                                                                                                                                                                                                                                                                        ; LCCOMB_X19_Y20_N22 ; 11      ; Clock enable               ; no     ; --                   ; --               ; --                        ;
; nios_ii:u0|nios_ii_jtag_uart_0:jtag_uart_0|read_0                                                                                                                                                                                                                                                                                         ; LCFF_X20_Y17_N3    ; 16      ; Sync. load                 ; no     ; --                   ; --               ; --                        ;
; nios_ii:u0|nios_ii_jtag_uart_0:jtag_uart_0|wr_rfifo                                                                                                                                                                                                                                                                                       ; LCCOMB_X20_Y17_N6  ; 13      ; Clock enable, Write enable ; no     ; --                   ; --               ; --                        ;
; nios_ii:u0|nios_ii_leds:leds|always0~2                                                                                                                                                                                                                                                                                                    ; LCCOMB_X29_Y12_N10 ; 10      ; Clock enable               ; no     ; --                   ; --               ; --                        ;
; nios_ii:u0|nios_ii_nios2_qsys_0:nios2_qsys_0|D_iw[4]                                                                                                                                                                                                                                                                                      ; LCFF_X21_Y14_N1    ; 41      ; Sync. load                 ; no     ; --                   ; --               ; --                        ;
; nios_ii:u0|nios_ii_nios2_qsys_0:nios2_qsys_0|E_alu_result~30                                                                                                                                                                                                                                                                              ; LCCOMB_X24_Y17_N16 ; 48      ; Sync. clear                ; no     ; --                   ; --               ; --                        ;
; nios_ii:u0|nios_ii_nios2_qsys_0:nios2_qsys_0|E_new_inst                                                                                                                                                                                                                                                                                   ; LCFF_X29_Y19_N9    ; 42      ; Sync. load                 ; no     ; --                   ; --               ; --                        ;
; nios_ii:u0|nios_ii_nios2_qsys_0:nios2_qsys_0|E_valid                                                                                                                                                                                                                                                                                      ; LCFF_X29_Y19_N31   ; 27      ; Clock enable               ; no     ; --                   ; --               ; --                        ;
; nios_ii:u0|nios_ii_nios2_qsys_0:nios2_qsys_0|F_pc_sel_nxt.10~0                                                                                                                                                                                                                                                                            ; LCCOMB_X31_Y18_N12 ; 14      ; Sync. load                 ; no     ; --                   ; --               ; --                        ;
; nios_ii:u0|nios_ii_nios2_qsys_0:nios2_qsys_0|F_valid~0                                                                                                                                                                                                                                                                                    ; LCCOMB_X32_Y15_N30 ; 34      ; Clock enable               ; no     ; --                   ; --               ; --                        ;
; nios_ii:u0|nios_ii_nios2_qsys_0:nios2_qsys_0|R_ctrl_hi_imm16                                                                                                                                                                                                                                                                              ; LCFF_X20_Y18_N27   ; 17      ; Sync. load                 ; no     ; --                   ; --               ; --                        ;
; nios_ii:u0|nios_ii_nios2_qsys_0:nios2_qsys_0|R_ctrl_shift_rot                                                                                                                                                                                                                                                                             ; LCFF_X23_Y16_N1    ; 20      ; Sync. load                 ; no     ; --                   ; --               ; --                        ;
; nios_ii:u0|nios_ii_nios2_qsys_0:nios2_qsys_0|R_src1~35                                                                                                                                                                                                                                                                                    ; LCCOMB_X23_Y18_N6  ; 32      ; Sync. load                 ; no     ; --                   ; --               ; --                        ;
; nios_ii:u0|nios_ii_nios2_qsys_0:nios2_qsys_0|R_src2_hi~0                                                                                                                                                                                                                                                                                  ; LCCOMB_X23_Y19_N0  ; 15      ; Sync. clear                ; no     ; --                   ; --               ; --                        ;
; nios_ii:u0|nios_ii_nios2_qsys_0:nios2_qsys_0|W_rf_wren                                                                                                                                                                                                                                                                                    ; LCCOMB_X19_Y19_N16 ; 2       ; Write enable               ; no     ; --                   ; --               ; --                        ;
; nios_ii:u0|nios_ii_nios2_qsys_0:nios2_qsys_0|W_status_reg_pie_inst_nxt~0                                                                                                                                                                                                                                                                  ; LCCOMB_X31_Y18_N18 ; 13      ; Sync. clear                ; no     ; --                   ; --               ; --                        ;
; nios_ii:u0|nios_ii_nios2_qsys_0:nios2_qsys_0|W_valid                                                                                                                                                                                                                                                                                      ; LCFF_X29_Y19_N29   ; 18      ; Clock enable               ; no     ; --                   ; --               ; --                        ;
; nios_ii:u0|nios_ii_nios2_qsys_0:nios2_qsys_0|av_ld_byte0_data[4]~0                                                                                                                                                                                                                                                                        ; LCCOMB_X22_Y17_N4  ; 8       ; Clock enable               ; no     ; --                   ; --               ; --                        ;
; nios_ii:u0|nios_ii_nios2_qsys_0:nios2_qsys_0|av_ld_byte1_data_en~0                                                                                                                                                                                                                                                                        ; LCCOMB_X23_Y17_N20 ; 8       ; Clock enable               ; no     ; --                   ; --               ; --                        ;
; nios_ii:u0|nios_ii_nios2_qsys_0:nios2_qsys_0|av_ld_rshift8~1                                                                                                                                                                                                                                                                              ; LCCOMB_X22_Y17_N14 ; 32      ; Clock enable, Sync. load   ; no     ; --                   ; --               ; --                        ;
; nios_ii:u0|nios_ii_nios2_qsys_0:nios2_qsys_0|nios_ii_nios2_qsys_0_nios2_oci:the_nios_ii_nios2_qsys_0_nios2_oci|address[8]                                                                                                                                                                                                                 ; LCFF_X25_Y16_N17   ; 36      ; Sync. load                 ; no     ; --                   ; --               ; --                        ;
; nios_ii:u0|nios_ii_nios2_qsys_0:nios2_qsys_0|nios_ii_nios2_qsys_0_nios2_oci:the_nios_ii_nios2_qsys_0_nios2_oci|nios_ii_nios2_qsys_0_jtag_debug_module_wrapper:the_nios_ii_nios2_qsys_0_jtag_debug_module_wrapper|nios_ii_nios2_qsys_0_jtag_debug_module_sysclk:the_nios_ii_nios2_qsys_0_jtag_debug_module_sysclk|jxuir                    ; LCFF_X24_Y11_N9    ; 2       ; Clock enable               ; no     ; --                   ; --               ; --                        ;
; nios_ii:u0|nios_ii_nios2_qsys_0:nios2_qsys_0|nios_ii_nios2_qsys_0_nios2_oci:the_nios_ii_nios2_qsys_0_nios2_oci|nios_ii_nios2_qsys_0_jtag_debug_module_wrapper:the_nios_ii_nios2_qsys_0_jtag_debug_module_wrapper|nios_ii_nios2_qsys_0_jtag_debug_module_sysclk:the_nios_ii_nios2_qsys_0_jtag_debug_module_sysclk|take_action_ocimem_a     ; LCCOMB_X25_Y13_N8  ; 4       ; Clock enable, Sync. load   ; no     ; --                   ; --               ; --                        ;
; nios_ii:u0|nios_ii_nios2_qsys_0:nios2_qsys_0|nios_ii_nios2_qsys_0_nios2_oci:the_nios_ii_nios2_qsys_0_nios2_oci|nios_ii_nios2_qsys_0_jtag_debug_module_wrapper:the_nios_ii_nios2_qsys_0_jtag_debug_module_wrapper|nios_ii_nios2_qsys_0_jtag_debug_module_sysclk:the_nios_ii_nios2_qsys_0_jtag_debug_module_sysclk|take_action_ocimem_a~0   ; LCCOMB_X24_Y11_N24 ; 16      ; Clock enable               ; no     ; --                   ; --               ; --                        ;
; nios_ii:u0|nios_ii_nios2_qsys_0:nios2_qsys_0|nios_ii_nios2_qsys_0_nios2_oci:the_nios_ii_nios2_qsys_0_nios2_oci|nios_ii_nios2_qsys_0_jtag_debug_module_wrapper:the_nios_ii_nios2_qsys_0_jtag_debug_module_wrapper|nios_ii_nios2_qsys_0_jtag_debug_module_sysclk:the_nios_ii_nios2_qsys_0_jtag_debug_module_sysclk|take_action_ocimem_a~1   ; LCCOMB_X23_Y11_N20 ; 11      ; Clock enable               ; no     ; --                   ; --               ; --                        ;
; nios_ii:u0|nios_ii_nios2_qsys_0:nios2_qsys_0|nios_ii_nios2_qsys_0_nios2_oci:the_nios_ii_nios2_qsys_0_nios2_oci|nios_ii_nios2_qsys_0_jtag_debug_module_wrapper:the_nios_ii_nios2_qsys_0_jtag_debug_module_wrapper|nios_ii_nios2_qsys_0_jtag_debug_module_sysclk:the_nios_ii_nios2_qsys_0_jtag_debug_module_sysclk|take_action_ocimem_b     ; LCCOMB_X24_Y11_N10 ; 36      ; Sync. load                 ; no     ; --                   ; --               ; --                        ;
; nios_ii:u0|nios_ii_nios2_qsys_0:nios2_qsys_0|nios_ii_nios2_qsys_0_nios2_oci:the_nios_ii_nios2_qsys_0_nios2_oci|nios_ii_nios2_qsys_0_jtag_debug_module_wrapper:the_nios_ii_nios2_qsys_0_jtag_debug_module_wrapper|nios_ii_nios2_qsys_0_jtag_debug_module_sysclk:the_nios_ii_nios2_qsys_0_jtag_debug_module_sysclk|take_no_action_break_a~0 ; LCCOMB_X23_Y11_N10 ; 64      ; Clock enable               ; no     ; --                   ; --               ; --                        ;
; nios_ii:u0|nios_ii_nios2_qsys_0:nios2_qsys_0|nios_ii_nios2_qsys_0_nios2_oci:the_nios_ii_nios2_qsys_0_nios2_oci|nios_ii_nios2_qsys_0_jtag_debug_module_wrapper:the_nios_ii_nios2_qsys_0_jtag_debug_module_wrapper|nios_ii_nios2_qsys_0_jtag_debug_module_sysclk:the_nios_ii_nios2_qsys_0_jtag_debug_module_sysclk|update_jdo_strobe        ; LCFF_X24_Y11_N7    ; 39      ; Clock enable               ; no     ; --                   ; --               ; --                        ;
; nios_ii:u0|nios_ii_nios2_qsys_0:nios2_qsys_0|nios_ii_nios2_qsys_0_nios2_oci:the_nios_ii_nios2_qsys_0_nios2_oci|nios_ii_nios2_qsys_0_jtag_debug_module_wrapper:the_nios_ii_nios2_qsys_0_jtag_debug_module_wrapper|nios_ii_nios2_qsys_0_jtag_debug_module_tck:the_nios_ii_nios2_qsys_0_jtag_debug_module_tck|sr[18]~19                      ; LCCOMB_X24_Y12_N26 ; 18      ; Clock enable               ; no     ; --                   ; --               ; --                        ;
; nios_ii:u0|nios_ii_nios2_qsys_0:nios2_qsys_0|nios_ii_nios2_qsys_0_nios2_oci:the_nios_ii_nios2_qsys_0_nios2_oci|nios_ii_nios2_qsys_0_jtag_debug_module_wrapper:the_nios_ii_nios2_qsys_0_jtag_debug_module_wrapper|nios_ii_nios2_qsys_0_jtag_debug_module_tck:the_nios_ii_nios2_qsys_0_jtag_debug_module_tck|sr[37]~29                      ; LCCOMB_X24_Y12_N2  ; 2       ; Clock enable               ; no     ; --                   ; --               ; --                        ;
; nios_ii:u0|nios_ii_nios2_qsys_0:nios2_qsys_0|nios_ii_nios2_qsys_0_nios2_oci:the_nios_ii_nios2_qsys_0_nios2_oci|nios_ii_nios2_qsys_0_jtag_debug_module_wrapper:the_nios_ii_nios2_qsys_0_jtag_debug_module_wrapper|nios_ii_nios2_qsys_0_jtag_debug_module_tck:the_nios_ii_nios2_qsys_0_jtag_debug_module_tck|sr[4]~13                       ; LCCOMB_X25_Y21_N20 ; 13      ; Clock enable               ; no     ; --                   ; --               ; --                        ;
; nios_ii:u0|nios_ii_nios2_qsys_0:nios2_qsys_0|nios_ii_nios2_qsys_0_nios2_oci:the_nios_ii_nios2_qsys_0_nios2_oci|nios_ii_nios2_qsys_0_jtag_debug_module_wrapper:the_nios_ii_nios2_qsys_0_jtag_debug_module_wrapper|sld_virtual_jtag_basic:nios_ii_nios2_qsys_0_jtag_debug_module_phy|virtual_state_sdr~0                                    ; LCCOMB_X25_Y21_N26 ; 39      ; Sync. load                 ; no     ; --                   ; --               ; --                        ;
; nios_ii:u0|nios_ii_nios2_qsys_0:nios2_qsys_0|nios_ii_nios2_qsys_0_nios2_oci:the_nios_ii_nios2_qsys_0_nios2_oci|nios_ii_nios2_qsys_0_jtag_debug_module_wrapper:the_nios_ii_nios2_qsys_0_jtag_debug_module_wrapper|sld_virtual_jtag_basic:nios_ii_nios2_qsys_0_jtag_debug_module_phy|virtual_state_uir~0                                    ; LCCOMB_X24_Y11_N4  ; 4       ; Clock enable               ; no     ; --                   ; --               ; --                        ;
; nios_ii:u0|nios_ii_nios2_qsys_0:nios2_qsys_0|nios_ii_nios2_qsys_0_nios2_oci:the_nios_ii_nios2_qsys_0_nios2_oci|nios_ii_nios2_qsys_0_nios2_avalon_reg:the_nios_ii_nios2_qsys_0_nios2_avalon_reg|take_action_oci_intr_mask_reg~0                                                                                                            ; LCCOMB_X23_Y14_N26 ; 2       ; Clock enable               ; no     ; --                   ; --               ; --                        ;
; nios_ii:u0|nios_ii_nios2_qsys_0:nios2_qsys_0|nios_ii_nios2_qsys_0_nios2_oci:the_nios_ii_nios2_qsys_0_nios2_oci|nios_ii_nios2_qsys_0_nios2_oci_debug:the_nios_ii_nios2_qsys_0_nios2_oci_debug|resetrequest                                                                                                                                 ; LCFF_X25_Y10_N17   ; 187     ; Async. clear               ; yes    ; Global Clock         ; GCLK12           ; --                        ;
; nios_ii:u0|nios_ii_nios2_qsys_0:nios2_qsys_0|nios_ii_nios2_qsys_0_nios2_oci:the_nios_ii_nios2_qsys_0_nios2_oci|nios_ii_nios2_qsys_0_nios2_ocimem:the_nios_ii_nios2_qsys_0_nios2_ocimem|MonDReg[0]~8                                                                                                                                       ; LCCOMB_X24_Y11_N18 ; 31      ; Clock enable               ; no     ; --                   ; --               ; --                        ;
; nios_ii:u0|nios_ii_nios2_qsys_0:nios2_qsys_0|nios_ii_nios2_qsys_0_nios2_oci:the_nios_ii_nios2_qsys_0_nios2_oci|nios_ii_nios2_qsys_0_nios2_ocimem:the_nios_ii_nios2_qsys_0_nios2_ocimem|ociram_wr_en                                                                                                                                       ; LCCOMB_X25_Y11_N6  ; 2       ; Write enable               ; no     ; --                   ; --               ; --                        ;
; nios_ii:u0|nios_ii_onchip_memory2_0:onchip_memory2_0|altsyncram:the_altsyncram|altsyncram_d391:auto_generated|decode_1oa:decode3|eq_node[0]                                                                                                                                                                                               ; LCCOMB_X34_Y14_N8  ; 32      ; Write enable               ; no     ; --                   ; --               ; --                        ;
; nios_ii:u0|nios_ii_onchip_memory2_0:onchip_memory2_0|altsyncram:the_altsyncram|altsyncram_d391:auto_generated|decode_1oa:decode3|eq_node[1]~0                                                                                                                                                                                             ; LCCOMB_X34_Y14_N14 ; 8       ; Write enable               ; no     ; --                   ; --               ; --                        ;
; nios_ii:u0|nios_ii_onchip_memory2_0:onchip_memory2_0|altsyncram:the_altsyncram|altsyncram_d391:auto_generated|decode_1oa:deep_decode|eq_node[0]                                                                                                                                                                                           ; LCCOMB_X34_Y14_N10 ; 32      ; Clock enable               ; no     ; --                   ; --               ; --                        ;
; nios_ii:u0|nios_ii_onchip_memory2_0:onchip_memory2_0|altsyncram:the_altsyncram|altsyncram_d391:auto_generated|decode_1oa:deep_decode|eq_node[1]                                                                                                                                                                                           ; LCCOMB_X34_Y14_N28 ; 8       ; Clock enable               ; no     ; --                   ; --               ; --                        ;
; nios_ii:u0|nios_ii_rst_controller:rst_controller|altera_reset_controller:rst_controller|altera_reset_synchronizer:alt_rst_sync_uq1|altera_reset_synchronizer_int_chain_out                                                                                                                                                                ; LCFF_X19_Y19_N17   ; 456     ; Async. clear               ; yes    ; Global Clock         ; GCLK8            ; --                        ;
; nios_ii:u0|nios_ii_rst_controller:rst_controller|altera_reset_controller:rst_controller|merged_reset~0                                                                                                                                                                                                                                    ; LCCOMB_X25_Y10_N16 ; 3       ; Async. clear               ; yes    ; Global Clock         ; GCLK13           ; --                        ;
; nios_ii:u0|nios_ii_rst_controller_001:rst_controller_001|altera_reset_controller:rst_controller_001|r_sync_rst                                                                                                                                                                                                                            ; LCFF_X34_Y14_N25   ; 48      ; Async. clear               ; yes    ; Global Clock         ; GCLK4            ; --                        ;
; nios_ii:u0|nios_ii_rst_controller_001:rst_controller_001|altera_reset_controller:rst_controller_001|r_sync_rst_dly                                                                                                                                                                                                                        ; LCFF_X34_Y14_N29   ; 4       ; Clock enable               ; no     ; --                   ; --               ; --                        ;
; sld_hub:auto_hub|sld_jtag_hub:\jtag_hub_gen:sld_jtag_hub_inst|clr_reg                                                                                                                                                                                                                                                                     ; LCFF_X25_Y20_N19   ; 70      ; Async. clear               ; yes    ; Global Clock         ; GCLK11           ; --                        ;
; sld_hub:auto_hub|sld_jtag_hub:\jtag_hub_gen:sld_jtag_hub_inst|design_hash_proc~0                                                                                                                                                                                                                                                          ; LCCOMB_X26_Y19_N20 ; 4       ; Sync. load                 ; no     ; --                   ; --               ; --                        ;
; sld_hub:auto_hub|sld_jtag_hub:\jtag_hub_gen:sld_jtag_hub_inst|hub_info_reg_ena                                                                                                                                                                                                                                                            ; LCCOMB_X26_Y19_N8  ; 6       ; Clock enable               ; no     ; --                   ; --               ; --                        ;
; sld_hub:auto_hub|sld_jtag_hub:\jtag_hub_gen:sld_jtag_hub_inst|hub_info_reg_ena~0                                                                                                                                                                                                                                                          ; LCCOMB_X26_Y19_N10 ; 5       ; Clock enable               ; no     ; --                   ; --               ; --                        ;
; sld_hub:auto_hub|sld_jtag_hub:\jtag_hub_gen:sld_jtag_hub_inst|identity_contrib_shift_reg[0]~4                                                                                                                                                                                                                                             ; LCCOMB_X26_Y20_N4  ; 4       ; Clock enable               ; no     ; --                   ; --               ; --                        ;
; sld_hub:auto_hub|sld_jtag_hub:\jtag_hub_gen:sld_jtag_hub_inst|identity_contrib_update_reg[0]~0                                                                                                                                                                                                                                            ; LCCOMB_X26_Y20_N24 ; 4       ; Clock enable               ; no     ; --                   ; --               ; --                        ;
; sld_hub:auto_hub|sld_jtag_hub:\jtag_hub_gen:sld_jtag_hub_inst|irf_reg[1][0]~5                                                                                                                                                                                                                                                             ; LCCOMB_X26_Y21_N16 ; 5       ; Clock enable               ; no     ; --                   ; --               ; --                        ;
; sld_hub:auto_hub|sld_jtag_hub:\jtag_hub_gen:sld_jtag_hub_inst|irf_reg[2][0]~12                                                                                                                                                                                                                                                            ; LCCOMB_X26_Y21_N4  ; 5       ; Clock enable               ; no     ; --                   ; --               ; --                        ;
; sld_hub:auto_hub|sld_jtag_hub:\jtag_hub_gen:sld_jtag_hub_inst|irsr_reg[2]~17                                                                                                                                                                                                                                                              ; LCCOMB_X24_Y21_N30 ; 5       ; Clock enable               ; no     ; --                   ; --               ; --                        ;
; sld_hub:auto_hub|sld_jtag_hub:\jtag_hub_gen:sld_jtag_hub_inst|mixer_addr_reg[0]~10                                                                                                                                                                                                                                                        ; LCCOMB_X27_Y19_N12 ; 5       ; Sync. load                 ; no     ; --                   ; --               ; --                        ;
; sld_hub:auto_hub|sld_jtag_hub:\jtag_hub_gen:sld_jtag_hub_inst|mixer_addr_reg[0]~11                                                                                                                                                                                                                                                        ; LCCOMB_X26_Y19_N30 ; 5       ; Clock enable               ; no     ; --                   ; --               ; --                        ;
; sld_hub:auto_hub|sld_jtag_hub:\jtag_hub_gen:sld_jtag_hub_inst|node_ena~3                                                                                                                                                                                                                                                                  ; LCCOMB_X25_Y21_N30 ; 2       ; Clock enable               ; no     ; --                   ; --               ; --                        ;
; sld_hub:auto_hub|sld_jtag_hub:\jtag_hub_gen:sld_jtag_hub_inst|shadow_irf_reg[1][0]~2                                                                                                                                                                                                                                                      ; LCCOMB_X26_Y21_N0  ; 5       ; Clock enable               ; no     ; --                   ; --               ; --                        ;
; sld_hub:auto_hub|sld_jtag_hub:\jtag_hub_gen:sld_jtag_hub_inst|shadow_irf_reg[2][0]~9                                                                                                                                                                                                                                                      ; LCCOMB_X27_Y21_N26 ; 5       ; Clock enable               ; no     ; --                   ; --               ; --                        ;
; sld_hub:auto_hub|sld_jtag_hub:\jtag_hub_gen:sld_jtag_hub_inst|sld_rom_sr:hub_info_reg|WORD_SR[0]~7                                                                                                                                                                                                                                        ; LCCOMB_X21_Y19_N24 ; 4       ; Clock enable               ; no     ; --                   ; --               ; --                        ;
; sld_hub:auto_hub|sld_jtag_hub:\jtag_hub_gen:sld_jtag_hub_inst|sld_rom_sr:hub_info_reg|word_counter[4]~8                                                                                                                                                                                                                                   ; LCCOMB_X20_Y19_N12 ; 5       ; Sync. clear                ; no     ; --                   ; --               ; --                        ;
; sld_hub:auto_hub|sld_jtag_hub:\jtag_hub_gen:sld_jtag_hub_inst|sld_rom_sr:hub_info_reg|word_counter[4]~9                                                                                                                                                                                                                                   ; LCCOMB_X26_Y19_N28 ; 5       ; Clock enable               ; no     ; --                   ; --               ; --                        ;
; sld_hub:auto_hub|sld_jtag_hub:\jtag_hub_gen:sld_jtag_hub_inst|sld_shadow_jsm:shadow_jsm|state[0]                                                                                                                                                                                                                                          ; LCFF_X24_Y20_N13   ; 12      ; Async. clear               ; yes    ; Global Clock         ; GCLK9            ; --                        ;
; sld_hub:auto_hub|sld_jtag_hub:\jtag_hub_gen:sld_jtag_hub_inst|sld_shadow_jsm:shadow_jsm|state[11]                                                                                                                                                                                                                                         ; LCFF_X25_Y20_N23   ; 12      ; Clock enable               ; no     ; --                   ; --               ; --                        ;
; sld_hub:auto_hub|sld_jtag_hub:\jtag_hub_gen:sld_jtag_hub_inst|sld_shadow_jsm:shadow_jsm|state[3]                                                                                                                                                                                                                                          ; LCFF_X25_Y20_N7    ; 40      ; Sync. load                 ; no     ; --                   ; --               ; --                        ;
; sld_hub:auto_hub|sld_jtag_hub:\jtag_hub_gen:sld_jtag_hub_inst|sld_shadow_jsm:shadow_jsm|state[4]                                                                                                                                                                                                                                          ; LCFF_X25_Y20_N3    ; 45      ; Sync. clear                ; no     ; --                   ; --               ; --                        ;
; sld_hub:auto_hub|sld_jtag_hub:\jtag_hub_gen:sld_jtag_hub_inst|sld_shadow_jsm:shadow_jsm|state[8]                                                                                                                                                                                                                                          ; LCFF_X25_Y20_N13   ; 16      ; Async. clear               ; no     ; --                   ; --               ; --                        ;
; sld_hub:auto_hub|sld_jtag_hub:\jtag_hub_gen:sld_jtag_hub_inst|virtual_ir_dr_scan_proc~0                                                                                                                                                                                                                                                   ; LCCOMB_X25_Y20_N10 ; 3       ; Clock enable               ; no     ; --                   ; --               ; --                        ;
; sld_hub:auto_hub|sld_jtag_hub:\jtag_hub_gen:sld_jtag_hub_inst|virtual_ir_scan_reg                                                                                                                                                                                                                                                         ; LCFF_X29_Y20_N17   ; 35      ; Async. clear               ; no     ; --                   ; --               ; --                        ;
+-------------------------------------------------------------------------------------------------------------------------------------------------------------------------------------------------------------------------------------------------------------------------------------------------------------------------------------------+--------------------+---------+----------------------------+--------+----------------------+------------------+---------------------------+


+----------------------------------------------------------------------------------------------------------------------------------------------------------------------------------------------------------------------------------------------------------------------------------------------------------------+
; Global & Other Fast Signals                                                                                                                                                                                                                                                                                    ;
+-----------------------------------------------------------------------------------------------------------------------------------------------------------------------------------------------------------+--------------------+---------+----------------------+------------------+---------------------------+
; Name                                                                                                                                                                                                      ; Location           ; Fan-Out ; Global Resource Used ; Global Line Name ; Enable Signal Source Name ;
+-----------------------------------------------------------------------------------------------------------------------------------------------------------------------------------------------------------+--------------------+---------+----------------------+------------------+---------------------------+
; CICLONE2_CLK1_50                                                                                                                                                                                          ; PIN_J2             ; 969     ; Global Clock         ; GCLK3            ; --                        ;
; KEY[0]                                                                                                                                                                                                    ; PIN_J1             ; 3       ; Global Clock         ; GCLK1            ; --                        ;
; altera_internal_jtag~TCKUTAP                                                                                                                                                                              ; JTAG_X1_Y14_N0     ; 183     ; Global Clock         ; GCLK2            ; --                        ;
; nios_ii:u0|nios_ii_nios2_qsys_0:nios2_qsys_0|nios_ii_nios2_qsys_0_nios2_oci:the_nios_ii_nios2_qsys_0_nios2_oci|nios_ii_nios2_qsys_0_nios2_oci_debug:the_nios_ii_nios2_qsys_0_nios2_oci_debug|resetrequest ; LCFF_X25_Y10_N17   ; 187     ; Global Clock         ; GCLK12           ; --                        ;
; nios_ii:u0|nios_ii_rst_controller:rst_controller|altera_reset_controller:rst_controller|altera_reset_synchronizer:alt_rst_sync_uq1|altera_reset_synchronizer_int_chain_out                                ; LCFF_X19_Y19_N17   ; 456     ; Global Clock         ; GCLK8            ; --                        ;
; nios_ii:u0|nios_ii_rst_controller:rst_controller|altera_reset_controller:rst_controller|merged_reset~0                                                                                                    ; LCCOMB_X25_Y10_N16 ; 3       ; Global Clock         ; GCLK13           ; --                        ;
; nios_ii:u0|nios_ii_rst_controller_001:rst_controller_001|altera_reset_controller:rst_controller_001|r_sync_rst                                                                                            ; LCFF_X34_Y14_N25   ; 48      ; Global Clock         ; GCLK4            ; --                        ;
; sld_hub:auto_hub|sld_jtag_hub:\jtag_hub_gen:sld_jtag_hub_inst|clr_reg                                                                                                                                     ; LCFF_X25_Y20_N19   ; 70      ; Global Clock         ; GCLK11           ; --                        ;
; sld_hub:auto_hub|sld_jtag_hub:\jtag_hub_gen:sld_jtag_hub_inst|sld_shadow_jsm:shadow_jsm|state[0]                                                                                                          ; LCFF_X24_Y20_N13   ; 12      ; Global Clock         ; GCLK9            ; --                        ;
+-----------------------------------------------------------------------------------------------------------------------------------------------------------------------------------------------------------+--------------------+---------+----------------------+------------------+---------------------------+


+-----------------------------------------------------------------------------------------------------------------------------------------------------------------------------------------------------------------------------------------------------------------------------------------------------------------------------------------------------------------------------------------+
; Non-Global High Fan-Out Signals                                                                                                                                                                                                                                                                                                                                                         ;
+-------------------------------------------------------------------------------------------------------------------------------------------------------------------------------------------------------------------------------------------------------------------------------------------------------------------------------------------------------------------------------+---------+
; Name                                                                                                                                                                                                                                                                                                                                                                          ; Fan-Out ;
+-------------------------------------------------------------------------------------------------------------------------------------------------------------------------------------------------------------------------------------------------------------------------------------------------------------------------------------------------------------------------------+---------+
; nios_ii:u0|nios_ii_nios2_qsys_0:nios2_qsys_0|W_alu_result[2]                                                                                                                                                                                                                                                                                                                  ; 85      ;
; nios_ii:u0|nios_ii_nios2_qsys_0:nios2_qsys_0|W_alu_result[3]                                                                                                                                                                                                                                                                                                                  ; 85      ;
; nios_ii:u0|nios_ii_nios2_qsys_0:nios2_qsys_0|nios_ii_nios2_qsys_0_nios2_oci:the_nios_ii_nios2_qsys_0_nios2_oci|nios_ii_nios2_qsys_0_jtag_debug_module_wrapper:the_nios_ii_nios2_qsys_0_jtag_debug_module_wrapper|nios_ii_nios2_qsys_0_jtag_debug_module_sysclk:the_nios_ii_nios2_qsys_0_jtag_debug_module_sysclk|take_no_action_break_a~0                                     ; 64      ;
; nios_ii:u0|nios_ii_cmd_xbar_mux:cmd_xbar_mux_001|saved_grant[1]                                                                                                                                                                                                                                                                                                               ; 55      ;
; nios_ii:u0|nios_ii_cmd_xbar_mux:cmd_xbar_mux|saved_grant[1]                                                                                                                                                                                                                                                                                                                   ; 52      ;
; nios_ii:u0|nios_ii_nios2_qsys_0:nios2_qsys_0|E_alu_result~30                                                                                                                                                                                                                                                                                                                  ; 48      ;
; nios_ii:u0|nios_ii_nios2_qsys_0:nios2_qsys_0|nios_ii_nios2_qsys_0_nios2_oci:the_nios_ii_nios2_qsys_0_nios2_oci|nios_ii_nios2_qsys_0_nios2_ocimem:the_nios_ii_nios2_qsys_0_nios2_ocimem|jtag_ram_access                                                                                                                                                                        ; 46      ;
; sld_hub:auto_hub|sld_jtag_hub:\jtag_hub_gen:sld_jtag_hub_inst|sld_shadow_jsm:shadow_jsm|state[4]                                                                                                                                                                                                                                                                              ; 45      ;
; nios_ii:u0|nios_ii_onchip_memory2_0:onchip_memory2_0|altsyncram:the_altsyncram|altsyncram_d391:auto_generated|address_reg_a[0]                                                                                                                                                                                                                                                ; 45      ;
; sld_hub:auto_hub|sld_jtag_hub:\jtag_hub_gen:sld_jtag_hub_inst|irf_reg[1][1]                                                                                                                                                                                                                                                                                                   ; 42      ;
; nios_ii:u0|nios_ii_nios2_qsys_0:nios2_qsys_0|E_new_inst                                                                                                                                                                                                                                                                                                                       ; 42      ;
; nios_ii:u0|nios_ii_nios2_qsys_0:nios2_qsys_0|D_iw[4]                                                                                                                                                                                                                                                                                                                          ; 41      ;
; sld_hub:auto_hub|sld_jtag_hub:\jtag_hub_gen:sld_jtag_hub_inst|sld_shadow_jsm:shadow_jsm|state[3]                                                                                                                                                                                                                                                                              ; 40      ;
; nios_ii:u0|nios_ii_cmd_xbar_mux:cmd_xbar_mux_001|src_data[47]                                                                                                                                                                                                                                                                                                                 ; 40      ;
; nios_ii:u0|nios_ii_cmd_xbar_mux:cmd_xbar_mux_001|src_data[46]                                                                                                                                                                                                                                                                                                                 ; 40      ;
; nios_ii:u0|nios_ii_cmd_xbar_mux:cmd_xbar_mux_001|src_data[45]                                                                                                                                                                                                                                                                                                                 ; 40      ;
; nios_ii:u0|nios_ii_cmd_xbar_mux:cmd_xbar_mux_001|src_data[44]                                                                                                                                                                                                                                                                                                                 ; 40      ;
; nios_ii:u0|nios_ii_cmd_xbar_mux:cmd_xbar_mux_001|src_data[43]                                                                                                                                                                                                                                                                                                                 ; 40      ;
; nios_ii:u0|nios_ii_cmd_xbar_mux:cmd_xbar_mux_001|src_data[42]                                                                                                                                                                                                                                                                                                                 ; 40      ;
; nios_ii:u0|nios_ii_cmd_xbar_mux:cmd_xbar_mux_001|src_data[41]                                                                                                                                                                                                                                                                                                                 ; 40      ;
; nios_ii:u0|nios_ii_cmd_xbar_mux:cmd_xbar_mux_001|src_data[40]                                                                                                                                                                                                                                                                                                                 ; 40      ;
; nios_ii:u0|nios_ii_cmd_xbar_mux:cmd_xbar_mux_001|src_data[39]                                                                                                                                                                                                                                                                                                                 ; 40      ;
; nios_ii:u0|nios_ii_cmd_xbar_mux:cmd_xbar_mux_001|src_data[38]                                                                                                                                                                                                                                                                                                                 ; 40      ;
; nios_ii:u0|nios_ii_nios2_qsys_0:nios2_qsys_0|nios_ii_nios2_qsys_0_nios2_oci:the_nios_ii_nios2_qsys_0_nios2_oci|nios_ii_nios2_qsys_0_jtag_debug_module_wrapper:the_nios_ii_nios2_qsys_0_jtag_debug_module_wrapper|nios_ii_nios2_qsys_0_jtag_debug_module_sysclk:the_nios_ii_nios2_qsys_0_jtag_debug_module_sysclk|update_jdo_strobe                                            ; 39      ;
; nios_ii:u0|nios_ii_nios2_qsys_0:nios2_qsys_0|nios_ii_nios2_qsys_0_nios2_oci:the_nios_ii_nios2_qsys_0_nios2_oci|nios_ii_nios2_qsys_0_jtag_debug_module_wrapper:the_nios_ii_nios2_qsys_0_jtag_debug_module_wrapper|sld_virtual_jtag_basic:nios_ii_nios2_qsys_0_jtag_debug_module_phy|virtual_state_sdr~0                                                                        ; 39      ;
; nios_ii:u0|nios_ii_nios2_qsys_0:nios2_qsys_0|nios_ii_nios2_qsys_0_nios2_oci:the_nios_ii_nios2_qsys_0_nios2_oci|nios_ii_nios2_qsys_0_jtag_debug_module_wrapper:the_nios_ii_nios2_qsys_0_jtag_debug_module_wrapper|nios_ii_nios2_qsys_0_jtag_debug_module_sysclk:the_nios_ii_nios2_qsys_0_jtag_debug_module_sysclk|take_action_ocimem_b                                         ; 36      ;
; nios_ii:u0|nios_ii_nios2_qsys_0:nios2_qsys_0|nios_ii_nios2_qsys_0_nios2_oci:the_nios_ii_nios2_qsys_0_nios2_oci|address[8]                                                                                                                                                                                                                                                     ; 36      ;
; sld_hub:auto_hub|sld_jtag_hub:\jtag_hub_gen:sld_jtag_hub_inst|virtual_ir_scan_reg                                                                                                                                                                                                                                                                                             ; 35      ;
; nios_ii:u0|nios_ii_nios2_qsys_0:nios2_qsys_0|R_ctrl_ld                                                                                                                                                                                                                                                                                                                        ; 35      ;
; nios_ii:u0|nios_ii_nios2_qsys_0:nios2_qsys_0|F_valid~0                                                                                                                                                                                                                                                                                                                        ; 34      ;
; nios_ii:u0|nios_ii_nios2_qsys_0:nios2_qsys_0|nios_ii_nios2_qsys_0_nios2_oci:the_nios_ii_nios2_qsys_0_nios2_oci|nios_ii_nios2_qsys_0_nios2_ocimem:the_nios_ii_nios2_qsys_0_nios2_ocimem|jtag_ram_rd_d1                                                                                                                                                                         ; 33      ;
; nios_ii:u0|nios_ii_cmd_xbar_demux:rsp_xbar_demux_001|src0_valid                                                                                                                                                                                                                                                                                                               ; 33      ;
; nios_ii:u0|nios_ii_nios2_qsys_0:nios2_qsys_0|R_logic_op[0]                                                                                                                                                                                                                                                                                                                    ; 33      ;
; nios_ii:u0|nios_ii_cmd_xbar_mux:cmd_xbar_mux_001|src_data[49]                                                                                                                                                                                                                                                                                                                 ; 32      ;
; nios_ii:u0|nios_ii_cmd_xbar_mux:cmd_xbar_mux_001|src_data[48]                                                                                                                                                                                                                                                                                                                 ; 32      ;
; nios_ii:u0|nios_ii_onchip_memory2_0:onchip_memory2_0|altsyncram:the_altsyncram|altsyncram_d391:auto_generated|decode_1oa:deep_decode|eq_node[0]                                                                                                                                                                                                                               ; 32      ;
; nios_ii:u0|nios_ii_onchip_memory2_0:onchip_memory2_0|altsyncram:the_altsyncram|altsyncram_d391:auto_generated|decode_1oa:decode3|eq_node[0]                                                                                                                                                                                                                                   ; 32      ;
; nios_ii:u0|nios_ii_nios2_qsys_0:nios2_qsys_0|av_ld_rshift8~1                                                                                                                                                                                                                                                                                                                  ; 32      ;
; nios_ii:u0|nios_ii_nios2_qsys_0:nios2_qsys_0|nios_ii_nios2_qsys_0_nios2_oci:the_nios_ii_nios2_qsys_0_nios2_oci|nios_ii_nios2_qsys_0_jtag_debug_module_wrapper:the_nios_ii_nios2_qsys_0_jtag_debug_module_wrapper|nios_ii_nios2_qsys_0_jtag_debug_module_sysclk:the_nios_ii_nios2_qsys_0_jtag_debug_module_sysclk|jdo[36]                                                      ; 32      ;
; nios_ii:u0|nios_ii_nios2_qsys_0:nios2_qsys_0|nios_ii_nios2_qsys_0_nios2_oci:the_nios_ii_nios2_qsys_0_nios2_oci|nios_ii_nios2_qsys_0_jtag_debug_module_wrapper:the_nios_ii_nios2_qsys_0_jtag_debug_module_wrapper|nios_ii_nios2_qsys_0_jtag_debug_module_sysclk:the_nios_ii_nios2_qsys_0_jtag_debug_module_sysclk|jdo[37]                                                      ; 32      ;
; nios_ii:u0|nios_ii_nios2_qsys_0:nios2_qsys_0|D_iw[7]~0                                                                                                                                                                                                                                                                                                                        ; 32      ;
; nios_ii:u0|nios_ii_nios2_qsys_0:nios2_qsys_0|R_ctrl_shift_rot_right                                                                                                                                                                                                                                                                                                           ; 32      ;
; nios_ii:u0|nios_ii_nios2_qsys_0:nios2_qsys_0|R_src1~35                                                                                                                                                                                                                                                                                                                        ; 32      ;
; nios_ii:u0|nios_ii_nios2_qsys_0:nios2_qsys_0|R_src2_use_imm                                                                                                                                                                                                                                                                                                                   ; 32      ;
; nios_ii:u0|nios_ii_nios2_qsys_0:nios2_qsys_0|R_logic_op[1]                                                                                                                                                                                                                                                                                                                    ; 32      ;
; nios_ii:u0|nios_ii_nios2_qsys_0:nios2_qsys_0|nios_ii_nios2_qsys_0_nios2_oci:the_nios_ii_nios2_qsys_0_nios2_oci|nios_ii_nios2_qsys_0_nios2_ocimem:the_nios_ii_nios2_qsys_0_nios2_ocimem|MonDReg[0]~8                                                                                                                                                                           ; 31      ;
; nios_ii:u0|nios_ii_nios2_qsys_0_jtag_debug_module_translator:nios2_qsys_0_jtag_debug_module_translator|altera_merlin_slave_translator:nios2_qsys_0_jtag_debug_module_translator|read_latency_shift_reg[0]                                                                                                                                                                     ; 31      ;
; nios_ii:u0|nios_ii_nios2_qsys_0:nios2_qsys_0|nios_ii_nios2_qsys_0_nios2_oci:the_nios_ii_nios2_qsys_0_nios2_oci|nios_ii_nios2_qsys_0_nios2_avalon_reg:the_nios_ii_nios2_qsys_0_nios2_avalon_reg|Equal1~0                                                                                                                                                                       ; 30      ;
; nios_ii:u0|nios_ii_nios2_qsys_0:nios2_qsys_0|nios_ii_nios2_qsys_0_nios2_oci:the_nios_ii_nios2_qsys_0_nios2_oci|nios_ii_nios2_qsys_0_nios2_avalon_reg:the_nios_ii_nios2_qsys_0_nios2_avalon_reg|oci_ienable[15]                                                                                                                                                                ; 29      ;
; nios_ii:u0|nios_ii_nios2_qsys_0:nios2_qsys_0|W_alu_result[4]                                                                                                                                                                                                                                                                                                                  ; 29      ;
; nios_ii:u0|nios_ii_nios2_qsys_0:nios2_qsys_0|av_ld_aligning_data                                                                                                                                                                                                                                                                                                              ; 28      ;
; nios_ii:u0|nios_ii_jtag_uart_0_avalon_jtag_slave_translator:jtag_uart_0_avalon_jtag_slave_translator|altera_merlin_slave_translator:jtag_uart_0_avalon_jtag_slave_translator|read_latency_shift_reg[0]                                                                                                                                                                        ; 28      ;
; nios_ii:u0|altera_avalon_sc_fifo:nios2_qsys_0_jtag_debug_module_translator_avalon_universal_slave_0_agent_rsp_fifo|mem[0][74]                                                                                                                                                                                                                                                 ; 28      ;
; nios_ii:u0|nios_ii_nios2_qsys_0:nios2_qsys_0|W_alu_result[20]~17                                                                                                                                                                                                                                                                                                              ; 27      ;
; nios_ii:u0|nios_ii_nios2_qsys_0:nios2_qsys_0|E_valid                                                                                                                                                                                                                                                                                                                          ; 27      ;
; nios_ii:u0|nios_ii_nios2_qsys_0:nios2_qsys_0|W_alu_result[6]                                                                                                                                                                                                                                                                                                                  ; 27      ;
; sld_hub:auto_hub|sld_jtag_hub:\jtag_hub_gen:sld_jtag_hub_inst|irf_reg[1][0]                                                                                                                                                                                                                                                                                                   ; 26      ;
; nios_ii:u0|nios_ii_cmd_xbar_demux:rsp_xbar_demux_001|src1_valid                                                                                                                                                                                                                                                                                                               ; 26      ;
; nios_ii:u0|nios_ii_cmd_xbar_demux:rsp_xbar_demux|src1_valid                                                                                                                                                                                                                                                                                                                   ; 24      ;
; nios_ii:u0|nios_ii_nios2_qsys_0:nios2_qsys_0|D_iw[14]                                                                                                                                                                                                                                                                                                                         ; 24      ;
; nios_ii:u0|nios_ii_nios2_qsys_0:nios2_qsys_0|nios_ii_nios2_qsys_0_test_bench:the_nios_ii_nios2_qsys_0_test_bench|d_write                                                                                                                                                                                                                                                      ; 24      ;
; sld_hub:auto_hub|sld_jtag_hub:\jtag_hub_gen:sld_jtag_hub_inst|hub_mode_reg[1]                                                                                                                                                                                                                                                                                                 ; 23      ;
; nios_ii:u0|nios_ii_cmd_xbar_mux:cmd_xbar_mux_001|saved_grant[0]                                                                                                                                                                                                                                                                                                               ; 23      ;
; nios_ii:u0|nios_ii_nios2_qsys_0:nios2_qsys_0|D_iw[2]                                                                                                                                                                                                                                                                                                                          ; 23      ;
; nios_ii:u0|nios_ii_nios2_qsys_0:nios2_qsys_0|d_read                                                                                                                                                                                                                                                                                                                           ; 23      ;
; altera_internal_jtag~TMSUTAP                                                                                                                                                                                                                                                                                                                                                  ; 22      ;
; nios_ii:u0|nios_ii_nios2_qsys_0_data_master_translator:nios2_qsys_0_data_master_translator|altera_merlin_master_translator:nios2_qsys_0_data_master_translator|write_accepted                                                                                                                                                                                                 ; 22      ;
; nios_ii:u0|nios_ii_nios2_qsys_0:nios2_qsys_0|D_iw[15]                                                                                                                                                                                                                                                                                                                         ; 21      ;
; nios_ii:u0|nios_ii_nios2_qsys_0:nios2_qsys_0|D_iw[12]                                                                                                                                                                                                                                                                                                                         ; 21      ;
; nios_ii:u0|nios_ii_jtag_uart_0:jtag_uart_0|alt_jtag_atlantic:nios_ii_jtag_uart_0_alt_jtag_atlantic|td_shift[0]~4                                                                                                                                                                                                                                                              ; 21      ;
; nios_ii:u0|nios_ii_nios2_qsys_0:nios2_qsys_0|D_iw[3]                                                                                                                                                                                                                                                                                                                          ; 21      ;
; nios_ii:u0|nios_ii_switches_s1_translator:switches_s1_translator|altera_merlin_slave_translator:switches_s1_translator|read_latency_shift_reg[0]                                                                                                                                                                                                                              ; 21      ;
; nios_ii:u0|nios_ii_sysid_qsys_0_control_slave_translator:sysid_qsys_0_control_slave_translator|altera_merlin_slave_translator:sysid_qsys_0_control_slave_translator|read_latency_shift_reg[0]                                                                                                                                                                                 ; 21      ;
; nios_ii:u0|nios_ii_nios2_qsys_0:nios2_qsys_0|av_fill_bit~1                                                                                                                                                                                                                                                                                                                    ; 20      ;
; nios_ii:u0|nios_ii_nios2_qsys_0:nios2_qsys_0|D_iw[1]                                                                                                                                                                                                                                                                                                                          ; 20      ;
; nios_ii:u0|nios_ii_nios2_qsys_0:nios2_qsys_0|R_ctrl_shift_rot                                                                                                                                                                                                                                                                                                                 ; 20      ;
; nios_ii:u0|nios_ii_nios2_qsys_0:nios2_qsys_0|W_alu_result[7]                                                                                                                                                                                                                                                                                                                  ; 20      ;
; altera_internal_jtag~TDIUTAP                                                                                                                                                                                                                                                                                                                                                  ; 19      ;
; nios_ii:u0|nios_ii_nios2_qsys_0:nios2_qsys_0|D_iw[16]                                                                                                                                                                                                                                                                                                                         ; 19      ;
; nios_ii:u0|nios_ii_nios2_qsys_0:nios2_qsys_0|D_iw[0]                                                                                                                                                                                                                                                                                                                          ; 19      ;
; nios_ii:u0|nios_ii_nios2_qsys_0:nios2_qsys_0|R_ctrl_logic                                                                                                                                                                                                                                                                                                                     ; 19      ;
; nios_ii:u0|nios_ii_nios2_qsys_0:nios2_qsys_0|E_alu_sub                                                                                                                                                                                                                                                                                                                        ; 19      ;
; nios_ii:u0|nios_ii_nios2_qsys_0:nios2_qsys_0|W_alu_result[20]~18                                                                                                                                                                                                                                                                                                              ; 18      ;
; nios_ii:u0|nios_ii_nios2_qsys_0:nios2_qsys_0|nios_ii_nios2_qsys_0_nios2_oci:the_nios_ii_nios2_qsys_0_nios2_oci|nios_ii_nios2_qsys_0_jtag_debug_module_wrapper:the_nios_ii_nios2_qsys_0_jtag_debug_module_wrapper|nios_ii_nios2_qsys_0_jtag_debug_module_tck:the_nios_ii_nios2_qsys_0_jtag_debug_module_tck|sr[18]~19                                                          ; 18      ;
; nios_ii:u0|nios_ii_cmd_xbar_mux:cmd_xbar_mux|saved_grant[0]                                                                                                                                                                                                                                                                                                                   ; 18      ;
; nios_ii:u0|nios_ii_nios2_qsys_0:nios2_qsys_0|D_iw[21]                                                                                                                                                                                                                                                                                                                         ; 18      ;
; nios_ii:u0|nios_ii_nios2_qsys_0:nios2_qsys_0|R_ctrl_jmp_direct                                                                                                                                                                                                                                                                                                                ; 18      ;
; nios_ii:u0|nios_ii_nios2_qsys_0:nios2_qsys_0|W_valid                                                                                                                                                                                                                                                                                                                          ; 18      ;
; nios_ii:u0|nios_ii_nios2_qsys_0_data_master_translator:nios2_qsys_0_data_master_translator|altera_merlin_master_translator:nios2_qsys_0_data_master_translator|read_accepted                                                                                                                                                                                                  ; 18      ;
; nios_ii:u0|nios_ii_nios2_qsys_0:nios2_qsys_0|R_ctrl_br_cmp                                                                                                                                                                                                                                                                                                                    ; 18      ;
; nios_ii:u0|nios_ii_cmd_xbar_demux:rsp_xbar_demux|src0_valid                                                                                                                                                                                                                                                                                                                   ; 17      ;
; nios_ii:u0|nios_ii_nios2_qsys_0:nios2_qsys_0|R_ctrl_hi_imm16                                                                                                                                                                                                                                                                                                                  ; 17      ;
; nios_ii:u0|nios_ii_leds_s1_translator:hex7_s1_translator|altera_merlin_slave_translator:leds_s1_translator|waitrequest_reset_override                                                                                                                                                                                                                                         ; 17      ;
; nios_ii:u0|nios_ii_nios2_qsys_0:nios2_qsys_0|R_ctrl_rdctl_inst                                                                                                                                                                                                                                                                                                                ; 17      ;
; nios_ii:u0|nios_ii_addr_router_001:addr_router_001|Equal2~1                                                                                                                                                                                                                                                                                                                   ; 17      ;
; sld_hub:auto_hub|sld_jtag_hub:\jtag_hub_gen:sld_jtag_hub_inst|sld_shadow_jsm:shadow_jsm|state[8]                                                                                                                                                                                                                                                                              ; 16      ;
; nios_ii:u0|nios_ii_jtag_uart_0:jtag_uart_0|fifo_wr                                                                                                                                                                                                                                                                                                                            ; 16      ;
; nios_ii:u0|nios_ii_jtag_uart_0:jtag_uart_0|read_0                                                                                                                                                                                                                                                                                                                             ; 16      ;
; nios_ii:u0|nios_ii_nios2_qsys_0:nios2_qsys_0|nios_ii_nios2_qsys_0_nios2_oci:the_nios_ii_nios2_qsys_0_nios2_oci|nios_ii_nios2_qsys_0_jtag_debug_module_wrapper:the_nios_ii_nios2_qsys_0_jtag_debug_module_wrapper|nios_ii_nios2_qsys_0_jtag_debug_module_tck:the_nios_ii_nios2_qsys_0_jtag_debug_module_tck|sr~17                                                              ; 16      ;
; nios_ii:u0|nios_ii_nios2_qsys_0:nios2_qsys_0|R_src2_lo~0                                                                                                                                                                                                                                                                                                                      ; 16      ;
; nios_ii:u0|nios_ii_nios2_qsys_0:nios2_qsys_0|D_iw[5]                                                                                                                                                                                                                                                                                                                          ; 16      ;
; nios_ii:u0|nios_ii_leds_s1_translator:hex0_s1_translator|altera_merlin_slave_translator:leds_s1_translator|wait_latency_counter[0]~1                                                                                                                                                                                                                                          ; 16      ;
; nios_ii:u0|nios_ii_nios2_qsys_0:nios2_qsys_0|nios_ii_nios2_qsys_0_nios2_oci:the_nios_ii_nios2_qsys_0_nios2_oci|nios_ii_nios2_qsys_0_jtag_debug_module_wrapper:the_nios_ii_nios2_qsys_0_jtag_debug_module_wrapper|nios_ii_nios2_qsys_0_jtag_debug_module_sysclk:the_nios_ii_nios2_qsys_0_jtag_debug_module_sysclk|take_action_ocimem_a~0                                       ; 16      ;
; nios_ii:u0|nios_ii_leds_s1_translator:leds_s1_translator|altera_merlin_slave_translator:leds_s1_translator|read_latency_shift_reg[0]                                                                                                                                                                                                                                          ; 16      ;
; sld_hub:auto_hub|sld_jtag_hub:\jtag_hub_gen:sld_jtag_hub_inst|irsr_reg[6]                                                                                                                                                                                                                                                                                                     ; 15      ;
; nios_ii:u0|nios_ii_sysid_qsys_0_control_slave_translator:sysid_qsys_0_control_slave_translator|altera_merlin_slave_translator:sysid_qsys_0_control_slave_translator|av_readdata_pre[30]                                                                                                                                                                                       ; 15      ;
; nios_ii:u0|nios_ii_nios2_qsys_0:nios2_qsys_0|R_src2_hi~0                                                                                                                                                                                                                                                                                                                      ; 15      ;
; nios_ii:u0|nios_ii_nios2_qsys_0:nios2_qsys_0|R_src1~34                                                                                                                                                                                                                                                                                                                        ; 15      ;
; nios_ii:u0|nios_ii_nios2_qsys_0:nios2_qsys_0|D_iw[13]                                                                                                                                                                                                                                                                                                                         ; 15      ;
; nios_ii:u0|nios_ii_nios2_qsys_0:nios2_qsys_0|D_iw[11]                                                                                                                                                                                                                                                                                                                         ; 15      ;
; nios_ii:u0|nios_ii_nios2_qsys_0:nios2_qsys_0|nios_ii_nios2_qsys_0_nios2_oci:the_nios_ii_nios2_qsys_0_nios2_oci|nios_ii_nios2_qsys_0_jtag_debug_module_wrapper:the_nios_ii_nios2_qsys_0_jtag_debug_module_wrapper|nios_ii_nios2_qsys_0_jtag_debug_module_sysclk:the_nios_ii_nios2_qsys_0_jtag_debug_module_sysclk|jdo[34]                                                      ; 15      ;
; sld_hub:auto_hub|sld_jtag_hub:\jtag_hub_gen:sld_jtag_hub_inst|irsr_reg[1]                                                                                                                                                                                                                                                                                                     ; 14      ;
; sld_hub:auto_hub|sld_jtag_hub:\jtag_hub_gen:sld_jtag_hub_inst|irsr_reg[0]                                                                                                                                                                                                                                                                                                     ; 14      ;
; nios_ii:u0|nios_ii_jtag_uart_0:jtag_uart_0|wr_rfifo                                                                                                                                                                                                                                                                                                                           ; 14      ;
; nios_ii:u0|nios_ii_nios2_qsys_0:nios2_qsys_0|F_pc_sel_nxt.10~0                                                                                                                                                                                                                                                                                                                ; 14      ;
; sld_hub:auto_hub|sld_jtag_hub:\jtag_hub_gen:sld_jtag_hub_inst|irsr_reg[2]                                                                                                                                                                                                                                                                                                     ; 13      ;
; nios_ii:u0|nios_ii_nios2_qsys_0:nios2_qsys_0|W_status_reg_pie_inst_nxt~0                                                                                                                                                                                                                                                                                                      ; 13      ;
; nios_ii:u0|nios_ii_nios2_qsys_0:nios2_qsys_0|Equal2~5                                                                                                                                                                                                                                                                                                                         ; 13      ;
; nios_ii:u0|nios_ii_nios2_qsys_0:nios2_qsys_0|nios_ii_nios2_qsys_0_nios2_oci:the_nios_ii_nios2_qsys_0_nios2_oci|nios_ii_nios2_qsys_0_jtag_debug_module_wrapper:the_nios_ii_nios2_qsys_0_jtag_debug_module_wrapper|nios_ii_nios2_qsys_0_jtag_debug_module_tck:the_nios_ii_nios2_qsys_0_jtag_debug_module_tck|sr[4]~13                                                           ; 13      ;
; nios_ii:u0|nios_ii_onchip_memory2_0_s1_translator:onchip_memory2_0_s1_translator|altera_merlin_slave_translator:onchip_memory2_0_s1_translator|read_latency_shift_reg[0]                                                                                                                                                                                                      ; 13      ;
; sld_hub:auto_hub|sld_jtag_hub:\jtag_hub_gen:sld_jtag_hub_inst|irsr_reg[5]                                                                                                                                                                                                                                                                                                     ; 12      ;
; sld_hub:auto_hub|sld_jtag_hub:\jtag_hub_gen:sld_jtag_hub_inst|sld_shadow_jsm:shadow_jsm|state[11]                                                                                                                                                                                                                                                                             ; 12      ;
; nios_ii:u0|nios_ii_nios2_qsys_0_data_master_translator:nios2_qsys_0_data_master_translator|altera_merlin_master_translator:nios2_qsys_0_data_master_translator|uav_read~0                                                                                                                                                                                                     ; 12      ;
; nios_ii:u0|nios_ii_leds_s1_translator:hex7_s1_translator|altera_merlin_slave_translator:leds_s1_translator|read_latency_shift_reg[0]                                                                                                                                                                                                                                          ; 12      ;
; nios_ii:u0|nios_ii_leds_s1_translator:hex6_s1_translator|altera_merlin_slave_translator:leds_s1_translator|read_latency_shift_reg[0]                                                                                                                                                                                                                                          ; 12      ;
; nios_ii:u0|nios_ii_leds_s1_translator:hex5_s1_translator|altera_merlin_slave_translator:leds_s1_translator|read_latency_shift_reg[0]                                                                                                                                                                                                                                          ; 12      ;
; nios_ii:u0|nios_ii_leds_s1_translator:hex4_s1_translator|altera_merlin_slave_translator:leds_s1_translator|read_latency_shift_reg[0]                                                                                                                                                                                                                                          ; 12      ;
; nios_ii:u0|nios_ii_leds_s1_translator:hex2_s1_translator|altera_merlin_slave_translator:leds_s1_translator|read_latency_shift_reg[0]                                                                                                                                                                                                                                          ; 12      ;
; nios_ii:u0|nios_ii_leds_s1_translator:hex1_s1_translator|altera_merlin_slave_translator:leds_s1_translator|read_latency_shift_reg[0]                                                                                                                                                                                                                                          ; 12      ;
; nios_ii:u0|nios_ii_leds_s1_translator:hex0_s1_translator|altera_merlin_slave_translator:leds_s1_translator|read_latency_shift_reg[0]                                                                                                                                                                                                                                          ; 12      ;
; nios_ii:u0|nios_ii_nios2_qsys_0_data_master_translator:nios2_qsys_0_data_master_translator|altera_merlin_master_translator:nios2_qsys_0_data_master_translator|uav_write~0                                                                                                                                                                                                    ; 12      ;
; nios_ii:u0|nios_ii_nios2_qsys_0:nios2_qsys_0|d_writedata[1]                                                                                                                                                                                                                                                                                                                   ; 12      ;
; nios_ii:u0|nios_ii_nios2_qsys_0:nios2_qsys_0|d_writedata[0]                                                                                                                                                                                                                                                                                                                   ; 12      ;
; sld_hub:auto_hub|sld_jtag_hub:\jtag_hub_gen:sld_jtag_hub_inst|mixer_addr_reg[1]                                                                                                                                                                                                                                                                                               ; 11      ;
; nios_ii:u0|nios_ii_jtag_uart_0:jtag_uart_0|r_val~0                                                                                                                                                                                                                                                                                                                            ; 11      ;
; nios_ii:u0|nios_ii_nios2_qsys_0:nios2_qsys_0|nios_ii_nios2_qsys_0_nios2_oci:the_nios_ii_nios2_qsys_0_nios2_oci|nios_ii_nios2_qsys_0_jtag_debug_module_wrapper:the_nios_ii_nios2_qsys_0_jtag_debug_module_wrapper|nios_ii_nios2_qsys_0_jtag_debug_module_sysclk:the_nios_ii_nios2_qsys_0_jtag_debug_module_sysclk|take_action_ocimem_a~1                                       ; 11      ;
; nios_ii:u0|nios_ii_jtag_uart_0:jtag_uart_0|alt_jtag_atlantic:nios_ii_jtag_uart_0_alt_jtag_atlantic|count[9]                                                                                                                                                                                                                                                                   ; 11      ;
; nios_ii:u0|altera_avalon_sc_fifo:nios2_qsys_0_jtag_debug_module_translator_avalon_universal_slave_0_agent_rsp_fifo|mem_used[1]                                                                                                                                                                                                                                                ; 11      ;
; nios_ii:u0|nios_ii_nios2_qsys_0:nios2_qsys_0|d_writedata[6]                                                                                                                                                                                                                                                                                                                   ; 11      ;
; nios_ii:u0|nios_ii_nios2_qsys_0:nios2_qsys_0|d_writedata[5]                                                                                                                                                                                                                                                                                                                   ; 11      ;
; nios_ii:u0|nios_ii_nios2_qsys_0:nios2_qsys_0|d_writedata[4]                                                                                                                                                                                                                                                                                                                   ; 11      ;
; nios_ii:u0|nios_ii_nios2_qsys_0:nios2_qsys_0|d_writedata[3]                                                                                                                                                                                                                                                                                                                   ; 11      ;
; nios_ii:u0|nios_ii_nios2_qsys_0:nios2_qsys_0|d_writedata[2]                                                                                                                                                                                                                                                                                                                   ; 11      ;
; nios_ii:u0|nios_ii_nios2_qsys_0:nios2_qsys_0|W_alu_result[8]                                                                                                                                                                                                                                                                                                                  ; 11      ;
; sld_hub:auto_hub|sld_jtag_hub:\jtag_hub_gen:sld_jtag_hub_inst|irf_reg[2][0]                                                                                                                                                                                                                                                                                                   ; 10      ;
; sld_hub:auto_hub|sld_jtag_hub:\jtag_hub_gen:sld_jtag_hub_inst|mixer_addr_reg[4]                                                                                                                                                                                                                                                                                               ; 10      ;
; sld_hub:auto_hub|sld_jtag_hub:\jtag_hub_gen:sld_jtag_hub_inst|mixer_addr_reg[3]                                                                                                                                                                                                                                                                                               ; 10      ;
; sld_hub:auto_hub|sld_jtag_hub:\jtag_hub_gen:sld_jtag_hub_inst|mixer_addr_reg[2]                                                                                                                                                                                                                                                                                               ; 10      ;
; nios_ii:u0|nios_ii_cmd_xbar_mux:cmd_xbar_mux_001|src_data[33]                                                                                                                                                                                                                                                                                                                 ; 10      ;
; nios_ii:u0|nios_ii_cmd_xbar_mux:cmd_xbar_mux_001|src_data[35]                                                                                                                                                                                                                                                                                                                 ; 10      ;
; nios_ii:u0|nios_ii_cmd_xbar_mux:cmd_xbar_mux_001|src_data[34]                                                                                                                                                                                                                                                                                                                 ; 10      ;
; nios_ii:u0|nios_ii_cmd_xbar_mux:cmd_xbar_mux_001|src_data[32]                                                                                                                                                                                                                                                                                                                 ; 10      ;
; nios_ii:u0|nios_ii_nios2_qsys_0:nios2_qsys_0|Equal133~0                                                                                                                                                                                                                                                                                                                       ; 10      ;
; nios_ii:u0|altera_avalon_sc_fifo:onchip_memory2_0_s1_translator_avalon_universal_slave_0_agent_rsp_fifo|mem[0][74]                                                                                                                                                                                                                                                            ; 10      ;
; nios_ii:u0|nios_ii_nios2_qsys_0:nios2_qsys_0|nios_ii_nios2_qsys_0_nios2_oci:the_nios_ii_nios2_qsys_0_nios2_oci|nios_ii_nios2_qsys_0_nios2_ocimem:the_nios_ii_nios2_qsys_0_nios2_ocimem|waitrequest                                                                                                                                                                            ; 10      ;
; nios_ii:u0|nios_ii_leds:leds|always0~2                                                                                                                                                                                                                                                                                                                                        ; 10      ;
; ~GND                                                                                                                                                                                                                                                                                                                                                                          ; 9       ;
; nios_ii:u0|nios_ii_jtag_uart_0:jtag_uart_0|alt_jtag_atlantic:nios_ii_jtag_uart_0_alt_jtag_atlantic|r_ena~0                                                                                                                                                                                                                                                                    ; 9       ;
; nios_ii:u0|nios_ii_nios2_qsys_0:nios2_qsys_0|hbreak_enabled                                                                                                                                                                                                                                                                                                                   ; 9       ;
; nios_ii:u0|nios_ii_nios2_qsys_0:nios2_qsys_0|D_iw[7]                                                                                                                                                                                                                                                                                                                          ; 9       ;
; nios_ii:u0|nios_ii_jtag_uart_0:jtag_uart_0|alt_jtag_atlantic:nios_ii_jtag_uart_0_alt_jtag_atlantic|state                                                                                                                                                                                                                                                                      ; 9       ;
; nios_ii:u0|altera_merlin_master_agent:nios2_qsys_0_data_master_translator_avalon_universal_master_0_agent|cp_valid                                                                                                                                                                                                                                                            ; 9       ;
; nios_ii:u0|nios_ii_addr_router_001:addr_router_001|Equal1~0                                                                                                                                                                                                                                                                                                                   ; 9       ;
; sld_hub:auto_hub|sld_jtag_hub:\jtag_hub_gen:sld_jtag_hub_inst|irsr_reg[4]                                                                                                                                                                                                                                                                                                     ; 8       ;
; sld_hub:auto_hub|sld_jtag_hub:\jtag_hub_gen:sld_jtag_hub_inst|node_ena[1]~reg0                                                                                                                                                                                                                                                                                                ; 8       ;
; sld_hub:auto_hub|sld_jtag_hub:\jtag_hub_gen:sld_jtag_hub_inst|sld_rom_sr:hub_info_reg|word_counter[2]                                                                                                                                                                                                                                                                         ; 8       ;
; sld_hub:auto_hub|sld_jtag_hub:\jtag_hub_gen:sld_jtag_hub_inst|mixer_addr_reg[0]                                                                                                                                                                                                                                                                                               ; 8       ;
; nios_ii:u0|nios_ii_jtag_uart_0:jtag_uart_0|alt_jtag_atlantic:nios_ii_jtag_uart_0_alt_jtag_atlantic|wdata[1]~0                                                                                                                                                                                                                                                                 ; 8       ;
; nios_ii:u0|nios_ii_jtag_uart_0:jtag_uart_0|fifo_rd~2                                                                                                                                                                                                                                                                                                                          ; 8       ;
; nios_ii:u0|nios_ii_jtag_uart_0:jtag_uart_0|nios_ii_jtag_uart_0_scfifo_r:the_nios_ii_jtag_uart_0_scfifo_r|scfifo:rfifo|scfifo_1n21:auto_generated|a_dpfifo_8t21:dpfifo|a_fefifo_7cf:fifo_state|b_non_empty                                                                                                                                                                     ; 8       ;
; nios_ii:u0|nios_ii_onchip_memory2_0:onchip_memory2_0|altsyncram:the_altsyncram|altsyncram_d391:auto_generated|decode_1oa:deep_decode|eq_node[1]                                                                                                                                                                                                                               ; 8       ;
; nios_ii:u0|nios_ii_onchip_memory2_0:onchip_memory2_0|altsyncram:the_altsyncram|altsyncram_d391:auto_generated|decode_1oa:decode3|eq_node[1]~0                                                                                                                                                                                                                                 ; 8       ;
; nios_ii:u0|nios_ii_nios2_qsys_0:nios2_qsys_0|av_ld_byte1_data_en~0                                                                                                                                                                                                                                                                                                            ; 8       ;
; nios_ii:u0|nios_ii_nios2_qsys_0:nios2_qsys_0|R_ctrl_break                                                                                                                                                                                                                                                                                                                     ; 8       ;
; nios_ii:u0|nios_ii_nios2_qsys_0:nios2_qsys_0|R_ctrl_exception                                                                                                                                                                                                                                                                                                                 ; 8       ;
; nios_ii:u0|nios_ii_nios2_qsys_0:nios2_qsys_0|av_ld_byte0_data[4]~0                                                                                                                                                                                                                                                                                                            ; 8       ;
; nios_ii:u0|nios_ii_nios2_qsys_0:nios2_qsys_0|nios_ii_nios2_qsys_0_nios2_oci:the_nios_ii_nios2_qsys_0_nios2_oci|write                                                                                                                                                                                                                                                          ; 8       ;
; nios_ii:u0|nios_ii_nios2_qsys_0:nios2_qsys_0|D_iw[6]                                                                                                                                                                                                                                                                                                                          ; 8       ;
; nios_ii:u0|nios_ii_nios2_qsys_0:nios2_qsys_0|D_iw[8]                                                                                                                                                                                                                                                                                                                          ; 8       ;
; nios_ii:u0|altera_merlin_master_agent:nios2_qsys_0_instruction_master_translator_avalon_universal_master_0_agent|hold_waitrequest                                                                                                                                                                                                                                             ; 8       ;
; nios_ii:u0|altera_avalon_sc_fifo:sysid_qsys_0_control_slave_translator_avalon_universal_slave_0_agent_rsp_fifo|mem_used[1]                                                                                                                                                                                                                                                    ; 8       ;
; nios_ii:u0|nios_ii_nios2_qsys_0:nios2_qsys_0|E_src1[0]                                                                                                                                                                                                                                                                                                                        ; 8       ;
; nios_ii:u0|nios_ii_leds:leds|always0~1                                                                                                                                                                                                                                                                                                                                        ; 8       ;
; nios_ii:u0|nios_ii_addr_router_001:addr_router_001|Equal2~0                                                                                                                                                                                                                                                                                                                   ; 8       ;
; sld_hub:auto_hub|sld_jtag_hub:\jtag_hub_gen:sld_jtag_hub_inst|sld_rom_sr:hub_info_reg|word_counter[3]                                                                                                                                                                                                                                                                         ; 7       ;
; sld_hub:auto_hub|sld_jtag_hub:\jtag_hub_gen:sld_jtag_hub_inst|sld_rom_sr:hub_info_reg|word_counter[0]                                                                                                                                                                                                                                                                         ; 7       ;
; nios_ii:u0|nios_ii_jtag_uart_0:jtag_uart_0|nios_ii_jtag_uart_0_scfifo_w:the_nios_ii_jtag_uart_0_scfifo_w|scfifo:wfifo|scfifo_1n21:auto_generated|a_dpfifo_8t21:dpfifo|a_fefifo_7cf:fifo_state|b_full                                                                                                                                                                          ; 7       ;
; nios_ii:u0|nios_ii_jtag_uart_0:jtag_uart_0|nios_ii_jtag_uart_0_scfifo_r:the_nios_ii_jtag_uart_0_scfifo_r|scfifo:rfifo|scfifo_1n21:auto_generated|a_dpfifo_8t21:dpfifo|a_fefifo_7cf:fifo_state|b_full                                                                                                                                                                          ; 7       ;
; nios_ii:u0|nios_ii_nios2_qsys_0:nios2_qsys_0|nios_ii_nios2_qsys_0_nios2_oci:the_nios_ii_nios2_qsys_0_nios2_oci|nios_ii_nios2_qsys_0_nios2_ocimem:the_nios_ii_nios2_qsys_0_nios2_ocimem|MonAReg[3]                                                                                                                                                                             ; 7       ;
; nios_ii:u0|nios_ii_nios2_qsys_0:nios2_qsys_0|nios_ii_nios2_qsys_0_nios2_oci:the_nios_ii_nios2_qsys_0_nios2_oci|nios_ii_nios2_qsys_0_nios2_ocimem:the_nios_ii_nios2_qsys_0_nios2_ocimem|MonAReg[4]                                                                                                                                                                             ; 7       ;
; nios_ii:u0|nios_ii_nios2_qsys_0:nios2_qsys_0|nios_ii_nios2_qsys_0_nios2_oci:the_nios_ii_nios2_qsys_0_nios2_oci|nios_ii_nios2_qsys_0_nios2_ocimem:the_nios_ii_nios2_qsys_0_nios2_ocimem|MonAReg[2]                                                                                                                                                                             ; 7       ;
; nios_ii:u0|nios_ii_nios2_qsys_0:nios2_qsys_0|D_ctrl_retaddr~0                                                                                                                                                                                                                                                                                                                 ; 7       ;
; nios_ii:u0|altera_avalon_sc_fifo:onchip_memory2_0_s1_translator_avalon_universal_slave_0_agent_rsp_fifo|mem_used[1]                                                                                                                                                                                                                                                           ; 7       ;
; nios_ii:u0|nios_ii_nios2_qsys_0:nios2_qsys_0|nios_ii_nios2_qsys_0_nios2_oci:the_nios_ii_nios2_qsys_0_nios2_oci|nios_ii_nios2_qsys_0_jtag_debug_module_wrapper:the_nios_ii_nios2_qsys_0_jtag_debug_module_wrapper|sld_virtual_jtag_basic:nios_ii_nios2_qsys_0_jtag_debug_module_phy|virtual_state_cdr                                                                          ; 7       ;
; nios_ii:u0|nios_ii_hex0:hex7|always0~1                                                                                                                                                                                                                                                                                                                                        ; 7       ;
; nios_ii:u0|nios_ii_hex0:hex6|always0~1                                                                                                                                                                                                                                                                                                                                        ; 7       ;
; nios_ii:u0|nios_ii_hex0:hex5|always0~2                                                                                                                                                                                                                                                                                                                                        ; 7       ;
; nios_ii:u0|nios_ii_hex0:hex4|always0~2                                                                                                                                                                                                                                                                                                                                        ; 7       ;
; nios_ii:u0|nios_ii_hex0:hex2|always0~1                                                                                                                                                                                                                                                                                                                                        ; 7       ;
; nios_ii:u0|nios_ii_hex0:hex1|always0~1                                                                                                                                                                                                                                                                                                                                        ; 7       ;
; nios_ii:u0|nios_ii_hex0:hex0|always0~2                                                                                                                                                                                                                                                                                                                                        ; 7       ;
; nios_ii:u0|nios_ii_nios2_qsys_0:nios2_qsys_0|W_alu_result[5]                                                                                                                                                                                                                                                                                                                  ; 7       ;
; sld_hub:auto_hub|sld_jtag_hub:\jtag_hub_gen:sld_jtag_hub_inst|hub_info_reg_ena                                                                                                                                                                                                                                                                                                ; 6       ;
; sld_hub:auto_hub|sld_jtag_hub:\jtag_hub_gen:sld_jtag_hub_inst|irsr_reg[3]                                                                                                                                                                                                                                                                                                     ; 6       ;
; nios_ii:u0|nios_ii_jtag_uart_0:jtag_uart_0|nios_ii_jtag_uart_0_scfifo_r:the_nios_ii_jtag_uart_0_scfifo_r|scfifo:rfifo|scfifo_1n21:auto_generated|a_dpfifo_8t21:dpfifo|a_fefifo_7cf:fifo_state|_~4                                                                                                                                                                             ; 6       ;
; nios_ii:u0|nios_ii_jtag_uart_0:jtag_uart_0|nios_ii_jtag_uart_0_scfifo_w:the_nios_ii_jtag_uart_0_scfifo_w|scfifo:wfifo|scfifo_1n21:auto_generated|a_dpfifo_8t21:dpfifo|a_fefifo_7cf:fifo_state|_~0                                                                                                                                                                             ; 6       ;
; nios_ii:u0|nios_ii_jtag_uart_0:jtag_uart_0|alt_jtag_atlantic:nios_ii_jtag_uart_0_alt_jtag_atlantic|t_ena~reg0                                                                                                                                                                                                                                                                 ; 6       ;
; nios_ii:u0|nios_ii_nios2_qsys_0:nios2_qsys_0|D_ctrl_b_is_dst~1                                                                                                                                                                                                                                                                                                                ; 6       ;
; nios_ii:u0|nios_ii_nios2_qsys_0:nios2_qsys_0|i_read                                                                                                                                                                                                                                                                                                                           ; 6       ;
; nios_ii:u0|nios_ii_jtag_uart_0:jtag_uart_0|av_waitrequest~0                                                                                                                                                                                                                                                                                                                   ; 6       ;
; nios_ii:u0|nios_ii_nios2_qsys_0:nios2_qsys_0|R_valid                                                                                                                                                                                                                                                                                                                          ; 6       ;
; nios_ii:u0|nios_ii_addr_router_001:addr_router_001|Equal4~1                                                                                                                                                                                                                                                                                                                   ; 6       ;
; nios_ii:u0|nios_ii_addr_router_001:addr_router_001|Equal1~1                                                                                                                                                                                                                                                                                                                   ; 6       ;
; nios_ii:u0|nios_ii_leds_s1_translator:leds_s1_translator|altera_merlin_slave_translator:leds_s1_translator|waitrequest_reset_override                                                                                                                                                                                                                                         ; 6       ;
; nios_ii:u0|altera_avalon_sc_fifo:hex7_s1_translator_avalon_universal_slave_0_agent_rsp_fifo|mem_used[1]                                                                                                                                                                                                                                                                       ; 6       ;
; nios_ii:u0|altera_avalon_sc_fifo:hex6_s1_translator_avalon_universal_slave_0_agent_rsp_fifo|mem_used[1]                                                                                                                                                                                                                                                                       ; 6       ;
; nios_ii:u0|altera_avalon_sc_fifo:hex2_s1_translator_avalon_universal_slave_0_agent_rsp_fifo|mem_used[1]                                                                                                                                                                                                                                                                       ; 6       ;
; nios_ii:u0|altera_avalon_sc_fifo:hex1_s1_translator_avalon_universal_slave_0_agent_rsp_fifo|mem_used[1]                                                                                                                                                                                                                                                                       ; 6       ;
; nios_ii:u0|altera_avalon_sc_fifo:leds_s1_translator_avalon_universal_slave_0_agent_rsp_fifo|mem_used[1]                                                                                                                                                                                                                                                                       ; 6       ;
; nios_ii:u0|nios_ii_jtag_uart_0:jtag_uart_0|nios_ii_jtag_uart_0_scfifo_r:the_nios_ii_jtag_uart_0_scfifo_r|scfifo:rfifo|scfifo_1n21:auto_generated|a_dpfifo_8t21:dpfifo|a_fefifo_7cf:fifo_state|cntr_rj7:count_usedw|safe_q[0]                                                                                                                                                  ; 6       ;
; sld_hub:auto_hub|sld_jtag_hub:\jtag_hub_gen:sld_jtag_hub_inst|irsr_reg[2]~17                                                                                                                                                                                                                                                                                                  ; 5       ;
; sld_hub:auto_hub|sld_jtag_hub:\jtag_hub_gen:sld_jtag_hub_inst|sld_rom_sr:hub_info_reg|word_counter[4]~9                                                                                                                                                                                                                                                                       ; 5       ;
; sld_hub:auto_hub|sld_jtag_hub:\jtag_hub_gen:sld_jtag_hub_inst|sld_rom_sr:hub_info_reg|word_counter[4]~8                                                                                                                                                                                                                                                                       ; 5       ;
; sld_hub:auto_hub|sld_jtag_hub:\jtag_hub_gen:sld_jtag_hub_inst|mixer_addr_reg[0]~11                                                                                                                                                                                                                                                                                            ; 5       ;
; sld_hub:auto_hub|sld_jtag_hub:\jtag_hub_gen:sld_jtag_hub_inst|mixer_addr_reg[0]~10                                                                                                                                                                                                                                                                                            ; 5       ;
; sld_hub:auto_hub|sld_jtag_hub:\jtag_hub_gen:sld_jtag_hub_inst|shadow_irf_reg[2][0]~9                                                                                                                                                                                                                                                                                          ; 5       ;
; sld_hub:auto_hub|sld_jtag_hub:\jtag_hub_gen:sld_jtag_hub_inst|shadow_irf_reg[1][0]~2                                                                                                                                                                                                                                                                                          ; 5       ;
; sld_hub:auto_hub|sld_jtag_hub:\jtag_hub_gen:sld_jtag_hub_inst|irsr_reg[3]~2                                                                                                                                                                                                                                                                                                   ; 5       ;
; sld_hub:auto_hub|sld_jtag_hub:\jtag_hub_gen:sld_jtag_hub_inst|virtual_dr_scan_reg                                                                                                                                                                                                                                                                                             ; 5       ;
; sld_hub:auto_hub|sld_jtag_hub:\jtag_hub_gen:sld_jtag_hub_inst|irf_reg[2][0]~12                                                                                                                                                                                                                                                                                                ; 5       ;
; sld_hub:auto_hub|sld_jtag_hub:\jtag_hub_gen:sld_jtag_hub_inst|irf_reg[1][0]~5                                                                                                                                                                                                                                                                                                 ; 5       ;
; sld_hub:auto_hub|sld_jtag_hub:\jtag_hub_gen:sld_jtag_hub_inst|irf_proc~0                                                                                                                                                                                                                                                                                                      ; 5       ;
; sld_hub:auto_hub|sld_jtag_hub:\jtag_hub_gen:sld_jtag_hub_inst|hub_info_reg_ena~0                                                                                                                                                                                                                                                                                              ; 5       ;
; sld_hub:auto_hub|sld_jtag_hub:\jtag_hub_gen:sld_jtag_hub_inst|sld_rom_sr:hub_info_reg|word_counter[1]                                                                                                                                                                                                                                                                         ; 5       ;
; sld_hub:auto_hub|sld_jtag_hub:\jtag_hub_gen:sld_jtag_hub_inst|sld_rom_sr:hub_info_reg|word_counter[4]                                                                                                                                                                                                                                                                         ; 5       ;
; nios_ii:u0|nios_ii_jtag_uart_0:jtag_uart_0|alt_jtag_atlantic:nios_ii_jtag_uart_0_alt_jtag_atlantic|write_stalled~1                                                                                                                                                                                                                                                            ; 5       ;
; nios_ii:u0|nios_ii_nios2_qsys_0:nios2_qsys_0|nios_ii_nios2_qsys_0_nios2_oci:the_nios_ii_nios2_qsys_0_nios2_oci|nios_ii_nios2_qsys_0_nios2_avalon_reg:the_nios_ii_nios2_qsys_0_nios2_avalon_reg|Equal0~2                                                                                                                                                                       ; 5       ;
; nios_ii:u0|nios_ii_cmd_xbar_mux:cmd_xbar_mux_001|src_data[50]                                                                                                                                                                                                                                                                                                                 ; 5       ;
; nios_ii:u0|nios_ii_nios2_qsys_0:nios2_qsys_0|av_fill_bit~0                                                                                                                                                                                                                                                                                                                    ; 5       ;
; nios_ii:u0|nios_ii_nios2_qsys_0:nios2_qsys_0|R_ctrl_ld_signed                                                                                                                                                                                                                                                                                                                 ; 5       ;
; nios_ii:u0|nios_ii_nios2_qsys_0:nios2_qsys_0|E_arith_result[1]~6                                                                                                                                                                                                                                                                                                              ; 5       ;
; nios_ii:u0|nios_ii_nios2_qsys_0:nios2_qsys_0|nios_ii_nios2_qsys_0_nios2_oci:the_nios_ii_nios2_qsys_0_nios2_oci|nios_ii_nios2_qsys_0_jtag_debug_module_wrapper:the_nios_ii_nios2_qsys_0_jtag_debug_module_wrapper|nios_ii_nios2_qsys_0_jtag_debug_module_sysclk:the_nios_ii_nios2_qsys_0_jtag_debug_module_sysclk|jdo[17]                                                      ; 5       ;
; nios_ii:u0|nios_ii_nios2_qsys_0:nios2_qsys_0|Equal101~5                                                                                                                                                                                                                                                                                                                       ; 5       ;
; nios_ii:u0|nios_ii_nios2_qsys_0:nios2_qsys_0|E_arith_result[0]~5                                                                                                                                                                                                                                                                                                              ; 5       ;
; nios_ii:u0|nios_ii_nios2_qsys_0:nios2_qsys_0|D_dst_regnum[4]~0                                                                                                                                                                                                                                                                                                                ; 5       ;
; nios_ii:u0|nios_ii_jtag_uart_0:jtag_uart_0|alt_jtag_atlantic:nios_ii_jtag_uart_0_alt_jtag_atlantic|jupdate~0                                                                                                                                                                                                                                                                  ; 5       ;
; nios_ii:u0|nios_ii_jtag_uart_0:jtag_uart_0|alt_jtag_atlantic:nios_ii_jtag_uart_0_alt_jtag_atlantic|td_shift~6                                                                                                                                                                                                                                                                 ; 5       ;
; nios_ii:u0|nios_ii_nios2_qsys_0:nios2_qsys_0|W_status_reg_pie                                                                                                                                                                                                                                                                                                                 ; 5       ;
; nios_ii:u0|nios_ii_nios2_qsys_0:nios2_qsys_0|hbreak_req~0                                                                                                                                                                                                                                                                                                                     ; 5       ;
; nios_ii:u0|nios_ii_nios2_qsys_0:nios2_qsys_0|Equal2~0                                                                                                                                                                                                                                                                                                                         ; 5       ;
; nios_ii:u0|altera_avalon_sc_fifo:switches_s1_translator_avalon_universal_slave_0_agent_rsp_fifo|mem_used[1]                                                                                                                                                                                                                                                                   ; 5       ;
; nios_ii:u0|altera_avalon_sc_fifo:jtag_uart_0_avalon_jtag_slave_translator_avalon_universal_slave_0_agent_rsp_fifo|mem_used[1]                                                                                                                                                                                                                                                 ; 5       ;
; nios_ii:u0|nios_ii_leds_s1_translator:hex7_s1_translator|altera_merlin_slave_translator:leds_s1_translator|wait_latency_counter[0]                                                                                                                                                                                                                                            ; 5       ;
; nios_ii:u0|altera_avalon_sc_fifo:hex5_s1_translator_avalon_universal_slave_0_agent_rsp_fifo|mem_used[1]                                                                                                                                                                                                                                                                       ; 5       ;
; nios_ii:u0|altera_avalon_sc_fifo:hex4_s1_translator_avalon_universal_slave_0_agent_rsp_fifo|mem_used[1]                                                                                                                                                                                                                                                                       ; 5       ;
; nios_ii:u0|altera_avalon_sc_fifo:hex0_s1_translator_avalon_universal_slave_0_agent_rsp_fifo|mem_used[1]                                                                                                                                                                                                                                                                       ; 5       ;
; nios_ii:u0|nios_ii_addr_router_001:addr_router_001|Equal4~0                                                                                                                                                                                                                                                                                                                   ; 5       ;
; nios_ii:u0|nios_ii_leds_s1_translator:leds_s1_translator|altera_merlin_slave_translator:leds_s1_translator|wait_latency_counter[1]                                                                                                                                                                                                                                            ; 5       ;
; nios_ii:u0|nios_ii_jtag_uart_0:jtag_uart_0|nios_ii_jtag_uart_0_scfifo_r:the_nios_ii_jtag_uart_0_scfifo_r|scfifo:rfifo|scfifo_1n21:auto_generated|a_dpfifo_8t21:dpfifo|a_fefifo_7cf:fifo_state|cntr_rj7:count_usedw|safe_q[5]                                                                                                                                                  ; 5       ;
; nios_ii:u0|nios_ii_jtag_uart_0:jtag_uart_0|nios_ii_jtag_uart_0_scfifo_r:the_nios_ii_jtag_uart_0_scfifo_r|scfifo:rfifo|scfifo_1n21:auto_generated|a_dpfifo_8t21:dpfifo|a_fefifo_7cf:fifo_state|cntr_rj7:count_usedw|safe_q[4]                                                                                                                                                  ; 5       ;
; nios_ii:u0|nios_ii_jtag_uart_0:jtag_uart_0|nios_ii_jtag_uart_0_scfifo_r:the_nios_ii_jtag_uart_0_scfifo_r|scfifo:rfifo|scfifo_1n21:auto_generated|a_dpfifo_8t21:dpfifo|a_fefifo_7cf:fifo_state|cntr_rj7:count_usedw|safe_q[1]                                                                                                                                                  ; 5       ;
; nios_ii:u0|nios_ii_jtag_uart_0:jtag_uart_0|nios_ii_jtag_uart_0_scfifo_r:the_nios_ii_jtag_uart_0_scfifo_r|scfifo:rfifo|scfifo_1n21:auto_generated|a_dpfifo_8t21:dpfifo|a_fefifo_7cf:fifo_state|cntr_rj7:count_usedw|safe_q[2]                                                                                                                                                  ; 5       ;
; nios_ii:u0|nios_ii_jtag_uart_0:jtag_uart_0|nios_ii_jtag_uart_0_scfifo_r:the_nios_ii_jtag_uart_0_scfifo_r|scfifo:rfifo|scfifo_1n21:auto_generated|a_dpfifo_8t21:dpfifo|a_fefifo_7cf:fifo_state|cntr_rj7:count_usedw|safe_q[3]                                                                                                                                                  ; 5       ;
; nios_ii:u0|nios_ii_jtag_uart_0:jtag_uart_0|nios_ii_jtag_uart_0_scfifo_w:the_nios_ii_jtag_uart_0_scfifo_w|scfifo:wfifo|scfifo_1n21:auto_generated|a_dpfifo_8t21:dpfifo|a_fefifo_7cf:fifo_state|cntr_rj7:count_usedw|safe_q[4]                                                                                                                                                  ; 5       ;
; nios_ii:u0|nios_ii_jtag_uart_0:jtag_uart_0|nios_ii_jtag_uart_0_scfifo_w:the_nios_ii_jtag_uart_0_scfifo_w|scfifo:wfifo|scfifo_1n21:auto_generated|a_dpfifo_8t21:dpfifo|a_fefifo_7cf:fifo_state|cntr_rj7:count_usedw|safe_q[5]                                                                                                                                                  ; 5       ;
; nios_ii:u0|nios_ii_jtag_uart_0:jtag_uart_0|nios_ii_jtag_uart_0_scfifo_w:the_nios_ii_jtag_uart_0_scfifo_w|scfifo:wfifo|scfifo_1n21:auto_generated|a_dpfifo_8t21:dpfifo|a_fefifo_7cf:fifo_state|cntr_rj7:count_usedw|safe_q[1]                                                                                                                                                  ; 5       ;
; nios_ii:u0|nios_ii_jtag_uart_0:jtag_uart_0|nios_ii_jtag_uart_0_scfifo_w:the_nios_ii_jtag_uart_0_scfifo_w|scfifo:wfifo|scfifo_1n21:auto_generated|a_dpfifo_8t21:dpfifo|a_fefifo_7cf:fifo_state|cntr_rj7:count_usedw|safe_q[2]                                                                                                                                                  ; 5       ;
; nios_ii:u0|nios_ii_jtag_uart_0:jtag_uart_0|nios_ii_jtag_uart_0_scfifo_w:the_nios_ii_jtag_uart_0_scfifo_w|scfifo:wfifo|scfifo_1n21:auto_generated|a_dpfifo_8t21:dpfifo|a_fefifo_7cf:fifo_state|cntr_rj7:count_usedw|safe_q[0]                                                                                                                                                  ; 5       ;
; nios_ii:u0|nios_ii_jtag_uart_0:jtag_uart_0|nios_ii_jtag_uart_0_scfifo_w:the_nios_ii_jtag_uart_0_scfifo_w|scfifo:wfifo|scfifo_1n21:auto_generated|a_dpfifo_8t21:dpfifo|a_fefifo_7cf:fifo_state|cntr_rj7:count_usedw|safe_q[3]                                                                                                                                                  ; 5       ;
; nios_ii:u0|nios_ii_nios2_qsys_0:nios2_qsys_0|F_pc[10]                                                                                                                                                                                                                                                                                                                         ; 5       ;
; nios_ii:u0|nios_ii_nios2_qsys_0:nios2_qsys_0|F_pc[11]                                                                                                                                                                                                                                                                                                                         ; 5       ;
; nios_ii:u0|nios_ii_jtag_uart_0:jtag_uart_0|alt_jtag_atlantic:nios_ii_jtag_uart_0_alt_jtag_atlantic|td_shift[9]                                                                                                                                                                                                                                                                ; 5       ;
; sld_hub:auto_hub|sld_jtag_hub:\jtag_hub_gen:sld_jtag_hub_inst|identity_contrib_shift_reg[0]~4                                                                                                                                                                                                                                                                                 ; 4       ;
; sld_hub:auto_hub|sld_jtag_hub:\jtag_hub_gen:sld_jtag_hub_inst|identity_contrib_update_reg[0]~0                                                                                                                                                                                                                                                                                ; 4       ;
; sld_hub:auto_hub|sld_jtag_hub:\jtag_hub_gen:sld_jtag_hub_inst|sld_rom_sr:hub_info_reg|WORD_SR[0]~7                                                                                                                                                                                                                                                                            ; 4       ;
; sld_hub:auto_hub|sld_jtag_hub:\jtag_hub_gen:sld_jtag_hub_inst|design_hash_proc~0                                                                                                                                                                                                                                                                                              ; 4       ;
; sld_hub:auto_hub|sld_jtag_hub:\jtag_hub_gen:sld_jtag_hub_inst|node_ena_proc~1                                                                                                                                                                                                                                                                                                 ; 4       ;
; sld_hub:auto_hub|sld_jtag_hub:\jtag_hub_gen:sld_jtag_hub_inst|node_ena_proc~0                                                                                                                                                                                                                                                                                                 ; 4       ;
; sld_hub:auto_hub|sld_jtag_hub:\jtag_hub_gen:sld_jtag_hub_inst|sld_shadow_jsm:shadow_jsm|state[15]                                                                                                                                                                                                                                                                             ; 4       ;
; sld_hub:auto_hub|sld_jtag_hub:\jtag_hub_gen:sld_jtag_hub_inst|sld_shadow_jsm:shadow_jsm|state[1]                                                                                                                                                                                                                                                                              ; 4       ;
; nios_ii:u0|nios_ii_jtag_uart_0:jtag_uart_0|fifo_rd~3                                                                                                                                                                                                                                                                                                                          ; 4       ;
; nios_ii:u0|nios_ii_cmd_xbar_mux:cmd_xbar_mux_001|src_valid~3                                                                                                                                                                                                                                                                                                                  ; 4       ;
; nios_ii:u0|nios_ii_nios2_qsys_0:nios2_qsys_0|nios_ii_nios2_qsys_0_nios2_oci:the_nios_ii_nios2_qsys_0_nios2_oci|address[0]                                                                                                                                                                                                                                                     ; 4       ;
; nios_ii:u0|nios_ii_nios2_qsys_0:nios2_qsys_0|R_ctrl_wrctl_inst                                                                                                                                                                                                                                                                                                                ; 4       ;
; nios_ii:u0|nios_ii_nios2_qsys_0:nios2_qsys_0|F_pc_sel_nxt~0                                                                                                                                                                                                                                                                                                                   ; 4       ;
; nios_ii:u0|nios_ii_nios2_qsys_0:nios2_qsys_0|E_src1[21]                                                                                                                                                                                                                                                                                                                       ; 4       ;
; nios_ii:u0|nios_ii_nios2_qsys_0:nios2_qsys_0|E_src1[17]                                                                                                                                                                                                                                                                                                                       ; 4       ;
; nios_ii:u0|nios_ii_nios2_qsys_0:nios2_qsys_0|E_src1[18]                                                                                                                                                                                                                                                                                                                       ; 4       ;
; nios_ii:u0|nios_ii_nios2_qsys_0:nios2_qsys_0|E_src1[19]                                                                                                                                                                                                                                                                                                                       ; 4       ;
; nios_ii:u0|nios_ii_nios2_qsys_0:nios2_qsys_0|E_src1[20]                                                                                                                                                                                                                                                                                                                       ; 4       ;
; nios_ii:u0|nios_ii_nios2_qsys_0:nios2_qsys_0|E_src1[22]                                                                                                                                                                                                                                                                                                                       ; 4       ;
; nios_ii:u0|nios_ii_nios2_qsys_0:nios2_qsys_0|E_src1[23]                                                                                                                                                                                                                                                                                                                       ; 4       ;
; nios_ii:u0|nios_ii_nios2_qsys_0:nios2_qsys_0|E_src1[24]                                                                                                                                                                                                                                                                                                                       ; 4       ;
; nios_ii:u0|nios_ii_nios2_qsys_0:nios2_qsys_0|E_src1[25]                                                                                                                                                                                                                                                                                                                       ; 4       ;
; nios_ii:u0|nios_ii_nios2_qsys_0:nios2_qsys_0|E_src1[26]                                                                                                                                                                                                                                                                                                                       ; 4       ;
; nios_ii:u0|nios_ii_nios2_qsys_0:nios2_qsys_0|E_src1[27]                                                                                                                                                                                                                                                                                                                       ; 4       ;
; nios_ii:u0|nios_ii_nios2_qsys_0:nios2_qsys_0|E_src1[28]                                                                                                                                                                                                                                                                                                                       ; 4       ;
; nios_ii:u0|nios_ii_nios2_qsys_0:nios2_qsys_0|E_src1[29]                                                                                                                                                                                                                                                                                                                       ; 4       ;
; nios_ii:u0|nios_ii_nios2_qsys_0:nios2_qsys_0|E_src1[30]                                                                                                                                                                                                                                                                                                                       ; 4       ;
; nios_ii:u0|nios_ii_nios2_qsys_0:nios2_qsys_0|av_ld_align_cycle[0]                                                                                                                                                                                                                                                                                                             ; 4       ;
; nios_ii:u0|nios_ii_nios2_qsys_0:nios2_qsys_0|av_ld_getting_data~10                                                                                                                                                                                                                                                                                                            ; 4       ;
; nios_ii:u0|nios_ii_nios2_qsys_0:nios2_qsys_0|D_ctrl_implicit_dst_retaddr~0                                                                                                                                                                                                                                                                                                    ; 4       ;
; nios_ii:u0|nios_ii_jtag_uart_0:jtag_uart_0|alt_jtag_atlantic:nios_ii_jtag_uart_0_alt_jtag_atlantic|td_shift[10]                                                                                                                                                                                                                                                               ; 4       ;
; nios_ii:u0|nios_ii_jtag_uart_0:jtag_uart_0|alt_jtag_atlantic:nios_ii_jtag_uart_0_alt_jtag_atlantic|rvalid0                                                                                                                                                                                                                                                                    ; 4       ;
; nios_ii:u0|nios_ii_nios2_qsys_0:nios2_qsys_0|nios_ii_nios2_qsys_0_nios2_oci:the_nios_ii_nios2_qsys_0_nios2_oci|nios_ii_nios2_qsys_0_nios2_ocimem:the_nios_ii_nios2_qsys_0_nios2_ocimem|Equal0~0                                                                                                                                                                               ; 4       ;
; nios_ii:u0|altera_avalon_sc_fifo:sysid_qsys_0_control_slave_translator_avalon_universal_slave_0_agent_rsp_fifo|mem_used[0]                                                                                                                                                                                                                                                    ; 4       ;
; nios_ii:u0|altera_merlin_slave_agent:nios2_qsys_0_jtag_debug_module_translator_avalon_universal_slave_0_agent|local_read~1                                                                                                                                                                                                                                                    ; 4       ;
; nios_ii:u0|nios_ii_cmd_xbar_demux_001:cmd_xbar_demux_001|src0_valid~0                                                                                                                                                                                                                                                                                                         ; 4       ;
; nios_ii:u0|nios_ii_cmd_xbar_mux:cmd_xbar_mux_001|src_valid~2                                                                                                                                                                                                                                                                                                                  ; 4       ;
; nios_ii:u0|nios_ii_cmd_xbar_demux:cmd_xbar_demux|src1_valid~0                                                                                                                                                                                                                                                                                                                 ; 4       ;
; nios_ii:u0|nios_ii_cmd_xbar_demux:cmd_xbar_demux|src0_valid~0                                                                                                                                                                                                                                                                                                                 ; 4       ;
; nios_ii:u0|nios_ii_nios2_qsys_0_instruction_master_translator:nios2_qsys_0_instruction_master_translator|altera_merlin_master_translator:nios2_qsys_0_instruction_master_translator|read_accepted                                                                                                                                                                             ; 4       ;
; nios_ii:u0|altera_avalon_sc_fifo:jtag_uart_0_avalon_jtag_slave_translator_avalon_universal_slave_0_agent_rsp_fifo|mem_used[0]                                                                                                                                                                                                                                                 ; 4       ;
; nios_ii:u0|nios_ii_addr_router_001:addr_router_001|Equal11~0                                                                                                                                                                                                                                                                                                                  ; 4       ;
; nios_ii:u0|nios_ii_nios2_qsys_0:nios2_qsys_0|D_iw[17]                                                                                                                                                                                                                                                                                                                         ; 4       ;
; nios_ii:u0|nios_ii_nios2_qsys_0:nios2_qsys_0|D_iw[18]                                                                                                                                                                                                                                                                                                                         ; 4       ;
; nios_ii:u0|nios_ii_nios2_qsys_0:nios2_qsys_0|D_iw[19]                                                                                                                                                                                                                                                                                                                         ; 4       ;
; nios_ii:u0|nios_ii_nios2_qsys_0:nios2_qsys_0|D_iw[20]                                                                                                                                                                                                                                                                                                                         ; 4       ;
; nios_ii:u0|nios_ii_nios2_qsys_0:nios2_qsys_0|D_ctrl_shift_logical~0                                                                                                                                                                                                                                                                                                           ; 4       ;
; nios_ii:u0|nios_ii_nios2_qsys_0:nios2_qsys_0|Equal2~4                                                                                                                                                                                                                                                                                                                         ; 4       ;
; nios_ii:u0|nios_ii_jtag_uart_0:jtag_uart_0|alt_jtag_atlantic:nios_ii_jtag_uart_0_alt_jtag_atlantic|count[1]                                                                                                                                                                                                                                                                   ; 4       ;
; nios_ii:u0|nios_ii_jtag_uart_0:jtag_uart_0|alt_jtag_atlantic:nios_ii_jtag_uart_0_alt_jtag_atlantic|user_saw_rvalid                                                                                                                                                                                                                                                            ; 4       ;
; nios_ii:u0|nios_ii_nios2_qsys_0:nios2_qsys_0|nios_ii_nios2_qsys_0_nios2_oci:the_nios_ii_nios2_qsys_0_nios2_oci|nios_ii_nios2_qsys_0_jtag_debug_module_wrapper:the_nios_ii_nios2_qsys_0_jtag_debug_module_wrapper|sld_virtual_jtag_basic:nios_ii_nios2_qsys_0_jtag_debug_module_phy|virtual_state_uir~0                                                                        ; 4       ;
; nios_ii:u0|nios_ii_nios2_qsys_0:nios2_qsys_0|nios_ii_nios2_qsys_0_nios2_oci:the_nios_ii_nios2_qsys_0_nios2_oci|nios_ii_nios2_qsys_0_jtag_debug_module_wrapper:the_nios_ii_nios2_qsys_0_jtag_debug_module_wrapper|nios_ii_nios2_qsys_0_jtag_debug_module_sysclk:the_nios_ii_nios2_qsys_0_jtag_debug_module_sysclk|take_action_ocimem_a                                         ; 4       ;
; nios_ii:u0|nios_ii_nios2_qsys_0:nios2_qsys_0|nios_ii_nios2_qsys_0_nios2_oci:the_nios_ii_nios2_qsys_0_nios2_oci|nios_ii_nios2_qsys_0_jtag_debug_module_wrapper:the_nios_ii_nios2_qsys_0_jtag_debug_module_wrapper|nios_ii_nios2_qsys_0_jtag_debug_module_sysclk:the_nios_ii_nios2_qsys_0_jtag_debug_module_sysclk|ir[0]                                                        ; 4       ;
; nios_ii:u0|nios_ii_nios2_qsys_0:nios2_qsys_0|nios_ii_nios2_qsys_0_nios2_oci:the_nios_ii_nios2_qsys_0_nios2_oci|nios_ii_nios2_qsys_0_jtag_debug_module_wrapper:the_nios_ii_nios2_qsys_0_jtag_debug_module_wrapper|nios_ii_nios2_qsys_0_jtag_debug_module_sysclk:the_nios_ii_nios2_qsys_0_jtag_debug_module_sysclk|ir[1]                                                        ; 4       ;
; nios_ii:u0|nios_ii_nios2_qsys_0:nios2_qsys_0|nios_ii_nios2_qsys_0_nios2_oci:the_nios_ii_nios2_qsys_0_nios2_oci|nios_ii_nios2_qsys_0_jtag_debug_module_wrapper:the_nios_ii_nios2_qsys_0_jtag_debug_module_wrapper|nios_ii_nios2_qsys_0_jtag_debug_module_sysclk:the_nios_ii_nios2_qsys_0_jtag_debug_module_sysclk|enable_action_strobe                                         ; 4       ;
; nios_ii:u0|nios_ii_leds_s1_translator:hex1_s1_translator|altera_merlin_slave_translator:leds_s1_translator|wait_latency_counter[0]~1                                                                                                                                                                                                                                          ; 4       ;
; nios_ii:u0|nios_ii_leds_s1_translator:hex0_s1_translator|altera_merlin_slave_translator:leds_s1_translator|wait_latency_counter[0]~0                                                                                                                                                                                                                                          ; 4       ;
; nios_ii:u0|nios_ii_switches_s1_translator:switches_s1_translator|altera_merlin_slave_translator:switches_s1_translator|wait_latency_counter[0]~0                                                                                                                                                                                                                              ; 4       ;
; nios_ii:u0|nios_ii_leds_s1_translator:hex5_s1_translator|altera_merlin_slave_translator:leds_s1_translator|wait_latency_counter[1]~0                                                                                                                                                                                                                                          ; 4       ;
; nios_ii:u0|nios_ii_leds_s1_translator:hex4_s1_translator|altera_merlin_slave_translator:leds_s1_translator|wait_latency_counter[1]~0                                                                                                                                                                                                                                          ; 4       ;
; nios_ii:u0|nios_ii_leds_s1_translator:hex2_s1_translator|altera_merlin_slave_translator:leds_s1_translator|wait_latency_counter[1]~1                                                                                                                                                                                                                                          ; 4       ;
; nios_ii:u0|nios_ii_addr_router_001:addr_router_001|src_channel[0]~6                                                                                                                                                                                                                                                                                                           ; 4       ;
; nios_ii:u0|nios_ii_onchip_memory2_0_s1_translator:onchip_memory2_0_s1_translator|altera_merlin_slave_translator:onchip_memory2_0_s1_translator|read_latency_shift_reg~0                                                                                                                                                                                                       ; 4       ;
; nios_ii:u0|altera_avalon_sc_fifo:leds_s1_translator_avalon_universal_slave_0_agent_rsp_fifo|mem_used[0]                                                                                                                                                                                                                                                                       ; 4       ;
; nios_ii:u0|nios_ii_nios2_qsys_0:nios2_qsys_0|E_src2[0]                                                                                                                                                                                                                                                                                                                        ; 4       ;
; nios_ii:u0|nios_ii_nios2_qsys_0:nios2_qsys_0|E_src1[1]                                                                                                                                                                                                                                                                                                                        ; 4       ;
; nios_ii:u0|nios_ii_nios2_qsys_0:nios2_qsys_0|E_src2[1]                                                                                                                                                                                                                                                                                                                        ; 4       ;
; nios_ii:u0|nios_ii_nios2_qsys_0:nios2_qsys_0|E_src2[2]                                                                                                                                                                                                                                                                                                                        ; 4       ;
; nios_ii:u0|nios_ii_nios2_qsys_0:nios2_qsys_0|E_src2[3]                                                                                                                                                                                                                                                                                                                        ; 4       ;
; nios_ii:u0|nios_ii_nios2_qsys_0:nios2_qsys_0|E_src2[4]                                                                                                                                                                                                                                                                                                                        ; 4       ;
; nios_ii:u0|nios_ii_rst_controller_001:rst_controller_001|altera_reset_controller:rst_controller_001|r_sync_rst_dly                                                                                                                                                                                                                                                            ; 4       ;
; nios_ii:u0|nios_ii_nios2_qsys_0:nios2_qsys_0|nios_ii_nios2_qsys_0_nios2_oci:the_nios_ii_nios2_qsys_0_nios2_oci|nios_ii_nios2_qsys_0_jtag_debug_module_wrapper:the_nios_ii_nios2_qsys_0_jtag_debug_module_wrapper|nios_ii_nios2_qsys_0_jtag_debug_module_tck:the_nios_ii_nios2_qsys_0_jtag_debug_module_tck|Mux37~0                                                            ; 4       ;
; nios_ii:u0|nios_ii_leds_s1_translator:hex7_s1_translator|altera_merlin_slave_translator:leds_s1_translator|wait_latency_counter[1]                                                                                                                                                                                                                                            ; 4       ;
; nios_ii:u0|nios_ii_addr_router_001:addr_router_001|Equal2~3                                                                                                                                                                                                                                                                                                                   ; 4       ;
; nios_ii:u0|nios_ii_leds_s1_translator:hex6_s1_translator|altera_merlin_slave_translator:leds_s1_translator|wait_latency_counter[0]                                                                                                                                                                                                                                            ; 4       ;
; nios_ii:u0|nios_ii_leds_s1_translator:hex6_s1_translator|altera_merlin_slave_translator:leds_s1_translator|wait_latency_counter[1]                                                                                                                                                                                                                                            ; 4       ;
; nios_ii:u0|nios_ii_leds_s1_translator:hex5_s1_translator|altera_merlin_slave_translator:leds_s1_translator|wait_latency_counter[0]                                                                                                                                                                                                                                            ; 4       ;
; nios_ii:u0|nios_ii_hex0:hex5|always0~1                                                                                                                                                                                                                                                                                                                                        ; 4       ;
; nios_ii:u0|nios_ii_leds_s1_translator:hex4_s1_translator|altera_merlin_slave_translator:leds_s1_translator|wait_latency_counter[0]                                                                                                                                                                                                                                            ; 4       ;
; nios_ii:u0|nios_ii_hex0:hex4|always0~1                                                                                                                                                                                                                                                                                                                                        ; 4       ;
; nios_ii:u0|nios_ii_leds_s1_translator:hex2_s1_translator|altera_merlin_slave_translator:leds_s1_translator|wait_latency_counter[0]                                                                                                                                                                                                                                            ; 4       ;
; nios_ii:u0|nios_ii_leds_s1_translator:hex1_s1_translator|altera_merlin_slave_translator:leds_s1_translator|wait_latency_counter[0]                                                                                                                                                                                                                                            ; 4       ;
; nios_ii:u0|nios_ii_addr_router_001:addr_router_001|Equal6~2                                                                                                                                                                                                                                                                                                                   ; 4       ;
; nios_ii:u0|nios_ii_leds_s1_translator:hex0_s1_translator|altera_merlin_slave_translator:leds_s1_translator|wait_latency_counter[0]                                                                                                                                                                                                                                            ; 4       ;
; nios_ii:u0|nios_ii_hex0:hex0|always0~1                                                                                                                                                                                                                                                                                                                                        ; 4       ;
; nios_ii:u0|nios_ii_nios2_qsys_0:nios2_qsys_0|d_writedata[7]                                                                                                                                                                                                                                                                                                                   ; 4       ;
; nios_ii:u0|nios_ii_leds_s1_translator:leds_s1_translator|altera_merlin_slave_translator:leds_s1_translator|wait_latency_counter[0]                                                                                                                                                                                                                                            ; 4       ;
; nios_ii:u0|nios_ii_nios2_qsys_0:nios2_qsys_0|nios_ii_nios2_qsys_0_nios2_oci:the_nios_ii_nios2_qsys_0_nios2_oci|nios_ii_nios2_qsys_0_jtag_debug_module_wrapper:the_nios_ii_nios2_qsys_0_jtag_debug_module_wrapper|nios_ii_nios2_qsys_0_jtag_debug_module_tck:the_nios_ii_nios2_qsys_0_jtag_debug_module_tck|sr[31]                                                             ; 4       ;
; nios_ii:u0|nios_ii_nios2_qsys_0:nios2_qsys_0|nios_ii_nios2_qsys_0_nios2_oci:the_nios_ii_nios2_qsys_0_nios2_oci|nios_ii_nios2_qsys_0_nios2_ocimem:the_nios_ii_nios2_qsys_0_nios2_ocimem|MonARegAddrInc[8]~16                                                                                                                                                                   ; 4       ;
; nios_ii:u0|nios_ii_nios2_qsys_0:nios2_qsys_0|E_src1[8]                                                                                                                                                                                                                                                                                                                        ; 4       ;
; nios_ii:u0|nios_ii_nios2_qsys_0:nios2_qsys_0|E_src1[9]                                                                                                                                                                                                                                                                                                                        ; 4       ;
; nios_ii:u0|nios_ii_nios2_qsys_0:nios2_qsys_0|E_src1[10]                                                                                                                                                                                                                                                                                                                       ; 4       ;
; nios_ii:u0|nios_ii_nios2_qsys_0:nios2_qsys_0|E_src1[11]                                                                                                                                                                                                                                                                                                                       ; 4       ;
; nios_ii:u0|nios_ii_nios2_qsys_0:nios2_qsys_0|E_src1[12]                                                                                                                                                                                                                                                                                                                       ; 4       ;
; nios_ii:u0|nios_ii_nios2_qsys_0:nios2_qsys_0|E_src1[13]                                                                                                                                                                                                                                                                                                                       ; 4       ;
; nios_ii:u0|nios_ii_nios2_qsys_0:nios2_qsys_0|E_src1[14]                                                                                                                                                                                                                                                                                                                       ; 4       ;
; nios_ii:u0|nios_ii_nios2_qsys_0:nios2_qsys_0|E_src1[15]                                                                                                                                                                                                                                                                                                                       ; 4       ;
; nios_ii:u0|nios_ii_nios2_qsys_0:nios2_qsys_0|E_src1[16]                                                                                                                                                                                                                                                                                                                       ; 4       ;
; nios_ii:u0|nios_ii_nios2_qsys_0:nios2_qsys_0|E_src1[2]                                                                                                                                                                                                                                                                                                                        ; 4       ;
; nios_ii:u0|nios_ii_nios2_qsys_0:nios2_qsys_0|E_src1[3]                                                                                                                                                                                                                                                                                                                        ; 4       ;
; nios_ii:u0|nios_ii_nios2_qsys_0:nios2_qsys_0|E_src1[4]                                                                                                                                                                                                                                                                                                                        ; 4       ;
; nios_ii:u0|nios_ii_nios2_qsys_0:nios2_qsys_0|E_src1[5]                                                                                                                                                                                                                                                                                                                        ; 4       ;
; nios_ii:u0|nios_ii_nios2_qsys_0:nios2_qsys_0|E_src1[6]                                                                                                                                                                                                                                                                                                                        ; 4       ;
; nios_ii:u0|nios_ii_nios2_qsys_0:nios2_qsys_0|E_src1[7]                                                                                                                                                                                                                                                                                                                        ; 4       ;
; nios_ii:u0|nios_ii_nios2_qsys_0:nios2_qsys_0|nios_ii_nios2_qsys_0_register_bank_b_module:nios_ii_nios2_qsys_0_register_bank_b|altsyncram:the_altsyncram|altsyncram_rrg1:auto_generated|q_b[1]                                                                                                                                                                                 ; 4       ;
; nios_ii:u0|nios_ii_nios2_qsys_0:nios2_qsys_0|nios_ii_nios2_qsys_0_register_bank_b_module:nios_ii_nios2_qsys_0_register_bank_b|altsyncram:the_altsyncram|altsyncram_rrg1:auto_generated|q_b[2]                                                                                                                                                                                 ; 4       ;
; nios_ii:u0|nios_ii_nios2_qsys_0:nios2_qsys_0|nios_ii_nios2_qsys_0_register_bank_b_module:nios_ii_nios2_qsys_0_register_bank_b|altsyncram:the_altsyncram|altsyncram_rrg1:auto_generated|q_b[3]                                                                                                                                                                                 ; 4       ;
; nios_ii:u0|nios_ii_nios2_qsys_0:nios2_qsys_0|nios_ii_nios2_qsys_0_register_bank_b_module:nios_ii_nios2_qsys_0_register_bank_b|altsyncram:the_altsyncram|altsyncram_rrg1:auto_generated|q_b[4]                                                                                                                                                                                 ; 4       ;
; nios_ii:u0|nios_ii_nios2_qsys_0:nios2_qsys_0|nios_ii_nios2_qsys_0_register_bank_b_module:nios_ii_nios2_qsys_0_register_bank_b|altsyncram:the_altsyncram|altsyncram_rrg1:auto_generated|q_b[5]                                                                                                                                                                                 ; 4       ;
; nios_ii:u0|nios_ii_nios2_qsys_0:nios2_qsys_0|nios_ii_nios2_qsys_0_register_bank_b_module:nios_ii_nios2_qsys_0_register_bank_b|altsyncram:the_altsyncram|altsyncram_rrg1:auto_generated|q_b[6]                                                                                                                                                                                 ; 4       ;
; nios_ii:u0|nios_ii_nios2_qsys_0:nios2_qsys_0|nios_ii_nios2_qsys_0_register_bank_b_module:nios_ii_nios2_qsys_0_register_bank_b|altsyncram:the_altsyncram|altsyncram_rrg1:auto_generated|q_b[7]                                                                                                                                                                                 ; 4       ;
; nios_ii:u0|nios_ii_nios2_qsys_0:nios2_qsys_0|nios_ii_nios2_qsys_0_register_bank_b_module:nios_ii_nios2_qsys_0_register_bank_b|altsyncram:the_altsyncram|altsyncram_rrg1:auto_generated|q_b[0]                                                                                                                                                                                 ; 4       ;
; nios_ii:u0|nios_ii_nios2_qsys_0:nios2_qsys_0|W_alu_result[9]                                                                                                                                                                                                                                                                                                                  ; 4       ;
; nios_ii:u0|nios_ii_nios2_qsys_0:nios2_qsys_0|W_alu_result[10]                                                                                                                                                                                                                                                                                                                 ; 4       ;
; nios_ii:u0|nios_ii_nios2_qsys_0:nios2_qsys_0|W_alu_result[11]                                                                                                                                                                                                                                                                                                                 ; 4       ;
; nios_ii:u0|nios_ii_nios2_qsys_0:nios2_qsys_0|W_alu_result[12]                                                                                                                                                                                                                                                                                                                 ; 4       ;
; sld_hub:auto_hub|sld_jtag_hub:\jtag_hub_gen:sld_jtag_hub_inst|sld_shadow_jsm:shadow_jsm|tms_cnt[0]                                                                                                                                                                                                                                                                            ; 3       ;
; sld_hub:auto_hub|sld_jtag_hub:\jtag_hub_gen:sld_jtag_hub_inst|sld_rom_sr:hub_info_reg|WORD_SR~5                                                                                                                                                                                                                                                                               ; 3       ;
; sld_hub:auto_hub|sld_jtag_hub:\jtag_hub_gen:sld_jtag_hub_inst|sld_rom_sr:hub_info_reg|WORD_SR~3                                                                                                                                                                                                                                                                               ; 3       ;
; sld_hub:auto_hub|sld_jtag_hub:\jtag_hub_gen:sld_jtag_hub_inst|hub_mode_reg[0]                                                                                                                                                                                                                                                                                                 ; 3       ;
; sld_hub:auto_hub|sld_jtag_hub:\jtag_hub_gen:sld_jtag_hub_inst|design_hash_reg[1]~5                                                                                                                                                                                                                                                                                            ; 3       ;
; sld_hub:auto_hub|sld_jtag_hub:\jtag_hub_gen:sld_jtag_hub_inst|virtual_ir_dr_scan_proc~0                                                                                                                                                                                                                                                                                       ; 3       ;
; sld_hub:auto_hub|sld_jtag_hub:\jtag_hub_gen:sld_jtag_hub_inst|jtag_ir_reg[1]                                                                                                                                                                                                                                                                                                  ; 3       ;
; sld_hub:auto_hub|sld_jtag_hub:\jtag_hub_gen:sld_jtag_hub_inst|irf_reg[2][0]~11                                                                                                                                                                                                                                                                                                ; 3       ;
; sld_hub:auto_hub|sld_jtag_hub:\jtag_hub_gen:sld_jtag_hub_inst|irf_reg[1][0]~4                                                                                                                                                                                                                                                                                                 ; 3       ;
; sld_hub:auto_hub|sld_jtag_hub:\jtag_hub_gen:sld_jtag_hub_inst|sld_shadow_jsm:shadow_jsm|state[7]                                                                                                                                                                                                                                                                              ; 3       ;
; sld_hub:auto_hub|sld_jtag_hub:\jtag_hub_gen:sld_jtag_hub_inst|sld_shadow_jsm:shadow_jsm|state[5]                                                                                                                                                                                                                                                                              ; 3       ;
; sld_hub:auto_hub|sld_jtag_hub:\jtag_hub_gen:sld_jtag_hub_inst|sld_shadow_jsm:shadow_jsm|state[0]                                                                                                                                                                                                                                                                              ; 3       ;
; sld_hub:auto_hub|sld_jtag_hub:\jtag_hub_gen:sld_jtag_hub_inst|node_ena[2]~reg0                                                                                                                                                                                                                                                                                                ; 3       ;
; nios_ii:u0|nios_ii_nios2_qsys_0:nios2_qsys_0|D_ctrl_logic~9                                                                                                                                                                                                                                                                                                                   ; 3       ;
; nios_ii:u0|nios_ii_jtag_uart_0:jtag_uart_0|ien_AF~2                                                                                                                                                                                                                                                                                                                           ; 3       ;
; nios_ii:u0|nios_ii_nios2_qsys_0:nios2_qsys_0|nios_ii_nios2_qsys_0_nios2_oci:the_nios_ii_nios2_qsys_0_nios2_oci|nios_ii_nios2_qsys_0_jtag_debug_module_wrapper:the_nios_ii_nios2_qsys_0_jtag_debug_module_wrapper|nios_ii_nios2_qsys_0_jtag_debug_module_sysclk:the_nios_ii_nios2_qsys_0_jtag_debug_module_sysclk|jdo[23]                                                      ; 3       ;
; nios_ii:u0|nios_ii_jtag_uart_0:jtag_uart_0|nios_ii_jtag_uart_0_scfifo_w:the_nios_ii_jtag_uart_0_scfifo_w|scfifo:wfifo|scfifo_1n21:auto_generated|a_dpfifo_8t21:dpfifo|a_fefifo_7cf:fifo_state|b_non_empty                                                                                                                                                                     ; 3       ;
; nios_ii:u0|nios_ii_jtag_uart_0:jtag_uart_0|alt_jtag_atlantic:nios_ii_jtag_uart_0_alt_jtag_atlantic|td_shift~11                                                                                                                                                                                                                                                                ; 3       ;
; nios_ii:u0|nios_ii_nios2_qsys_0:nios2_qsys_0|nios_ii_nios2_qsys_0_nios2_oci:the_nios_ii_nios2_qsys_0_nios2_oci|nios_ii_nios2_qsys_0_jtag_debug_module_wrapper:the_nios_ii_nios2_qsys_0_jtag_debug_module_wrapper|nios_ii_nios2_qsys_0_jtag_debug_module_sysclk:the_nios_ii_nios2_qsys_0_jtag_debug_module_sysclk|jdo[24]                                                      ; 3       ;
; nios_ii:u0|nios_ii_nios2_qsys_0:nios2_qsys_0|nios_ii_nios2_qsys_0_nios2_oci:the_nios_ii_nios2_qsys_0_nios2_oci|readdata~1                                                                                                                                                                                                                                                     ; 3       ;
; nios_ii:u0|nios_ii_nios2_qsys_0:nios2_qsys_0|nios_ii_nios2_qsys_0_nios2_oci:the_nios_ii_nios2_qsys_0_nios2_oci|nios_ii_nios2_qsys_0_jtag_debug_module_wrapper:the_nios_ii_nios2_qsys_0_jtag_debug_module_wrapper|nios_ii_nios2_qsys_0_jtag_debug_module_sysclk:the_nios_ii_nios2_qsys_0_jtag_debug_module_sysclk|jdo[18]                                                      ; 3       ;
; nios_ii:u0|nios_ii_nios2_qsys_0:nios2_qsys_0|nios_ii_nios2_qsys_0_nios2_oci:the_nios_ii_nios2_qsys_0_nios2_oci|nios_ii_nios2_qsys_0_jtag_debug_module_wrapper:the_nios_ii_nios2_qsys_0_jtag_debug_module_wrapper|nios_ii_nios2_qsys_0_jtag_debug_module_sysclk:the_nios_ii_nios2_qsys_0_jtag_debug_module_sysclk|jdo[19]                                                      ; 3       ;
; nios_ii:u0|nios_ii_nios2_qsys_0:nios2_qsys_0|nios_ii_nios2_qsys_0_nios2_oci:the_nios_ii_nios2_qsys_0_nios2_oci|nios_ii_nios2_qsys_0_jtag_debug_module_wrapper:the_nios_ii_nios2_qsys_0_jtag_debug_module_wrapper|nios_ii_nios2_qsys_0_jtag_debug_module_sysclk:the_nios_ii_nios2_qsys_0_jtag_debug_module_sysclk|jdo[29]                                                      ; 3       ;
; nios_ii:u0|nios_ii_nios2_qsys_0:nios2_qsys_0|nios_ii_nios2_qsys_0_nios2_oci:the_nios_ii_nios2_qsys_0_nios2_oci|nios_ii_nios2_qsys_0_jtag_debug_module_wrapper:the_nios_ii_nios2_qsys_0_jtag_debug_module_wrapper|nios_ii_nios2_qsys_0_jtag_debug_module_sysclk:the_nios_ii_nios2_qsys_0_jtag_debug_module_sysclk|jdo[30]                                                      ; 3       ;
; nios_ii:u0|nios_ii_nios2_qsys_0:nios2_qsys_0|nios_ii_nios2_qsys_0_nios2_oci:the_nios_ii_nios2_qsys_0_nios2_oci|nios_ii_nios2_qsys_0_jtag_debug_module_wrapper:the_nios_ii_nios2_qsys_0_jtag_debug_module_wrapper|nios_ii_nios2_qsys_0_jtag_debug_module_sysclk:the_nios_ii_nios2_qsys_0_jtag_debug_module_sysclk|jdo[31]                                                      ; 3       ;
; nios_ii:u0|nios_ii_nios2_qsys_0:nios2_qsys_0|d_writedata[10]                                                                                                                                                                                                                                                                                                                  ; 3       ;
; nios_ii:u0|nios_ii_jtag_uart_0:jtag_uart_0|alt_jtag_atlantic:nios_ii_jtag_uart_0_alt_jtag_atlantic|rst2                                                                                                                                                                                                                                                                       ; 3       ;
; nios_ii:u0|nios_ii_jtag_uart_0:jtag_uart_0|alt_jtag_atlantic:nios_ii_jtag_uart_0_alt_jtag_atlantic|r_ena1                                                                                                                                                                                                                                                                     ; 3       ;
; nios_ii:u0|nios_ii_jtag_uart_0:jtag_uart_0|r_val                                                                                                                                                                                                                                                                                                                              ; 3       ;
; nios_ii:u0|nios_ii_nios2_qsys_0:nios2_qsys_0|nios_ii_nios2_qsys_0_nios2_oci:the_nios_ii_nios2_qsys_0_nios2_oci|nios_ii_nios2_qsys_0_jtag_debug_module_wrapper:the_nios_ii_nios2_qsys_0_jtag_debug_module_wrapper|nios_ii_nios2_qsys_0_jtag_debug_module_sysclk:the_nios_ii_nios2_qsys_0_jtag_debug_module_sysclk|jdo[25]                                                      ; 3       ;
; nios_ii:u0|nios_ii_nios2_qsys_0:nios2_qsys_0|nios_ii_nios2_qsys_0_nios2_oci:the_nios_ii_nios2_qsys_0_nios2_oci|nios_ii_nios2_qsys_0_nios2_avalon_reg:the_nios_ii_nios2_qsys_0_nios2_avalon_reg|take_action_ocireg~0                                                                                                                                                           ; 3       ;
; nios_ii:u0|nios_ii_nios2_qsys_0:nios2_qsys_0|nios_ii_nios2_qsys_0_nios2_oci:the_nios_ii_nios2_qsys_0_nios2_oci|nios_ii_nios2_qsys_0_nios2_avalon_reg:the_nios_ii_nios2_qsys_0_nios2_avalon_reg|Equal0~1                                                                                                                                                                       ; 3       ;
; nios_ii:u0|nios_ii_nios2_qsys_0:nios2_qsys_0|nios_ii_nios2_qsys_0_nios2_oci:the_nios_ii_nios2_qsys_0_nios2_oci|nios_ii_nios2_qsys_0_nios2_avalon_reg:the_nios_ii_nios2_qsys_0_nios2_avalon_reg|Equal0~0                                                                                                                                                                       ; 3       ;
; nios_ii:u0|nios_ii_nios2_qsys_0:nios2_qsys_0|nios_ii_nios2_qsys_0_nios2_oci:the_nios_ii_nios2_qsys_0_nios2_oci|writedata[0]                                                                                                                                                                                                                                                   ; 3       ;
; nios_ii:u0|nios_ii_nios2_qsys_0:nios2_qsys_0|nios_ii_nios2_qsys_0_nios2_oci:the_nios_ii_nios2_qsys_0_nios2_oci|debugaccess                                                                                                                                                                                                                                                    ; 3       ;
; nios_ii:u0|nios_ii_nios2_qsys_0:nios2_qsys_0|nios_ii_nios2_qsys_0_nios2_oci:the_nios_ii_nios2_qsys_0_nios2_oci|nios_ii_nios2_qsys_0_jtag_debug_module_wrapper:the_nios_ii_nios2_qsys_0_jtag_debug_module_wrapper|nios_ii_nios2_qsys_0_jtag_debug_module_sysclk:the_nios_ii_nios2_qsys_0_jtag_debug_module_sysclk|jdo[27]                                                      ; 3       ;
; nios_ii:u0|nios_ii_nios2_qsys_0:nios2_qsys_0|nios_ii_nios2_qsys_0_nios2_oci:the_nios_ii_nios2_qsys_0_nios2_oci|nios_ii_nios2_qsys_0_jtag_debug_module_wrapper:the_nios_ii_nios2_qsys_0_jtag_debug_module_wrapper|nios_ii_nios2_qsys_0_jtag_debug_module_sysclk:the_nios_ii_nios2_qsys_0_jtag_debug_module_sysclk|jdo[28]                                                      ; 3       ;
; nios_ii:u0|nios_ii_nios2_qsys_0:nios2_qsys_0|nios_ii_nios2_qsys_0_nios2_oci:the_nios_ii_nios2_qsys_0_nios2_oci|nios_ii_nios2_qsys_0_jtag_debug_module_wrapper:the_nios_ii_nios2_qsys_0_jtag_debug_module_wrapper|nios_ii_nios2_qsys_0_jtag_debug_module_sysclk:the_nios_ii_nios2_qsys_0_jtag_debug_module_sysclk|jdo[26]                                                      ; 3       ;
; nios_ii:u0|nios_ii_nios2_qsys_0:nios2_qsys_0|nios_ii_nios2_qsys_0_nios2_oci:the_nios_ii_nios2_qsys_0_nios2_oci|nios_ii_nios2_qsys_0_nios2_oci_debug:the_nios_ii_nios2_qsys_0_nios2_oci_debug|monitor_error                                                                                                                                                                    ; 3       ;
; nios_ii:u0|nios_ii_nios2_qsys_0:nios2_qsys_0|nios_ii_nios2_qsys_0_nios2_oci:the_nios_ii_nios2_qsys_0_nios2_oci|nios_ii_nios2_qsys_0_nios2_avalon_reg:the_nios_ii_nios2_qsys_0_nios2_avalon_reg|oci_single_step_mode                                                                                                                                                           ; 3       ;
; nios_ii:u0|nios_ii_nios2_qsys_0:nios2_qsys_0|nios_ii_nios2_qsys_0_nios2_oci:the_nios_ii_nios2_qsys_0_nios2_oci|nios_ii_nios2_qsys_0_jtag_debug_module_wrapper:the_nios_ii_nios2_qsys_0_jtag_debug_module_wrapper|nios_ii_nios2_qsys_0_jtag_debug_module_sysclk:the_nios_ii_nios2_qsys_0_jtag_debug_module_sysclk|jdo[20]                                                      ; 3       ;
; nios_ii:u0|nios_ii_nios2_qsys_0:nios2_qsys_0|nios_ii_nios2_qsys_0_nios2_oci:the_nios_ii_nios2_qsys_0_nios2_oci|nios_ii_nios2_qsys_0_jtag_debug_module_wrapper:the_nios_ii_nios2_qsys_0_jtag_debug_module_wrapper|nios_ii_nios2_qsys_0_jtag_debug_module_sysclk:the_nios_ii_nios2_qsys_0_jtag_debug_module_sysclk|jdo[21]                                                      ; 3       ;
; nios_ii:u0|nios_ii_nios2_qsys_0:nios2_qsys_0|W_ienable_reg[0]                                                                                                                                                                                                                                                                                                                 ; 3       ;
; nios_ii:u0|nios_ii_nios2_qsys_0:nios2_qsys_0|W_bstatus_reg                                                                                                                                                                                                                                                                                                                    ; 3       ;
; nios_ii:u0|nios_ii_nios2_qsys_0:nios2_qsys_0|W_estatus_reg                                                                                                                                                                                                                                                                                                                    ; 3       ;
; nios_ii:u0|nios_ii_nios2_qsys_0:nios2_qsys_0|E_src1[31]                                                                                                                                                                                                                                                                                                                       ; 3       ;
; nios_ii:u0|nios_ii_nios2_qsys_0:nios2_qsys_0|av_ld_rshift8~0                                                                                                                                                                                                                                                                                                                  ; 3       ;
; nios_ii:u0|nios_ii_nios2_qsys_0:nios2_qsys_0|av_ld_align_cycle[1]                                                                                                                                                                                                                                                                                                             ; 3       ;
; nios_ii:u0|nios_ii_nios2_qsys_0:nios2_qsys_0|D_ctrl_exception~2                                                                                                                                                                                                                                                                                                               ; 3       ;
; nios_ii:u0|nios_ii_nios2_qsys_0:nios2_qsys_0|Equal2~10                                                                                                                                                                                                                                                                                                                        ; 3       ;
; nios_ii:u0|nios_ii_jtag_uart_0:jtag_uart_0|alt_jtag_atlantic:nios_ii_jtag_uart_0_alt_jtag_atlantic|write_stalled                                                                                                                                                                                                                                                              ; 3       ;
; nios_ii:u0|nios_ii_nios2_qsys_0:nios2_qsys_0|nios_ii_nios2_qsys_0_nios2_oci:the_nios_ii_nios2_qsys_0_nios2_oci|nios_ii_nios2_qsys_0_nios2_oci_debug:the_nios_ii_nios2_qsys_0_nios2_oci_debug|monitor_ready                                                                                                                                                                    ; 3       ;
; nios_ii:u0|altera_merlin_master_agent:nios2_qsys_0_instruction_master_translator_avalon_universal_master_0_agent|av_readdatavalid~0                                                                                                                                                                                                                                           ; 3       ;
; nios_ii:u0|altera_avalon_sc_fifo:onchip_memory2_0_s1_translator_avalon_universal_slave_0_agent_rsp_fifo|mem~1                                                                                                                                                                                                                                                                 ; 3       ;
; nios_ii:u0|altera_avalon_sc_fifo:switches_s1_translator_avalon_universal_slave_0_agent_rsp_fifo|mem_used[0]                                                                                                                                                                                                                                                                   ; 3       ;
; nios_ii:u0|altera_avalon_sc_fifo:nios2_qsys_0_jtag_debug_module_translator_avalon_universal_slave_0_agent_rsp_fifo|mem_used[1]~1                                                                                                                                                                                                                                              ; 3       ;
; nios_ii:u0|altera_avalon_sc_fifo:nios2_qsys_0_jtag_debug_module_translator_avalon_universal_slave_0_agent_rsp_fifo|mem_used[0]                                                                                                                                                                                                                                                ; 3       ;
; nios_ii:u0|nios_ii_nios2_qsys_0:nios2_qsys_0|nios_ii_nios2_qsys_0_nios2_oci:the_nios_ii_nios2_qsys_0_nios2_oci|read                                                                                                                                                                                                                                                           ; 3       ;
; nios_ii:u0|nios_ii_cmd_xbar_mux:cmd_xbar_mux|update_grant~1                                                                                                                                                                                                                                                                                                                   ; 3       ;
; nios_ii:u0|nios_ii_cmd_xbar_mux:cmd_xbar_mux|WideOr1                                                                                                                                                                                                                                                                                                                          ; 3       ;
; nios_ii:u0|nios_ii_cmd_xbar_demux:cmd_xbar_demux|src0_valid~1                                                                                                                                                                                                                                                                                                                 ; 3       ;
; nios_ii:u0|altera_merlin_slave_agent:onchip_memory2_0_s1_translator_avalon_universal_slave_0_agent|local_read~0                                                                                                                                                                                                                                                               ; 3       ;
; nios_ii:u0|nios_ii_cmd_xbar_mux:cmd_xbar_mux_001|WideOr1                                                                                                                                                                                                                                                                                                                      ; 3       ;
; nios_ii:u0|altera_avalon_sc_fifo:onchip_memory2_0_s1_translator_avalon_universal_slave_0_agent_rsp_fifo|mem_used[0]                                                                                                                                                                                                                                                           ; 3       ;
; nios_ii:u0|nios_ii_cmd_xbar_mux:cmd_xbar_mux_001|update_grant~1                                                                                                                                                                                                                                                                                                               ; 3       ;
; nios_ii:u0|nios_ii_addr_router:addr_router|Equal1~1                                                                                                                                                                                                                                                                                                                           ; 3       ;
; nios_ii:u0|nios_ii_addr_router:addr_router|Equal1~0                                                                                                                                                                                                                                                                                                                           ; 3       ;
; nios_ii:u0|nios_ii_cmd_xbar_demux_001:cmd_xbar_demux_001|src1_valid~0                                                                                                                                                                                                                                                                                                         ; 3       ;
; nios_ii:u0|nios_ii_nios2_qsys_0:nios2_qsys_0|F_pc[9]                                                                                                                                                                                                                                                                                                                          ; 3       ;
; nios_ii:u0|nios_ii_nios2_qsys_0:nios2_qsys_0|R_ctrl_br_nxt~0                                                                                                                                                                                                                                                                                                                  ; 3       ;
; nios_ii:u0|nios_ii_nios2_qsys_0:nios2_qsys_0|D_iw[9]                                                                                                                                                                                                                                                                                                                          ; 3       ;
; nios_ii:u0|nios_ii_nios2_qsys_0:nios2_qsys_0|D_iw[10]                                                                                                                                                                                                                                                                                                                         ; 3       ;
; nios_ii:u0|nios_ii_nios2_qsys_0:nios2_qsys_0|F_pc[3]                                                                                                                                                                                                                                                                                                                          ; 3       ;
; nios_ii:u0|nios_ii_nios2_qsys_0:nios2_qsys_0|R_ctrl_force_src2_zero                                                                                                                                                                                                                                                                                                           ; 3       ;
; nios_ii:u0|nios_ii_nios2_qsys_0:nios2_qsys_0|Equal2~3                                                                                                                                                                                                                                                                                                                         ; 3       ;
; nios_ii:u0|nios_ii_nios2_qsys_0:nios2_qsys_0|Equal2~2                                                                                                                                                                                                                                                                                                                         ; 3       ;
; nios_ii:u0|nios_ii_nios2_qsys_0:nios2_qsys_0|Equal101~0                                                                                                                                                                                                                                                                                                                       ; 3       ;
; nios_ii:u0|altera_avalon_sc_fifo:hex7_s1_translator_avalon_universal_slave_0_agent_rsp_fifo|mem_used[0]                                                                                                                                                                                                                                                                       ; 3       ;
; nios_ii:u0|nios_ii_leds_s1_translator:hex7_s1_translator|altera_merlin_slave_translator:leds_s1_translator|wait_latency_counter[1]~0                                                                                                                                                                                                                                          ; 3       ;
; nios_ii:u0|altera_avalon_sc_fifo:hex6_s1_translator_avalon_universal_slave_0_agent_rsp_fifo|mem_used[0]                                                                                                                                                                                                                                                                       ; 3       ;
; nios_ii:u0|nios_ii_leds_s1_translator:hex6_s1_translator|altera_merlin_slave_translator:leds_s1_translator|wait_latency_counter[1]~0                                                                                                                                                                                                                                          ; 3       ;
; nios_ii:u0|altera_avalon_sc_fifo:hex5_s1_translator_avalon_universal_slave_0_agent_rsp_fifo|mem_used[0]                                                                                                                                                                                                                                                                       ; 3       ;
; nios_ii:u0|altera_avalon_sc_fifo:hex4_s1_translator_avalon_universal_slave_0_agent_rsp_fifo|mem_used[0]                                                                                                                                                                                                                                                                       ; 3       ;
; nios_ii:u0|altera_avalon_sc_fifo:hex2_s1_translator_avalon_universal_slave_0_agent_rsp_fifo|mem_used[0]                                                                                                                                                                                                                                                                       ; 3       ;
; nios_ii:u0|altera_avalon_sc_fifo:hex1_s1_translator_avalon_universal_slave_0_agent_rsp_fifo|mem_used[0]                                                                                                                                                                                                                                                                       ; 3       ;
; nios_ii:u0|altera_avalon_sc_fifo:hex0_s1_translator_avalon_universal_slave_0_agent_rsp_fifo|mem_used[0]                                                                                                                                                                                                                                                                       ; 3       ;
; nios_ii:u0|nios_ii_nios2_qsys_0:nios2_qsys_0|nios_ii_nios2_qsys_0_nios2_oci:the_nios_ii_nios2_qsys_0_nios2_oci|nios_ii_nios2_qsys_0_jtag_debug_module_wrapper:the_nios_ii_nios2_qsys_0_jtag_debug_module_wrapper|nios_ii_nios2_qsys_0_jtag_debug_module_sysclk:the_nios_ii_nios2_qsys_0_jtag_debug_module_sysclk|jdo[35]                                                      ; 3       ;
; nios_ii:u0|nios_ii_nios2_qsys_0:nios2_qsys_0|nios_ii_nios2_qsys_0_nios2_oci:the_nios_ii_nios2_qsys_0_nios2_oci|nios_ii_nios2_qsys_0_jtag_debug_module_wrapper:the_nios_ii_nios2_qsys_0_jtag_debug_module_wrapper|nios_ii_nios2_qsys_0_jtag_debug_module_sysclk:the_nios_ii_nios2_qsys_0_jtag_debug_module_sysclk|jdo[22]                                                      ; 3       ;
; nios_ii:u0|nios_ii_cmd_xbar_demux_001:cmd_xbar_demux_001|WideOr0~6                                                                                                                                                                                                                                                                                                            ; 3       ;
; nios_ii:u0|nios_ii_nios2_qsys_0_data_master_translator:nios2_qsys_0_data_master_translator|altera_merlin_master_translator:nios2_qsys_0_data_master_translator|av_waitrequest~3                                                                                                                                                                                               ; 3       ;
; nios_ii:u0|nios_ii_nios2_qsys_0:nios2_qsys_0|av_ld_getting_data~9                                                                                                                                                                                                                                                                                                             ; 3       ;
; nios_ii:u0|nios_ii_leds_s1_translator:hex1_s1_translator|altera_merlin_slave_translator:leds_s1_translator|read_latency_shift_reg~2                                                                                                                                                                                                                                           ; 3       ;
; nios_ii:u0|nios_ii_leds_s1_translator:hex0_s1_translator|altera_merlin_slave_translator:leds_s1_translator|read_latency_shift_reg~2                                                                                                                                                                                                                                           ; 3       ;
; nios_ii:u0|altera_merlin_slave_agent:switches_s1_translator_avalon_universal_slave_0_agent|m0_write~1                                                                                                                                                                                                                                                                         ; 3       ;
; nios_ii:u0|nios_ii_switches_s1_translator:switches_s1_translator|altera_merlin_slave_translator:switches_s1_translator|wait_latency_counter[0]                                                                                                                                                                                                                                ; 3       ;
; nios_ii:u0|nios_ii_sysid_qsys_0_control_slave_translator:sysid_qsys_0_control_slave_translator|altera_merlin_slave_translator:sysid_qsys_0_control_slave_translator|read_latency_shift_reg~4                                                                                                                                                                                  ; 3       ;
; nios_ii:u0|nios_ii_sysid_qsys_0_control_slave_translator:sysid_qsys_0_control_slave_translator|altera_merlin_slave_translator:sysid_qsys_0_control_slave_translator|wait_latency_counter[0]                                                                                                                                                                                   ; 3       ;
; nios_ii:u0|nios_ii_sysid_qsys_0_control_slave_translator:sysid_qsys_0_control_slave_translator|altera_merlin_slave_translator:sysid_qsys_0_control_slave_translator|wait_latency_counter[1]                                                                                                                                                                                   ; 3       ;
; nios_ii:u0|nios_ii_cmd_xbar_demux_001:cmd_xbar_demux_001|sink_ready~1                                                                                                                                                                                                                                                                                                         ; 3       ;
; nios_ii:u0|nios_ii_jtag_uart_0:jtag_uart_0|av_waitrequest                                                                                                                                                                                                                                                                                                                     ; 3       ;
; nios_ii:u0|nios_ii_leds_s1_translator:leds_s1_translator|altera_merlin_slave_translator:leds_s1_translator|av_waitrequest_generated~1                                                                                                                                                                                                                                         ; 3       ;
; nios_ii:u0|nios_ii_nios2_qsys_0:nios2_qsys_0|E_src2[8]                                                                                                                                                                                                                                                                                                                        ; 3       ;
; nios_ii:u0|nios_ii_nios2_qsys_0:nios2_qsys_0|E_src2[9]                                                                                                                                                                                                                                                                                                                        ; 3       ;
; nios_ii:u0|nios_ii_nios2_qsys_0:nios2_qsys_0|E_src2[10]                                                                                                                                                                                                                                                                                                                       ; 3       ;
; nios_ii:u0|nios_ii_nios2_qsys_0:nios2_qsys_0|E_src2[11]                                                                                                                                                                                                                                                                                                                       ; 3       ;
; nios_ii:u0|nios_ii_nios2_qsys_0:nios2_qsys_0|E_src2[12]                                                                                                                                                                                                                                                                                                                       ; 3       ;
; nios_ii:u0|nios_ii_nios2_qsys_0:nios2_qsys_0|E_src2[13]                                                                                                                                                                                                                                                                                                                       ; 3       ;
; nios_ii:u0|nios_ii_nios2_qsys_0:nios2_qsys_0|E_src2[14]                                                                                                                                                                                                                                                                                                                       ; 3       ;
; nios_ii:u0|nios_ii_nios2_qsys_0:nios2_qsys_0|E_src2[15]                                                                                                                                                                                                                                                                                                                       ; 3       ;
; nios_ii:u0|nios_ii_nios2_qsys_0:nios2_qsys_0|E_src2[5]                                                                                                                                                                                                                                                                                                                        ; 3       ;
; nios_ii:u0|nios_ii_nios2_qsys_0:nios2_qsys_0|E_src2[6]                                                                                                                                                                                                                                                                                                                        ; 3       ;
; nios_ii:u0|nios_ii_nios2_qsys_0:nios2_qsys_0|E_src2[7]                                                                                                                                                                                                                                                                                                                        ; 3       ;
; nios_ii:u0|nios_ii_hex0:hex7|always0~0                                                                                                                                                                                                                                                                                                                                        ; 3       ;
; nios_ii:u0|nios_ii_hex0:hex6|always0~0                                                                                                                                                                                                                                                                                                                                        ; 3       ;
; nios_ii:u0|nios_ii_addr_router_001:addr_router_001|Equal3~0                                                                                                                                                                                                                                                                                                                   ; 3       ;
; nios_ii:u0|nios_ii_leds_s1_translator:hex5_s1_translator|altera_merlin_slave_translator:leds_s1_translator|wait_latency_counter[1]                                                                                                                                                                                                                                            ; 3       ;
; nios_ii:u0|nios_ii_leds_s1_translator:hex4_s1_translator|altera_merlin_slave_translator:leds_s1_translator|wait_latency_counter[1]                                                                                                                                                                                                                                            ; 3       ;
; nios_ii:u0|nios_ii_leds_s1_translator:hex2_s1_translator|altera_merlin_slave_translator:leds_s1_translator|wait_latency_counter[1]                                                                                                                                                                                                                                            ; 3       ;
; nios_ii:u0|nios_ii_hex0:hex2|always0~0                                                                                                                                                                                                                                                                                                                                        ; 3       ;
; nios_ii:u0|nios_ii_leds_s1_translator:hex1_s1_translator|altera_merlin_slave_translator:leds_s1_translator|wait_latency_counter[1]                                                                                                                                                                                                                                            ; 3       ;
; nios_ii:u0|nios_ii_hex0:hex1|always0~0                                                                                                                                                                                                                                                                                                                                        ; 3       ;
; nios_ii:u0|nios_ii_leds_s1_translator:hex0_s1_translator|altera_merlin_slave_translator:leds_s1_translator|wait_latency_counter[1]                                                                                                                                                                                                                                            ; 3       ;
; nios_ii:u0|nios_ii_nios2_qsys_0:nios2_qsys_0|d_writedata[9]                                                                                                                                                                                                                                                                                                                   ; 3       ;
; nios_ii:u0|nios_ii_nios2_qsys_0:nios2_qsys_0|d_writedata[8]                                                                                                                                                                                                                                                                                                                   ; 3       ;
; nios_ii:u0|nios_ii_nios2_qsys_0:nios2_qsys_0|nios_ii_nios2_qsys_0_nios2_oci:the_nios_ii_nios2_qsys_0_nios2_oci|nios_ii_nios2_qsys_0_jtag_debug_module_wrapper:the_nios_ii_nios2_qsys_0_jtag_debug_module_wrapper|nios_ii_nios2_qsys_0_jtag_debug_module_tck:the_nios_ii_nios2_qsys_0_jtag_debug_module_tck|sr[15]                                                             ; 3       ;
; nios_ii:u0|nios_ii_nios2_qsys_0:nios2_qsys_0|nios_ii_nios2_qsys_0_nios2_oci:the_nios_ii_nios2_qsys_0_nios2_oci|nios_ii_nios2_qsys_0_jtag_debug_module_wrapper:the_nios_ii_nios2_qsys_0_jtag_debug_module_wrapper|nios_ii_nios2_qsys_0_jtag_debug_module_tck:the_nios_ii_nios2_qsys_0_jtag_debug_module_tck|sr[7]                                                              ; 3       ;
; nios_ii:u0|nios_ii_nios2_qsys_0:nios2_qsys_0|nios_ii_nios2_qsys_0_nios2_oci:the_nios_ii_nios2_qsys_0_nios2_oci|nios_ii_nios2_qsys_0_nios2_ocimem:the_nios_ii_nios2_qsys_0_nios2_ocimem|MonDReg[15]                                                                                                                                                                            ; 3       ;
; nios_ii:u0|nios_ii_nios2_qsys_0:nios2_qsys_0|E_shift_rot_result[21]                                                                                                                                                                                                                                                                                                           ; 3       ;
; nios_ii:u0|nios_ii_nios2_qsys_0:nios2_qsys_0|E_shift_rot_result[22]                                                                                                                                                                                                                                                                                                           ; 3       ;
; nios_ii:u0|nios_ii_nios2_qsys_0:nios2_qsys_0|E_shift_rot_result[23]                                                                                                                                                                                                                                                                                                           ; 3       ;
; nios_ii:u0|nios_ii_nios2_qsys_0:nios2_qsys_0|E_shift_rot_result[24]                                                                                                                                                                                                                                                                                                           ; 3       ;
; nios_ii:u0|nios_ii_nios2_qsys_0:nios2_qsys_0|E_shift_rot_result[25]                                                                                                                                                                                                                                                                                                           ; 3       ;
; nios_ii:u0|nios_ii_nios2_qsys_0:nios2_qsys_0|E_shift_rot_result[26]                                                                                                                                                                                                                                                                                                           ; 3       ;
; nios_ii:u0|nios_ii_nios2_qsys_0:nios2_qsys_0|E_shift_rot_result[27]                                                                                                                                                                                                                                                                                                           ; 3       ;
; nios_ii:u0|nios_ii_nios2_qsys_0:nios2_qsys_0|E_shift_rot_result[28]                                                                                                                                                                                                                                                                                                           ; 3       ;
; nios_ii:u0|nios_ii_nios2_qsys_0:nios2_qsys_0|E_shift_rot_result[29]                                                                                                                                                                                                                                                                                                           ; 3       ;
; nios_ii:u0|nios_ii_nios2_qsys_0:nios2_qsys_0|E_shift_rot_result[20]                                                                                                                                                                                                                                                                                                           ; 3       ;
; nios_ii:u0|nios_ii_nios2_qsys_0:nios2_qsys_0|E_shift_rot_result[30]                                                                                                                                                                                                                                                                                                           ; 3       ;
; nios_ii:u0|nios_ii_nios2_qsys_0:nios2_qsys_0|E_shift_rot_result[19]                                                                                                                                                                                                                                                                                                           ; 3       ;
; nios_ii:u0|nios_ii_nios2_qsys_0:nios2_qsys_0|E_shift_rot_result[31]                                                                                                                                                                                                                                                                                                           ; 3       ;
; nios_ii:u0|nios_ii_nios2_qsys_0:nios2_qsys_0|E_shift_rot_result[18]                                                                                                                                                                                                                                                                                                           ; 3       ;
; nios_ii:u0|nios_ii_nios2_qsys_0:nios2_qsys_0|av_ld_byte1_data[7]                                                                                                                                                                                                                                                                                                              ; 3       ;
; nios_ii:u0|nios_ii_nios2_qsys_0:nios2_qsys_0|E_shift_rot_result[0]                                                                                                                                                                                                                                                                                                            ; 3       ;
; nios_ii:u0|nios_ii_nios2_qsys_0:nios2_qsys_0|E_src2[21]                                                                                                                                                                                                                                                                                                                       ; 3       ;
; nios_ii:u0|nios_ii_nios2_qsys_0:nios2_qsys_0|E_src2[17]                                                                                                                                                                                                                                                                                                                       ; 3       ;
; nios_ii:u0|nios_ii_nios2_qsys_0:nios2_qsys_0|E_src2[18]                                                                                                                                                                                                                                                                                                                       ; 3       ;
; nios_ii:u0|nios_ii_nios2_qsys_0:nios2_qsys_0|E_src2[19]                                                                                                                                                                                                                                                                                                                       ; 3       ;
; nios_ii:u0|nios_ii_nios2_qsys_0:nios2_qsys_0|E_src2[20]                                                                                                                                                                                                                                                                                                                       ; 3       ;
; nios_ii:u0|nios_ii_nios2_qsys_0:nios2_qsys_0|E_src2[22]                                                                                                                                                                                                                                                                                                                       ; 3       ;
; nios_ii:u0|nios_ii_nios2_qsys_0:nios2_qsys_0|E_src2[23]                                                                                                                                                                                                                                                                                                                       ; 3       ;
; nios_ii:u0|nios_ii_nios2_qsys_0:nios2_qsys_0|E_src2[24]                                                                                                                                                                                                                                                                                                                       ; 3       ;
; nios_ii:u0|nios_ii_nios2_qsys_0:nios2_qsys_0|E_src2[25]                                                                                                                                                                                                                                                                                                                       ; 3       ;
; nios_ii:u0|nios_ii_nios2_qsys_0:nios2_qsys_0|E_src2[26]                                                                                                                                                                                                                                                                                                                       ; 3       ;
; nios_ii:u0|nios_ii_nios2_qsys_0:nios2_qsys_0|E_src2[27]                                                                                                                                                                                                                                                                                                                       ; 3       ;
; nios_ii:u0|nios_ii_nios2_qsys_0:nios2_qsys_0|E_src2[28]                                                                                                                                                                                                                                                                                                                       ; 3       ;
; nios_ii:u0|nios_ii_nios2_qsys_0:nios2_qsys_0|E_src2[29]                                                                                                                                                                                                                                                                                                                       ; 3       ;
; nios_ii:u0|nios_ii_nios2_qsys_0:nios2_qsys_0|E_src2[30]                                                                                                                                                                                                                                                                                                                       ; 3       ;
; nios_ii:u0|nios_ii_nios2_qsys_0:nios2_qsys_0|nios_ii_nios2_qsys_0_nios2_oci:the_nios_ii_nios2_qsys_0_nios2_oci|nios_ii_nios2_qsys_0_jtag_debug_module_wrapper:the_nios_ii_nios2_qsys_0_jtag_debug_module_wrapper|nios_ii_nios2_qsys_0_jtag_debug_module_tck:the_nios_ii_nios2_qsys_0_jtag_debug_module_tck|sr[35]                                                             ; 3       ;
; nios_ii:u0|nios_ii_nios2_qsys_0:nios2_qsys_0|nios_ii_nios2_qsys_0_nios2_oci:the_nios_ii_nios2_qsys_0_nios2_oci|nios_ii_nios2_qsys_0_nios2_oci_debug:the_nios_ii_nios2_qsys_0_nios2_oci_debug|jtag_break                                                                                                                                                                       ; 3       ;
; nios_ii:u0|nios_ii_nios2_qsys_0:nios2_qsys_0|E_shift_rot_result[1]                                                                                                                                                                                                                                                                                                            ; 3       ;
; nios_ii:u0|nios_ii_nios2_qsys_0:nios2_qsys_0|E_shift_rot_result[17]                                                                                                                                                                                                                                                                                                           ; 3       ;
; nios_ii:u0|nios_ii_nios2_qsys_0:nios2_qsys_0|F_pc[6]                                                                                                                                                                                                                                                                                                                          ; 3       ;
; nios_ii:u0|nios_ii_nios2_qsys_0:nios2_qsys_0|F_pc[7]                                                                                                                                                                                                                                                                                                                          ; 3       ;
; nios_ii:u0|nios_ii_nios2_qsys_0:nios2_qsys_0|F_pc[8]                                                                                                                                                                                                                                                                                                                          ; 3       ;
; nios_ii:u0|nios_ii_nios2_qsys_0:nios2_qsys_0|F_pc[12]                                                                                                                                                                                                                                                                                                                         ; 3       ;
; nios_ii:u0|nios_ii_nios2_qsys_0:nios2_qsys_0|F_pc[0]                                                                                                                                                                                                                                                                                                                          ; 3       ;
; nios_ii:u0|nios_ii_nios2_qsys_0:nios2_qsys_0|F_pc[1]                                                                                                                                                                                                                                                                                                                          ; 3       ;
; nios_ii:u0|nios_ii_nios2_qsys_0:nios2_qsys_0|F_pc[2]                                                                                                                                                                                                                                                                                                                          ; 3       ;
; nios_ii:u0|nios_ii_nios2_qsys_0:nios2_qsys_0|F_pc[4]                                                                                                                                                                                                                                                                                                                          ; 3       ;
; nios_ii:u0|nios_ii_nios2_qsys_0:nios2_qsys_0|F_pc[5]                                                                                                                                                                                                                                                                                                                          ; 3       ;
; nios_ii:u0|nios_ii_nios2_qsys_0:nios2_qsys_0|E_shift_rot_result[2]                                                                                                                                                                                                                                                                                                            ; 3       ;
; nios_ii:u0|nios_ii_nios2_qsys_0:nios2_qsys_0|E_shift_rot_result[3]                                                                                                                                                                                                                                                                                                            ; 3       ;
; nios_ii:u0|nios_ii_nios2_qsys_0:nios2_qsys_0|E_shift_rot_result[6]                                                                                                                                                                                                                                                                                                            ; 3       ;
; nios_ii:u0|nios_ii_nios2_qsys_0:nios2_qsys_0|E_shift_rot_result[4]                                                                                                                                                                                                                                                                                                            ; 3       ;
; nios_ii:u0|nios_ii_nios2_qsys_0:nios2_qsys_0|E_shift_rot_result[8]                                                                                                                                                                                                                                                                                                            ; 3       ;
; nios_ii:u0|nios_ii_nios2_qsys_0:nios2_qsys_0|E_shift_rot_result[5]                                                                                                                                                                                                                                                                                                            ; 3       ;
; nios_ii:u0|nios_ii_nios2_qsys_0:nios2_qsys_0|E_shift_rot_result[9]                                                                                                                                                                                                                                                                                                            ; 3       ;
; nios_ii:u0|nios_ii_nios2_qsys_0:nios2_qsys_0|E_shift_rot_result[10]                                                                                                                                                                                                                                                                                                           ; 3       ;
; nios_ii:u0|nios_ii_nios2_qsys_0:nios2_qsys_0|E_shift_rot_result[11]                                                                                                                                                                                                                                                                                                           ; 3       ;
; nios_ii:u0|nios_ii_nios2_qsys_0:nios2_qsys_0|E_shift_rot_result[12]                                                                                                                                                                                                                                                                                                           ; 3       ;
; nios_ii:u0|nios_ii_nios2_qsys_0:nios2_qsys_0|E_shift_rot_result[13]                                                                                                                                                                                                                                                                                                           ; 3       ;
; nios_ii:u0|nios_ii_nios2_qsys_0:nios2_qsys_0|E_shift_rot_result[14]                                                                                                                                                                                                                                                                                                           ; 3       ;
; nios_ii:u0|nios_ii_nios2_qsys_0:nios2_qsys_0|E_shift_rot_result[15]                                                                                                                                                                                                                                                                                                           ; 3       ;
; nios_ii:u0|nios_ii_nios2_qsys_0:nios2_qsys_0|E_shift_rot_result[16]                                                                                                                                                                                                                                                                                                           ; 3       ;
; nios_ii:u0|nios_ii_nios2_qsys_0:nios2_qsys_0|E_src2[16]                                                                                                                                                                                                                                                                                                                       ; 3       ;
; nios_ii:u0|nios_ii_nios2_qsys_0:nios2_qsys_0|E_shift_rot_result[7]                                                                                                                                                                                                                                                                                                            ; 3       ;
; nios_ii:u0|nios_ii_nios2_qsys_0:nios2_qsys_0|W_alu_result[13]                                                                                                                                                                                                                                                                                                                 ; 3       ;
; nios_ii:u0|nios_ii_nios2_qsys_0:nios2_qsys_0|W_alu_result[14]                                                                                                                                                                                                                                                                                                                 ; 3       ;
; nios_ii:u0|nios_ii_nios2_qsys_0:nios2_qsys_0|nios_ii_nios2_qsys_0_nios2_oci:the_nios_ii_nios2_qsys_0_nios2_oci|nios_ii_nios2_qsys_0_jtag_debug_module_wrapper:the_nios_ii_nios2_qsys_0_jtag_debug_module_wrapper|nios_ii_nios2_qsys_0_jtag_debug_module_tck:the_nios_ii_nios2_qsys_0_jtag_debug_module_tck|sr[0]                                                              ; 3       ;
; sld_hub:auto_hub|sld_jtag_hub:\jtag_hub_gen:sld_jtag_hub_inst|identity_contrib_shift_reg[3]                                                                                                                                                                                                                                                                                   ; 2       ;
; sld_hub:auto_hub|sld_jtag_hub:\jtag_hub_gen:sld_jtag_hub_inst|identity_contrib_shift_reg[2]                                                                                                                                                                                                                                                                                   ; 2       ;
; sld_hub:auto_hub|sld_jtag_hub:\jtag_hub_gen:sld_jtag_hub_inst|identity_contrib_shift_reg[1]                                                                                                                                                                                                                                                                                   ; 2       ;
; sld_hub:auto_hub|sld_jtag_hub:\jtag_hub_gen:sld_jtag_hub_inst|reset_ena_reg_proc~0                                                                                                                                                                                                                                                                                            ; 2       ;
; sld_hub:auto_hub|sld_jtag_hub:\jtag_hub_gen:sld_jtag_hub_inst|identity_contrib_shift_reg[0]~2                                                                                                                                                                                                                                                                                 ; 2       ;
; sld_hub:auto_hub|sld_jtag_hub:\jtag_hub_gen:sld_jtag_hub_inst|hub_mode_reg[2]~2                                                                                                                                                                                                                                                                                               ; 2       ;
; sld_hub:auto_hub|sld_jtag_hub:\jtag_hub_gen:sld_jtag_hub_inst|sld_rom_sr:hub_info_reg|WORD_SR~1                                                                                                                                                                                                                                                                               ; 2       ;
; sld_hub:auto_hub|sld_jtag_hub:\jtag_hub_gen:sld_jtag_hub_inst|irsr_reg[2]~4                                                                                                                                                                                                                                                                                                   ; 2       ;
; sld_hub:auto_hub|sld_jtag_hub:\jtag_hub_gen:sld_jtag_hub_inst|jtag_ir_reg[0]                                                                                                                                                                                                                                                                                                  ; 2       ;
; sld_hub:auto_hub|sld_jtag_hub:\jtag_hub_gen:sld_jtag_hub_inst|Equal0~1                                                                                                                                                                                                                                                                                                        ; 2       ;
; sld_hub:auto_hub|sld_jtag_hub:\jtag_hub_gen:sld_jtag_hub_inst|jtag_ir_reg[2]                                                                                                                                                                                                                                                                                                  ; 2       ;
; sld_hub:auto_hub|sld_jtag_hub:\jtag_hub_gen:sld_jtag_hub_inst|jtag_ir_reg[4]                                                                                                                                                                                                                                                                                                  ; 2       ;
; sld_hub:auto_hub|sld_jtag_hub:\jtag_hub_gen:sld_jtag_hub_inst|jtag_ir_reg[5]                                                                                                                                                                                                                                                                                                  ; 2       ;
; sld_hub:auto_hub|sld_jtag_hub:\jtag_hub_gen:sld_jtag_hub_inst|jtag_ir_reg[3]                                                                                                                                                                                                                                                                                                  ; 2       ;
; sld_hub:auto_hub|sld_jtag_hub:\jtag_hub_gen:sld_jtag_hub_inst|Equal0~0                                                                                                                                                                                                                                                                                                        ; 2       ;
; sld_hub:auto_hub|sld_jtag_hub:\jtag_hub_gen:sld_jtag_hub_inst|jtag_ir_reg[6]                                                                                                                                                                                                                                                                                                  ; 2       ;
; sld_hub:auto_hub|sld_jtag_hub:\jtag_hub_gen:sld_jtag_hub_inst|jtag_ir_reg[7]                                                                                                                                                                                                                                                                                                  ; 2       ;
; sld_hub:auto_hub|sld_jtag_hub:\jtag_hub_gen:sld_jtag_hub_inst|jtag_ir_reg[8]                                                                                                                                                                                                                                                                                                  ; 2       ;
; sld_hub:auto_hub|sld_jtag_hub:\jtag_hub_gen:sld_jtag_hub_inst|jtag_ir_reg[9]                                                                                                                                                                                                                                                                                                  ; 2       ;
; sld_hub:auto_hub|sld_jtag_hub:\jtag_hub_gen:sld_jtag_hub_inst|hub_mode_reg[2]                                                                                                                                                                                                                                                                                                 ; 2       ;
; sld_hub:auto_hub|sld_jtag_hub:\jtag_hub_gen:sld_jtag_hub_inst|node_ena~3                                                                                                                                                                                                                                                                                                      ; 2       ;
; sld_hub:auto_hub|sld_jtag_hub:\jtag_hub_gen:sld_jtag_hub_inst|irf_reg[1][0]~3                                                                                                                                                                                                                                                                                                 ; 2       ;
; sld_hub:auto_hub|sld_jtag_hub:\jtag_hub_gen:sld_jtag_hub_inst|irf_reg[1][0]~2                                                                                                                                                                                                                                                                                                 ; 2       ;
; sld_hub:auto_hub|sld_jtag_hub:\jtag_hub_gen:sld_jtag_hub_inst|Equal11~0                                                                                                                                                                                                                                                                                                       ; 2       ;
; sld_hub:auto_hub|sld_jtag_hub:\jtag_hub_gen:sld_jtag_hub_inst|tdo_bypass_reg                                                                                                                                                                                                                                                                                                  ; 2       ;
; sld_hub:auto_hub|sld_jtag_hub:\jtag_hub_gen:sld_jtag_hub_inst|sld_shadow_jsm:shadow_jsm|state[14]                                                                                                                                                                                                                                                                             ; 2       ;
; sld_hub:auto_hub|sld_jtag_hub:\jtag_hub_gen:sld_jtag_hub_inst|sld_shadow_jsm:shadow_jsm|state[12]                                                                                                                                                                                                                                                                             ; 2       ;
; sld_hub:auto_hub|sld_jtag_hub:\jtag_hub_gen:sld_jtag_hub_inst|sld_shadow_jsm:shadow_jsm|state[10]                                                                                                                                                                                                                                                                             ; 2       ;
; sld_hub:auto_hub|sld_jtag_hub:\jtag_hub_gen:sld_jtag_hub_inst|sld_shadow_jsm:shadow_jsm|state[9]                                                                                                                                                                                                                                                                              ; 2       ;
; sld_hub:auto_hub|sld_jtag_hub:\jtag_hub_gen:sld_jtag_hub_inst|sld_shadow_jsm:shadow_jsm|state[2]                                                                                                                                                                                                                                                                              ; 2       ;
; sld_hub:auto_hub|sld_jtag_hub:\jtag_hub_gen:sld_jtag_hub_inst|sld_shadow_jsm:shadow_jsm|tms_cnt[1]                                                                                                                                                                                                                                                                            ; 2       ;
; sld_hub:auto_hub|sld_jtag_hub:\jtag_hub_gen:sld_jtag_hub_inst|sld_shadow_jsm:shadow_jsm|tms_cnt[2]                                                                                                                                                                                                                                                                            ; 2       ;
; sld_hub:auto_hub|sld_jtag_hub:\jtag_hub_gen:sld_jtag_hub_inst|sld_shadow_jsm:shadow_jsm|state[13]                                                                                                                                                                                                                                                                             ; 2       ;
; sld_hub:auto_hub|sld_jtag_hub:\jtag_hub_gen:sld_jtag_hub_inst|sld_shadow_jsm:shadow_jsm|state[6]                                                                                                                                                                                                                                                                              ; 2       ;
; nios_ii:u0|nios_ii_nios2_qsys_0:nios2_qsys_0|D_wr_dst_reg~7                                                                                                                                                                                                                                                                                                                   ; 2       ;
; nios_ii:u0|nios_ii_sysid_qsys_0_control_slave_translator:sysid_qsys_0_control_slave_translator|altera_merlin_slave_translator:sysid_qsys_0_control_slave_translator|read_latency_shift_reg~5                                                                                                                                                                                  ; 2       ;
; nios_ii:u0|nios_ii_cmd_xbar_mux:cmd_xbar_mux|src_valid~2                                                                                                                                                                                                                                                                                                                      ; 2       ;
; nios_ii:u0|nios_ii_addr_router_001:addr_router_001|src_channel[0]~9                                                                                                                                                                                                                                                                                                           ; 2       ;
; nios_ii:u0|nios_ii_leds_s1_translator:leds_s1_translator|altera_merlin_slave_translator:leds_s1_translator|read_latency_shift_reg~5                                                                                                                                                                                                                                           ; 2       ;
; nios_ii:u0|nios_ii_addr_router_001:addr_router_001|Equal7~2                                                                                                                                                                                                                                                                                                                   ; 2       ;
; nios_ii:u0|nios_ii_addr_router_001:addr_router_001|Equal6~3                                                                                                                                                                                                                                                                                                                   ; 2       ;
; nios_ii:u0|nios_ii_nios2_qsys_0:nios2_qsys_0|nios_ii_nios2_qsys_0_nios2_oci:the_nios_ii_nios2_qsys_0_nios2_oci|nios_ii_nios2_qsys_0_jtag_debug_module_wrapper:the_nios_ii_nios2_qsys_0_jtag_debug_module_wrapper|nios_ii_nios2_qsys_0_jtag_debug_module_tck:the_nios_ii_nios2_qsys_0_jtag_debug_module_tck|sr[9]                                                              ; 2       ;
; nios_ii:u0|nios_ii_nios2_qsys_0:nios2_qsys_0|nios_ii_nios2_qsys_0_nios2_oci:the_nios_ii_nios2_qsys_0_nios2_oci|nios_ii_nios2_qsys_0_jtag_debug_module_wrapper:the_nios_ii_nios2_qsys_0_jtag_debug_module_wrapper|nios_ii_nios2_qsys_0_jtag_debug_module_tck:the_nios_ii_nios2_qsys_0_jtag_debug_module_tck|sr[10]                                                             ; 2       ;
; nios_ii:u0|nios_ii_nios2_qsys_0:nios2_qsys_0|nios_ii_nios2_qsys_0_nios2_oci:the_nios_ii_nios2_qsys_0_nios2_oci|nios_ii_nios2_qsys_0_jtag_debug_module_wrapper:the_nios_ii_nios2_qsys_0_jtag_debug_module_wrapper|nios_ii_nios2_qsys_0_jtag_debug_module_tck:the_nios_ii_nios2_qsys_0_jtag_debug_module_tck|sr[11]                                                             ; 2       ;
; nios_ii:u0|nios_ii_nios2_qsys_0:nios2_qsys_0|nios_ii_nios2_qsys_0_nios2_oci:the_nios_ii_nios2_qsys_0_nios2_oci|nios_ii_nios2_qsys_0_jtag_debug_module_wrapper:the_nios_ii_nios2_qsys_0_jtag_debug_module_wrapper|nios_ii_nios2_qsys_0_jtag_debug_module_tck:the_nios_ii_nios2_qsys_0_jtag_debug_module_tck|sr[12]                                                             ; 2       ;
; nios_ii:u0|nios_ii_nios2_qsys_0:nios2_qsys_0|nios_ii_nios2_qsys_0_nios2_oci:the_nios_ii_nios2_qsys_0_nios2_oci|nios_ii_nios2_qsys_0_jtag_debug_module_wrapper:the_nios_ii_nios2_qsys_0_jtag_debug_module_wrapper|nios_ii_nios2_qsys_0_jtag_debug_module_tck:the_nios_ii_nios2_qsys_0_jtag_debug_module_tck|sr[13]                                                             ; 2       ;
; nios_ii:u0|nios_ii_nios2_qsys_0:nios2_qsys_0|nios_ii_nios2_qsys_0_nios2_oci:the_nios_ii_nios2_qsys_0_nios2_oci|nios_ii_nios2_qsys_0_jtag_debug_module_wrapper:the_nios_ii_nios2_qsys_0_jtag_debug_module_wrapper|nios_ii_nios2_qsys_0_jtag_debug_module_tck:the_nios_ii_nios2_qsys_0_jtag_debug_module_tck|sr[14]                                                             ; 2       ;
; nios_ii:u0|nios_ii_nios2_qsys_0:nios2_qsys_0|nios_ii_nios2_qsys_0_nios2_oci:the_nios_ii_nios2_qsys_0_nios2_oci|nios_ii_nios2_qsys_0_jtag_debug_module_wrapper:the_nios_ii_nios2_qsys_0_jtag_debug_module_wrapper|nios_ii_nios2_qsys_0_jtag_debug_module_tck:the_nios_ii_nios2_qsys_0_jtag_debug_module_tck|sr[8]                                                              ; 2       ;
; nios_ii:u0|nios_ii_nios2_qsys_0:nios2_qsys_0|nios_ii_nios2_qsys_0_nios2_oci:the_nios_ii_nios2_qsys_0_nios2_oci|nios_ii_nios2_qsys_0_jtag_debug_module_wrapper:the_nios_ii_nios2_qsys_0_jtag_debug_module_wrapper|nios_ii_nios2_qsys_0_jtag_debug_module_tck:the_nios_ii_nios2_qsys_0_jtag_debug_module_tck|sr[16]                                                             ; 2       ;
; nios_ii:u0|nios_ii_nios2_qsys_0:nios2_qsys_0|nios_ii_nios2_qsys_0_nios2_oci:the_nios_ii_nios2_qsys_0_nios2_oci|nios_ii_nios2_qsys_0_jtag_debug_module_wrapper:the_nios_ii_nios2_qsys_0_jtag_debug_module_wrapper|nios_ii_nios2_qsys_0_jtag_debug_module_sysclk:the_nios_ii_nios2_qsys_0_jtag_debug_module_sysclk|jdo[9]                                                       ; 2       ;
; nios_ii:u0|nios_ii_nios2_qsys_0:nios2_qsys_0|nios_ii_nios2_qsys_0_nios2_oci:the_nios_ii_nios2_qsys_0_nios2_oci|nios_ii_nios2_qsys_0_jtag_debug_module_wrapper:the_nios_ii_nios2_qsys_0_jtag_debug_module_wrapper|nios_ii_nios2_qsys_0_jtag_debug_module_sysclk:the_nios_ii_nios2_qsys_0_jtag_debug_module_sysclk|jdo[10]                                                      ; 2       ;
; nios_ii:u0|nios_ii_nios2_qsys_0:nios2_qsys_0|nios_ii_nios2_qsys_0_nios2_oci:the_nios_ii_nios2_qsys_0_nios2_oci|nios_ii_nios2_qsys_0_jtag_debug_module_wrapper:the_nios_ii_nios2_qsys_0_jtag_debug_module_wrapper|nios_ii_nios2_qsys_0_jtag_debug_module_sysclk:the_nios_ii_nios2_qsys_0_jtag_debug_module_sysclk|jdo[11]                                                      ; 2       ;
; nios_ii:u0|nios_ii_nios2_qsys_0:nios2_qsys_0|nios_ii_nios2_qsys_0_nios2_oci:the_nios_ii_nios2_qsys_0_nios2_oci|nios_ii_nios2_qsys_0_jtag_debug_module_wrapper:the_nios_ii_nios2_qsys_0_jtag_debug_module_wrapper|nios_ii_nios2_qsys_0_jtag_debug_module_sysclk:the_nios_ii_nios2_qsys_0_jtag_debug_module_sysclk|jdo[12]                                                      ; 2       ;
; nios_ii:u0|nios_ii_nios2_qsys_0:nios2_qsys_0|nios_ii_nios2_qsys_0_nios2_oci:the_nios_ii_nios2_qsys_0_nios2_oci|nios_ii_nios2_qsys_0_jtag_debug_module_wrapper:the_nios_ii_nios2_qsys_0_jtag_debug_module_wrapper|nios_ii_nios2_qsys_0_jtag_debug_module_sysclk:the_nios_ii_nios2_qsys_0_jtag_debug_module_sysclk|jdo[13]                                                      ; 2       ;
; nios_ii:u0|nios_ii_nios2_qsys_0:nios2_qsys_0|nios_ii_nios2_qsys_0_nios2_oci:the_nios_ii_nios2_qsys_0_nios2_oci|nios_ii_nios2_qsys_0_jtag_debug_module_wrapper:the_nios_ii_nios2_qsys_0_jtag_debug_module_wrapper|nios_ii_nios2_qsys_0_jtag_debug_module_sysclk:the_nios_ii_nios2_qsys_0_jtag_debug_module_sysclk|jdo[8]                                                       ; 2       ;
; nios_ii:u0|nios_ii_nios2_qsys_0:nios2_qsys_0|nios_ii_nios2_qsys_0_nios2_oci:the_nios_ii_nios2_qsys_0_nios2_oci|nios_ii_nios2_qsys_0_jtag_debug_module_wrapper:the_nios_ii_nios2_qsys_0_jtag_debug_module_wrapper|nios_ii_nios2_qsys_0_jtag_debug_module_sysclk:the_nios_ii_nios2_qsys_0_jtag_debug_module_sysclk|jdo[15]                                                      ; 2       ;
; nios_ii:u0|nios_ii_nios2_qsys_0:nios2_qsys_0|nios_ii_nios2_qsys_0_nios2_oci:the_nios_ii_nios2_qsys_0_nios2_oci|nios_ii_nios2_qsys_0_jtag_debug_module_wrapper:the_nios_ii_nios2_qsys_0_jtag_debug_module_wrapper|nios_ii_nios2_qsys_0_jtag_debug_module_sysclk:the_nios_ii_nios2_qsys_0_jtag_debug_module_sysclk|jdo[14]                                                      ; 2       ;
; nios_ii:u0|nios_ii_jtag_uart_0:jtag_uart_0|alt_jtag_atlantic:nios_ii_jtag_uart_0_alt_jtag_atlantic|write                                                                                                                                                                                                                                                                      ; 2       ;
; nios_ii:u0|nios_ii_jtag_uart_0:jtag_uart_0|alt_jtag_atlantic:nios_ii_jtag_uart_0_alt_jtag_atlantic|jupdate                                                                                                                                                                                                                                                                    ; 2       ;
; nios_ii:u0|nios_ii_nios2_qsys_0:nios2_qsys_0|nios_ii_nios2_qsys_0_nios2_oci:the_nios_ii_nios2_qsys_0_nios2_oci|nios_ii_nios2_qsys_0_jtag_debug_module_wrapper:the_nios_ii_nios2_qsys_0_jtag_debug_module_wrapper|nios_ii_nios2_qsys_0_jtag_debug_module_sysclk:the_nios_ii_nios2_qsys_0_jtag_debug_module_sysclk|jdo[7]                                                       ; 2       ;
; nios_ii:u0|nios_ii_jtag_uart_0:jtag_uart_0|alt_jtag_atlantic:nios_ii_jtag_uart_0_alt_jtag_atlantic|td_shift[7]                                                                                                                                                                                                                                                                ; 2       ;
; nios_ii:u0|nios_ii_jtag_uart_0:jtag_uart_0|alt_jtag_atlantic:nios_ii_jtag_uart_0_alt_jtag_atlantic|td_shift[6]                                                                                                                                                                                                                                                                ; 2       ;
; nios_ii:u0|nios_ii_nios2_qsys_0:nios2_qsys_0|nios_ii_nios2_qsys_0_nios2_oci:the_nios_ii_nios2_qsys_0_nios2_oci|nios_ii_nios2_qsys_0_nios2_ocimem:the_nios_ii_nios2_qsys_0_nios2_ocimem|MonDReg[28]                                                                                                                                                                            ; 2       ;
; nios_ii:u0|nios_ii_nios2_qsys_0:nios2_qsys_0|nios_ii_nios2_qsys_0_nios2_oci:the_nios_ii_nios2_qsys_0_nios2_oci|nios_ii_nios2_qsys_0_nios2_ocimem:the_nios_ii_nios2_qsys_0_nios2_ocimem|MonDReg[30]                                                                                                                                                                            ; 2       ;
; nios_ii:u0|nios_ii_nios2_qsys_0:nios2_qsys_0|nios_ii_nios2_qsys_0_nios2_oci:the_nios_ii_nios2_qsys_0_nios2_oci|nios_ii_nios2_qsys_0_nios2_ocimem:the_nios_ii_nios2_qsys_0_nios2_ocimem|MonDReg[31]                                                                                                                                                                            ; 2       ;
; nios_ii:u0|nios_ii_nios2_qsys_0:nios2_qsys_0|nios_ii_nios2_qsys_0_nios2_oci:the_nios_ii_nios2_qsys_0_nios2_oci|nios_ii_nios2_qsys_0_nios2_oci_debug:the_nios_ii_nios2_qsys_0_nios2_oci_debug|resetlatch                                                                                                                                                                       ; 2       ;
; nios_ii:u0|nios_ii_nios2_qsys_0:nios2_qsys_0|nios_ii_nios2_qsys_0_nios2_oci:the_nios_ii_nios2_qsys_0_nios2_oci|nios_ii_nios2_qsys_0_jtag_debug_module_wrapper:the_nios_ii_nios2_qsys_0_jtag_debug_module_wrapper|nios_ii_nios2_qsys_0_jtag_debug_module_sysclk:the_nios_ii_nios2_qsys_0_jtag_debug_module_sysclk|jdo[16]                                                      ; 2       ;
; nios_ii:u0|nios_ii_nios2_qsys_0:nios2_qsys_0|nios_ii_nios2_qsys_0_nios2_oci:the_nios_ii_nios2_qsys_0_nios2_oci|nios_ii_nios2_qsys_0_nios2_ocimem:the_nios_ii_nios2_qsys_0_nios2_ocimem|MonDReg[17]                                                                                                                                                                            ; 2       ;
; nios_ii:u0|nios_ii_nios2_qsys_0:nios2_qsys_0|nios_ii_nios2_qsys_0_nios2_oci:the_nios_ii_nios2_qsys_0_nios2_oci|nios_ii_nios2_qsys_0_nios2_ocimem:the_nios_ii_nios2_qsys_0_nios2_ocimem|MonDReg[6]                                                                                                                                                                             ; 2       ;
; nios_ii:u0|nios_ii_nios2_qsys_0:nios2_qsys_0|nios_ii_nios2_qsys_0_nios2_oci:the_nios_ii_nios2_qsys_0_nios2_oci|nios_ii_nios2_qsys_0_nios2_ocimem:the_nios_ii_nios2_qsys_0_nios2_ocimem|MonDReg[7]                                                                                                                                                                             ; 2       ;
; nios_ii:u0|nios_ii_nios2_qsys_0:nios2_qsys_0|nios_ii_nios2_qsys_0_nios2_oci:the_nios_ii_nios2_qsys_0_nios2_oci|nios_ii_nios2_qsys_0_nios2_ocimem:the_nios_ii_nios2_qsys_0_nios2_ocimem|MonDReg[9]                                                                                                                                                                             ; 2       ;
; nios_ii:u0|nios_ii_nios2_qsys_0:nios2_qsys_0|nios_ii_nios2_qsys_0_nios2_oci:the_nios_ii_nios2_qsys_0_nios2_oci|nios_ii_nios2_qsys_0_nios2_ocimem:the_nios_ii_nios2_qsys_0_nios2_ocimem|MonDReg[10]                                                                                                                                                                            ; 2       ;
; nios_ii:u0|nios_ii_nios2_qsys_0:nios2_qsys_0|nios_ii_nios2_qsys_0_nios2_oci:the_nios_ii_nios2_qsys_0_nios2_oci|nios_ii_nios2_qsys_0_nios2_ocimem:the_nios_ii_nios2_qsys_0_nios2_ocimem|MonDReg[14]                                                                                                                                                                            ; 2       ;
; nios_ii:u0|nios_ii_nios2_qsys_0:nios2_qsys_0|nios_ii_nios2_qsys_0_nios2_oci:the_nios_ii_nios2_qsys_0_nios2_oci|nios_ii_nios2_qsys_0_nios2_ocimem:the_nios_ii_nios2_qsys_0_nios2_ocimem|MonDReg[13]                                                                                                                                                                            ; 2       ;
; nios_ii:u0|nios_ii_nios2_qsys_0:nios2_qsys_0|nios_ii_nios2_qsys_0_nios2_oci:the_nios_ii_nios2_qsys_0_nios2_oci|nios_ii_nios2_qsys_0_nios2_ocimem:the_nios_ii_nios2_qsys_0_nios2_ocimem|MonDReg[11]                                                                                                                                                                            ; 2       ;
; nios_ii:u0|nios_ii_jtag_uart_0:jtag_uart_0|alt_jtag_atlantic:nios_ii_jtag_uart_0_alt_jtag_atlantic|td_shift[5]                                                                                                                                                                                                                                                                ; 2       ;
; nios_ii:u0|nios_ii_nios2_qsys_0:nios2_qsys_0|nios_ii_nios2_qsys_0_nios2_oci:the_nios_ii_nios2_qsys_0_nios2_oci|nios_ii_nios2_qsys_0_nios2_ocimem:the_nios_ii_nios2_qsys_0_nios2_ocimem|MonDReg[24]                                                                                                                                                                            ; 2       ;
; nios_ii:u0|nios_ii_nios2_qsys_0:nios2_qsys_0|nios_ii_nios2_qsys_0_nios2_oci:the_nios_ii_nios2_qsys_0_nios2_oci|nios_ii_nios2_qsys_0_nios2_ocimem:the_nios_ii_nios2_qsys_0_nios2_ocimem|MonDReg[26]                                                                                                                                                                            ; 2       ;
; nios_ii:u0|nios_ii_nios2_qsys_0:nios2_qsys_0|nios_ii_nios2_qsys_0_nios2_oci:the_nios_ii_nios2_qsys_0_nios2_oci|nios_ii_nios2_qsys_0_nios2_ocimem:the_nios_ii_nios2_qsys_0_nios2_ocimem|MonDReg[27]                                                                                                                                                                            ; 2       ;
; nios_ii:u0|nios_ii_nios2_qsys_0:nios2_qsys_0|nios_ii_nios2_qsys_0_nios2_oci:the_nios_ii_nios2_qsys_0_nios2_oci|nios_ii_nios2_qsys_0_nios2_ocimem:the_nios_ii_nios2_qsys_0_nios2_ocimem|MonDReg[25]                                                                                                                                                                            ; 2       ;
; nios_ii:u0|nios_ii_nios2_qsys_0:nios2_qsys_0|nios_ii_nios2_qsys_0_nios2_oci:the_nios_ii_nios2_qsys_0_nios2_oci|nios_ii_nios2_qsys_0_jtag_debug_module_wrapper:the_nios_ii_nios2_qsys_0_jtag_debug_module_wrapper|nios_ii_nios2_qsys_0_jtag_debug_module_sysclk:the_nios_ii_nios2_qsys_0_jtag_debug_module_sysclk|jdo[6]                                                       ; 2       ;
; nios_ii:u0|nios_ii_nios2_qsys_0:nios2_qsys_0|nios_ii_nios2_qsys_0_nios2_oci:the_nios_ii_nios2_qsys_0_nios2_oci|nios_ii_nios2_qsys_0_jtag_debug_module_wrapper:the_nios_ii_nios2_qsys_0_jtag_debug_module_wrapper|nios_ii_nios2_qsys_0_jtag_debug_module_tck:the_nios_ii_nios2_qsys_0_jtag_debug_module_tck|sr[6]                                                              ; 2       ;
; nios_ii:u0|nios_ii_nios2_qsys_0:nios2_qsys_0|nios_ii_nios2_qsys_0_nios2_oci:the_nios_ii_nios2_qsys_0_nios2_oci|nios_ii_nios2_qsys_0_nios2_ocimem:the_nios_ii_nios2_qsys_0_nios2_ocimem|MonDReg[23]                                                                                                                                                                            ; 2       ;
; nios_ii:u0|nios_ii_jtag_uart_0:jtag_uart_0|alt_jtag_atlantic:nios_ii_jtag_uart_0_alt_jtag_atlantic|t_pause~0                                                                                                                                                                                                                                                                  ; 2       ;
; nios_ii:u0|nios_ii_jtag_uart_0:jtag_uart_0|alt_jtag_atlantic:nios_ii_jtag_uart_0_alt_jtag_atlantic|always2~1                                                                                                                                                                                                                                                                  ; 2       ;
; nios_ii:u0|nios_ii_jtag_uart_0:jtag_uart_0|alt_jtag_atlantic:nios_ii_jtag_uart_0_alt_jtag_atlantic|write1                                                                                                                                                                                                                                                                     ; 2       ;
; nios_ii:u0|nios_ii_jtag_uart_0:jtag_uart_0|alt_jtag_atlantic:nios_ii_jtag_uart_0_alt_jtag_atlantic|jupdate1                                                                                                                                                                                                                                                                   ; 2       ;
; nios_ii:u0|nios_ii_nios2_qsys_0:nios2_qsys_0|nios_ii_nios2_qsys_0_nios2_oci:the_nios_ii_nios2_qsys_0_nios2_oci|nios_ii_nios2_qsys_0_nios2_ocimem:the_nios_ii_nios2_qsys_0_nios2_ocimem|MonDReg[19]                                                                                                                                                                            ; 2       ;
; nios_ii:u0|nios_ii_nios2_qsys_0:nios2_qsys_0|nios_ii_nios2_qsys_0_nios2_oci:the_nios_ii_nios2_qsys_0_nios2_oci|nios_ii_nios2_qsys_0_nios2_ocimem:the_nios_ii_nios2_qsys_0_nios2_ocimem|MonDReg[20]                                                                                                                                                                            ; 2       ;
; nios_ii:u0|nios_ii_nios2_qsys_0:nios2_qsys_0|nios_ii_nios2_qsys_0_nios2_oci:the_nios_ii_nios2_qsys_0_nios2_oci|nios_ii_nios2_qsys_0_jtag_debug_module_wrapper:the_nios_ii_nios2_qsys_0_jtag_debug_module_wrapper|nios_ii_nios2_qsys_0_jtag_debug_module_tck:the_nios_ii_nios2_qsys_0_jtag_debug_module_tck|sr[19]                                                             ; 2       ;
; nios_ii:u0|nios_ii_nios2_qsys_0:nios2_qsys_0|nios_ii_nios2_qsys_0_nios2_oci:the_nios_ii_nios2_qsys_0_nios2_oci|nios_ii_nios2_qsys_0_jtag_debug_module_wrapper:the_nios_ii_nios2_qsys_0_jtag_debug_module_wrapper|nios_ii_nios2_qsys_0_jtag_debug_module_tck:the_nios_ii_nios2_qsys_0_jtag_debug_module_tck|sr[29]                                                             ; 2       ;
; nios_ii:u0|nios_ii_nios2_qsys_0:nios2_qsys_0|nios_ii_nios2_qsys_0_nios2_oci:the_nios_ii_nios2_qsys_0_nios2_oci|nios_ii_nios2_qsys_0_jtag_debug_module_wrapper:the_nios_ii_nios2_qsys_0_jtag_debug_module_wrapper|nios_ii_nios2_qsys_0_jtag_debug_module_tck:the_nios_ii_nios2_qsys_0_jtag_debug_module_tck|sr[30]                                                             ; 2       ;
; nios_ii:u0|nios_ii_nios2_qsys_0:nios2_qsys_0|nios_ii_nios2_qsys_0_nios2_oci:the_nios_ii_nios2_qsys_0_nios2_oci|nios_ii_nios2_qsys_0_jtag_debug_module_wrapper:the_nios_ii_nios2_qsys_0_jtag_debug_module_wrapper|nios_ii_nios2_qsys_0_jtag_debug_module_tck:the_nios_ii_nios2_qsys_0_jtag_debug_module_tck|sr[32]                                                             ; 2       ;
; nios_ii:u0|nios_ii_nios2_qsys_0:nios2_qsys_0|nios_ii_nios2_qsys_0_nios2_oci:the_nios_ii_nios2_qsys_0_nios2_oci|nios_ii_nios2_qsys_0_jtag_debug_module_wrapper:the_nios_ii_nios2_qsys_0_jtag_debug_module_wrapper|nios_ii_nios2_qsys_0_jtag_debug_module_tck:the_nios_ii_nios2_qsys_0_jtag_debug_module_tck|sr[33]                                                             ; 2       ;
; nios_ii:u0|nios_ii_nios2_qsys_0:nios2_qsys_0|nios_ii_nios2_qsys_0_nios2_oci:the_nios_ii_nios2_qsys_0_nios2_oci|nios_ii_nios2_qsys_0_nios2_ocimem:the_nios_ii_nios2_qsys_0_nios2_ocimem|MonDReg[16]                                                                                                                                                                            ; 2       ;
; nios_ii:u0|nios_ii_nios2_qsys_0:nios2_qsys_0|nios_ii_nios2_qsys_0_nios2_oci:the_nios_ii_nios2_qsys_0_nios2_oci|nios_ii_nios2_qsys_0_jtag_debug_module_wrapper:the_nios_ii_nios2_qsys_0_jtag_debug_module_wrapper|nios_ii_nios2_qsys_0_jtag_debug_module_tck:the_nios_ii_nios2_qsys_0_jtag_debug_module_tck|sr[18]                                                             ; 2       ;
; nios_ii:u0|nios_ii_jtag_uart_0:jtag_uart_0|ac                                                                                                                                                                                                                                                                                                                                 ; 2       ;
; nios_ii:u0|nios_ii_jtag_uart_0:jtag_uart_0|woverflow                                                                                                                                                                                                                                                                                                                          ; 2       ;
; nios_ii:u0|nios_ii_jtag_uart_0:jtag_uart_0|rvalid                                                                                                                                                                                                                                                                                                                             ; 2       ;
; nios_ii:u0|nios_ii_cmd_xbar_mux:cmd_xbar_mux_001|src_payload~31                                                                                                                                                                                                                                                                                                               ; 2       ;
; nios_ii:u0|nios_ii_cmd_xbar_mux:cmd_xbar_mux_001|src_payload~30                                                                                                                                                                                                                                                                                                               ; 2       ;
; nios_ii:u0|nios_ii_cmd_xbar_mux:cmd_xbar_mux_001|src_payload~29                                                                                                                                                                                                                                                                                                               ; 2       ;
; nios_ii:u0|nios_ii_cmd_xbar_mux:cmd_xbar_mux_001|src_payload~28                                                                                                                                                                                                                                                                                                               ; 2       ;
; nios_ii:u0|nios_ii_cmd_xbar_mux:cmd_xbar_mux_001|src_payload~27                                                                                                                                                                                                                                                                                                               ; 2       ;
; nios_ii:u0|nios_ii_nios2_qsys_0:nios2_qsys_0|nios_ii_nios2_qsys_0_nios2_oci:the_nios_ii_nios2_qsys_0_nios2_oci|nios_ii_nios2_qsys_0_nios2_oci_debug:the_nios_ii_nios2_qsys_0_nios2_oci_debug|monitor_go                                                                                                                                                                       ; 2       ;
; nios_ii:u0|nios_ii_nios2_qsys_0:nios2_qsys_0|W_rf_wr_data[21]~33                                                                                                                                                                                                                                                                                                              ; 2       ;
; nios_ii:u0|nios_ii_nios2_qsys_0:nios2_qsys_0|W_rf_wr_data[17]~32                                                                                                                                                                                                                                                                                                              ; 2       ;
; nios_ii:u0|nios_ii_nios2_qsys_0:nios2_qsys_0|W_rf_wr_data[18]~31                                                                                                                                                                                                                                                                                                              ; 2       ;
; nios_ii:u0|nios_ii_nios2_qsys_0:nios2_qsys_0|W_rf_wr_data[19]~30                                                                                                                                                                                                                                                                                                              ; 2       ;
; nios_ii:u0|nios_ii_nios2_qsys_0:nios2_qsys_0|W_rf_wr_data[20]~29                                                                                                                                                                                                                                                                                                              ; 2       ;
; nios_ii:u0|nios_ii_nios2_qsys_0:nios2_qsys_0|W_rf_wr_data[22]~28                                                                                                                                                                                                                                                                                                              ; 2       ;
; nios_ii:u0|nios_ii_nios2_qsys_0:nios2_qsys_0|W_rf_wr_data[23]~27                                                                                                                                                                                                                                                                                                              ; 2       ;
; nios_ii:u0|nios_ii_nios2_qsys_0:nios2_qsys_0|W_rf_wr_data[24]~26                                                                                                                                                                                                                                                                                                              ; 2       ;
; nios_ii:u0|nios_ii_nios2_qsys_0:nios2_qsys_0|W_rf_wr_data[25]~25                                                                                                                                                                                                                                                                                                              ; 2       ;
; nios_ii:u0|nios_ii_nios2_qsys_0:nios2_qsys_0|W_rf_wr_data[26]~24                                                                                                                                                                                                                                                                                                              ; 2       ;
; nios_ii:u0|nios_ii_nios2_qsys_0:nios2_qsys_0|av_ld_byte3_data[2]                                                                                                                                                                                                                                                                                                              ; 2       ;
; nios_ii:u0|nios_ii_nios2_qsys_0:nios2_qsys_0|W_rf_wr_data[27]~23                                                                                                                                                                                                                                                                                                              ; 2       ;
; nios_ii:u0|nios_ii_nios2_qsys_0:nios2_qsys_0|av_ld_byte3_data[3]                                                                                                                                                                                                                                                                                                              ; 2       ;
; nios_ii:u0|nios_ii_nios2_qsys_0:nios2_qsys_0|W_rf_wr_data[28]~22                                                                                                                                                                                                                                                                                                              ; 2       ;
; nios_ii:u0|nios_ii_nios2_qsys_0:nios2_qsys_0|av_ld_byte3_data[4]                                                                                                                                                                                                                                                                                                              ; 2       ;
; nios_ii:u0|nios_ii_nios2_qsys_0:nios2_qsys_0|W_rf_wr_data[29]~21                                                                                                                                                                                                                                                                                                              ; 2       ;
; nios_ii:u0|nios_ii_nios2_qsys_0:nios2_qsys_0|av_ld_byte3_data[5]                                                                                                                                                                                                                                                                                                              ; 2       ;
; nios_ii:u0|nios_ii_nios2_qsys_0:nios2_qsys_0|W_rf_wr_data[30]~20                                                                                                                                                                                                                                                                                                              ; 2       ;
; nios_ii:u0|nios_ii_nios2_qsys_0:nios2_qsys_0|av_ld_byte3_data[6]                                                                                                                                                                                                                                                                                                              ; 2       ;
; nios_ii:u0|nios_ii_nios2_qsys_0:nios2_qsys_0|W_rf_wr_data[31]~19                                                                                                                                                                                                                                                                                                              ; 2       ;
; nios_ii:u0|nios_ii_nios2_qsys_0:nios2_qsys_0|av_ld_byte3_data[7]                                                                                                                                                                                                                                                                                                              ; 2       ;
; nios_ii:u0|nios_ii_jtag_uart_0:jtag_uart_0|alt_jtag_atlantic:nios_ii_jtag_uart_0_alt_jtag_atlantic|read                                                                                                                                                                                                                                                                       ; 2       ;
; nios_ii:u0|nios_ii_nios2_qsys_0:nios2_qsys_0|nios_ii_nios2_qsys_0_nios2_oci:the_nios_ii_nios2_qsys_0_nios2_oci|nios_ii_nios2_qsys_0_jtag_debug_module_wrapper:the_nios_ii_nios2_qsys_0_jtag_debug_module_wrapper|nios_ii_nios2_qsys_0_jtag_debug_module_tck:the_nios_ii_nios2_qsys_0_jtag_debug_module_tck|sr[25]                                                             ; 2       ;
; nios_ii:u0|nios_ii_nios2_qsys_0:nios2_qsys_0|nios_ii_nios2_qsys_0_nios2_oci:the_nios_ii_nios2_qsys_0_nios2_oci|nios_ii_nios2_qsys_0_jtag_debug_module_wrapper:the_nios_ii_nios2_qsys_0_jtag_debug_module_wrapper|nios_ii_nios2_qsys_0_jtag_debug_module_tck:the_nios_ii_nios2_qsys_0_jtag_debug_module_tck|sr[27]                                                             ; 2       ;
; nios_ii:u0|nios_ii_nios2_qsys_0:nios2_qsys_0|nios_ii_nios2_qsys_0_nios2_oci:the_nios_ii_nios2_qsys_0_nios2_oci|nios_ii_nios2_qsys_0_jtag_debug_module_wrapper:the_nios_ii_nios2_qsys_0_jtag_debug_module_wrapper|nios_ii_nios2_qsys_0_jtag_debug_module_tck:the_nios_ii_nios2_qsys_0_jtag_debug_module_tck|sr[28]                                                             ; 2       ;
; nios_ii:u0|nios_ii_nios2_qsys_0:nios2_qsys_0|nios_ii_nios2_qsys_0_nios2_oci:the_nios_ii_nios2_qsys_0_nios2_oci|nios_ii_nios2_qsys_0_jtag_debug_module_wrapper:the_nios_ii_nios2_qsys_0_jtag_debug_module_wrapper|nios_ii_nios2_qsys_0_jtag_debug_module_tck:the_nios_ii_nios2_qsys_0_jtag_debug_module_tck|sr[26]                                                             ; 2       ;
; nios_ii:u0|nios_ii_nios2_qsys_0:nios2_qsys_0|nios_ii_nios2_qsys_0_nios2_oci:the_nios_ii_nios2_qsys_0_nios2_oci|nios_ii_nios2_qsys_0_jtag_debug_module_wrapper:the_nios_ii_nios2_qsys_0_jtag_debug_module_wrapper|nios_ii_nios2_qsys_0_jtag_debug_module_sysclk:the_nios_ii_nios2_qsys_0_jtag_debug_module_sysclk|jdo[5]                                                       ; 2       ;
; nios_ii:u0|nios_ii_nios2_qsys_0:nios2_qsys_0|nios_ii_nios2_qsys_0_nios2_oci:the_nios_ii_nios2_qsys_0_nios2_oci|nios_ii_nios2_qsys_0_nios2_ocimem:the_nios_ii_nios2_qsys_0_nios2_ocimem|MonDReg[3]                                                                                                                                                                             ; 2       ;
; nios_ii:u0|nios_ii_nios2_qsys_0:nios2_qsys_0|nios_ii_nios2_qsys_0_nios2_oci:the_nios_ii_nios2_qsys_0_nios2_oci|nios_ii_nios2_qsys_0_jtag_debug_module_wrapper:the_nios_ii_nios2_qsys_0_jtag_debug_module_wrapper|nios_ii_nios2_qsys_0_jtag_debug_module_tck:the_nios_ii_nios2_qsys_0_jtag_debug_module_tck|sr[5]                                                              ; 2       ;
; nios_ii:u0|nios_ii_nios2_qsys_0:nios2_qsys_0|nios_ii_nios2_qsys_0_nios2_oci:the_nios_ii_nios2_qsys_0_nios2_oci|writedata[1]                                                                                                                                                                                                                                                   ; 2       ;
; nios_ii:u0|nios_ii_nios2_qsys_0:nios2_qsys_0|nios_ii_nios2_qsys_0_nios2_oci:the_nios_ii_nios2_qsys_0_nios2_oci|nios_ii_nios2_qsys_0_jtag_debug_module_wrapper:the_nios_ii_nios2_qsys_0_jtag_debug_module_wrapper|nios_ii_nios2_qsys_0_jtag_debug_module_tck:the_nios_ii_nios2_qsys_0_jtag_debug_module_tck|sr[37]~29                                                          ; 2       ;
; nios_ii:u0|nios_ii_nios2_qsys_0:nios2_qsys_0|nios_ii_nios2_qsys_0_nios2_oci:the_nios_ii_nios2_qsys_0_nios2_oci|nios_ii_nios2_qsys_0_nios2_ocimem:the_nios_ii_nios2_qsys_0_nios2_ocimem|MonDReg[22]                                                                                                                                                                            ; 2       ;
; nios_ii:u0|nios_ii_nios2_qsys_0:nios2_qsys_0|nios_ii_nios2_qsys_0_nios2_oci:the_nios_ii_nios2_qsys_0_nios2_oci|nios_ii_nios2_qsys_0_jtag_debug_module_wrapper:the_nios_ii_nios2_qsys_0_jtag_debug_module_wrapper|nios_ii_nios2_qsys_0_jtag_debug_module_tck:the_nios_ii_nios2_qsys_0_jtag_debug_module_tck|sr[24]                                                             ; 2       ;
; nios_ii:u0|nios_ii_nios2_qsys_0:nios2_qsys_0|av_ld_byte3_data[1]                                                                                                                                                                                                                                                                                                              ; 2       ;
; nios_ii:u0|nios_ii_nios2_qsys_0:nios2_qsys_0|nios_ii_nios2_qsys_0_nios2_oci:the_nios_ii_nios2_qsys_0_nios2_oci|nios_ii_nios2_qsys_0_nios2_avalon_reg:the_nios_ii_nios2_qsys_0_nios2_avalon_reg|take_action_oci_intr_mask_reg~0                                                                                                                                                ; 2       ;
; nios_ii:u0|nios_ii_jtag_uart_0:jtag_uart_0|alt_jtag_atlantic:nios_ii_jtag_uart_0_alt_jtag_atlantic|t_pause~reg0                                                                                                                                                                                                                                                               ; 2       ;
; nios_ii:u0|nios_ii_nios2_qsys_0:nios2_qsys_0|nios_ii_nios2_qsys_0_nios2_oci:the_nios_ii_nios2_qsys_0_nios2_oci|writedata[3]                                                                                                                                                                                                                                                   ; 2       ;
; nios_ii:u0|nios_ii_nios2_qsys_0:nios2_qsys_0|nios_ii_nios2_qsys_0_nios2_oci:the_nios_ii_nios2_qsys_0_nios2_oci|nios_ii_nios2_qsys_0_jtag_debug_module_wrapper:the_nios_ii_nios2_qsys_0_jtag_debug_module_wrapper|nios_ii_nios2_qsys_0_jtag_debug_module_tck:the_nios_ii_nios2_qsys_0_jtag_debug_module_tck|sr[20]                                                             ; 2       ;
; nios_ii:u0|nios_ii_nios2_qsys_0:nios2_qsys_0|nios_ii_nios2_qsys_0_nios2_oci:the_nios_ii_nios2_qsys_0_nios2_oci|nios_ii_nios2_qsys_0_jtag_debug_module_wrapper:the_nios_ii_nios2_qsys_0_jtag_debug_module_wrapper|nios_ii_nios2_qsys_0_jtag_debug_module_tck:the_nios_ii_nios2_qsys_0_jtag_debug_module_tck|sr[21]                                                             ; 2       ;
; nios_ii:u0|nios_ii_nios2_qsys_0:nios2_qsys_0|nios_ii_nios2_qsys_0_nios2_oci:the_nios_ii_nios2_qsys_0_nios2_oci|nios_ii_nios2_qsys_0_jtag_debug_module_wrapper:the_nios_ii_nios2_qsys_0_jtag_debug_module_wrapper|nios_ii_nios2_qsys_0_jtag_debug_module_sysclk:the_nios_ii_nios2_qsys_0_jtag_debug_module_sysclk|jdo[32]                                                      ; 2       ;
; nios_ii:u0|nios_ii_nios2_qsys_0:nios2_qsys_0|nios_ii_nios2_qsys_0_nios2_oci:the_nios_ii_nios2_qsys_0_nios2_oci|nios_ii_nios2_qsys_0_jtag_debug_module_wrapper:the_nios_ii_nios2_qsys_0_jtag_debug_module_wrapper|nios_ii_nios2_qsys_0_jtag_debug_module_sysclk:the_nios_ii_nios2_qsys_0_jtag_debug_module_sysclk|jdo[33]                                                      ; 2       ;
; nios_ii:u0|nios_ii_nios2_qsys_0:nios2_qsys_0|nios_ii_nios2_qsys_0_nios2_oci:the_nios_ii_nios2_qsys_0_nios2_oci|nios_ii_nios2_qsys_0_jtag_debug_module_wrapper:the_nios_ii_nios2_qsys_0_jtag_debug_module_wrapper|nios_ii_nios2_qsys_0_jtag_debug_module_tck:the_nios_ii_nios2_qsys_0_jtag_debug_module_tck|sr[17]                                                             ; 2       ;
; nios_ii:u0|nios_ii_cmd_xbar_mux:cmd_xbar_mux_001|src_payload~26                                                                                                                                                                                                                                                                                                               ; 2       ;
; nios_ii:u0|nios_ii_nios2_qsys_0:nios2_qsys_0|d_writedata[17]                                                                                                                                                                                                                                                                                                                  ; 2       ;
; nios_ii:u0|nios_ii_cmd_xbar_mux:cmd_xbar_mux_001|src_payload~25                                                                                                                                                                                                                                                                                                               ; 2       ;
; nios_ii:u0|nios_ii_nios2_qsys_0:nios2_qsys_0|d_writedata[18]                                                                                                                                                                                                                                                                                                                  ; 2       ;
; nios_ii:u0|nios_ii_cmd_xbar_mux:cmd_xbar_mux_001|src_payload~24                                                                                                                                                                                                                                                                                                               ; 2       ;
; nios_ii:u0|nios_ii_nios2_qsys_0:nios2_qsys_0|d_writedata[19]                                                                                                                                                                                                                                                                                                                  ; 2       ;
; nios_ii:u0|nios_ii_cmd_xbar_mux:cmd_xbar_mux_001|src_payload~23                                                                                                                                                                                                                                                                                                               ; 2       ;
; nios_ii:u0|nios_ii_nios2_qsys_0:nios2_qsys_0|d_writedata[21]                                                                                                                                                                                                                                                                                                                  ; 2       ;
; nios_ii:u0|nios_ii_nios2_qsys_0:nios2_qsys_0|av_ld_byte3_data[0]                                                                                                                                                                                                                                                                                                              ; 2       ;
; nios_ii:u0|nios_ii_cmd_xbar_mux:cmd_xbar_mux_001|src_payload~22                                                                                                                                                                                                                                                                                                               ; 2       ;
; nios_ii:u0|nios_ii_nios2_qsys_0:nios2_qsys_0|d_writedata[20]                                                                                                                                                                                                                                                                                                                  ; 2       ;
; nios_ii:u0|nios_ii_cmd_xbar_mux:cmd_xbar_mux_001|src_payload~21                                                                                                                                                                                                                                                                                                               ; 2       ;
; nios_ii:u0|nios_ii_cmd_xbar_mux:cmd_xbar_mux_001|src_payload~20                                                                                                                                                                                                                                                                                                               ; 2       ;
; nios_ii:u0|nios_ii_cmd_xbar_mux:cmd_xbar_mux_001|src_payload~19                                                                                                                                                                                                                                                                                                               ; 2       ;
; nios_ii:u0|nios_ii_cmd_xbar_mux:cmd_xbar_mux_001|src_payload~18                                                                                                                                                                                                                                                                                                               ; 2       ;
; nios_ii:u0|nios_ii_cmd_xbar_mux:cmd_xbar_mux_001|src_payload~17                                                                                                                                                                                                                                                                                                               ; 2       ;
; nios_ii:u0|nios_ii_onchip_memory2_0:onchip_memory2_0|altsyncram:the_altsyncram|altsyncram_d391:auto_generated|mux_ujb:mux2|result_node[31]~3                                                                                                                                                                                                                                  ; 2       ;
; nios_ii:u0|nios_ii_nios2_qsys_0_jtag_debug_module_translator:nios2_qsys_0_jtag_debug_module_translator|altera_merlin_slave_translator:nios2_qsys_0_jtag_debug_module_translator|av_readdata_pre[31]                                                                                                                                                                           ; 2       ;
; nios_ii:u0|nios_ii_nios2_qsys_0_jtag_debug_module_translator:nios2_qsys_0_jtag_debug_module_translator|altera_merlin_slave_translator:nios2_qsys_0_jtag_debug_module_translator|av_readdata_pre[30]                                                                                                                                                                           ; 2       ;
; nios_ii:u0|nios_ii_nios2_qsys_0_jtag_debug_module_translator:nios2_qsys_0_jtag_debug_module_translator|altera_merlin_slave_translator:nios2_qsys_0_jtag_debug_module_translator|av_readdata_pre[29]                                                                                                                                                                           ; 2       ;
; nios_ii:u0|nios_ii_onchip_memory2_0:onchip_memory2_0|altsyncram:the_altsyncram|altsyncram_d391:auto_generated|mux_ujb:mux2|result_node[28]~2                                                                                                                                                                                                                                  ; 2       ;
; nios_ii:u0|nios_ii_nios2_qsys_0_jtag_debug_module_translator:nios2_qsys_0_jtag_debug_module_translator|altera_merlin_slave_translator:nios2_qsys_0_jtag_debug_module_translator|av_readdata_pre[28]                                                                                                                                                                           ; 2       ;
; nios_ii:u0|nios_ii_nios2_qsys_0_jtag_debug_module_translator:nios2_qsys_0_jtag_debug_module_translator|altera_merlin_slave_translator:nios2_qsys_0_jtag_debug_module_translator|av_readdata_pre[27]                                                                                                                                                                           ; 2       ;
; nios_ii:u0|nios_ii_cmd_xbar_mux:cmd_xbar_mux_001|src_payload~16                                                                                                                                                                                                                                                                                                               ; 2       ;
; nios_ii:u0|nios_ii_nios2_qsys_0:nios2_qsys_0|d_writedata[15]                                                                                                                                                                                                                                                                                                                  ; 2       ;
; nios_ii:u0|nios_ii_cmd_xbar_mux:cmd_xbar_mux_001|src_payload~15                                                                                                                                                                                                                                                                                                               ; 2       ;
; nios_ii:u0|nios_ii_nios2_qsys_0:nios2_qsys_0|d_writedata[16]                                                                                                                                                                                                                                                                                                                  ; 2       ;
; nios_ii:u0|nios_ii_cmd_xbar_mux:cmd_xbar_mux_001|src_payload~14                                                                                                                                                                                                                                                                                                               ; 2       ;
; nios_ii:u0|nios_ii_nios2_qsys_0:nios2_qsys_0|d_writedata[14]                                                                                                                                                                                                                                                                                                                  ; 2       ;
; nios_ii:u0|nios_ii_cmd_xbar_mux:cmd_xbar_mux_001|src_payload~13                                                                                                                                                                                                                                                                                                               ; 2       ;
; nios_ii:u0|nios_ii_cmd_xbar_mux:cmd_xbar_mux_001|src_payload~12                                                                                                                                                                                                                                                                                                               ; 2       ;
; nios_ii:u0|nios_ii_nios2_qsys_0:nios2_qsys_0|d_writedata[12]                                                                                                                                                                                                                                                                                                                  ; 2       ;
; nios_ii:u0|nios_ii_cmd_xbar_mux:cmd_xbar_mux_001|src_payload~11                                                                                                                                                                                                                                                                                                               ; 2       ;
; nios_ii:u0|nios_ii_nios2_qsys_0:nios2_qsys_0|d_writedata[13]                                                                                                                                                                                                                                                                                                                  ; 2       ;
; nios_ii:u0|nios_ii_nios2_qsys_0:nios2_qsys_0|d_byteenable[1]                                                                                                                                                                                                                                                                                                                  ; 2       ;
; nios_ii:u0|nios_ii_cmd_xbar_mux:cmd_xbar_mux_001|src_payload~10                                                                                                                                                                                                                                                                                                               ; 2       ;
; nios_ii:u0|nios_ii_nios2_qsys_0:nios2_qsys_0|d_writedata[11]                                                                                                                                                                                                                                                                                                                  ; 2       ;
; nios_ii:u0|nios_ii_cmd_xbar_mux:cmd_xbar_mux_001|src_payload~9                                                                                                                                                                                                                                                                                                                ; 2       ;
; nios_ii:u0|nios_ii_cmd_xbar_mux:cmd_xbar_mux_001|src_payload~8                                                                                                                                                                                                                                                                                                                ; 2       ;
; nios_ii:u0|nios_ii_cmd_xbar_mux:cmd_xbar_mux_001|src_payload~7                                                                                                                                                                                                                                                                                                                ; 2       ;
; nios_ii:u0|nios_ii_cmd_xbar_mux:cmd_xbar_mux_001|src_payload~6                                                                                                                                                                                                                                                                                                                ; 2       ;
; nios_ii:u0|nios_ii_nios2_qsys_0:nios2_qsys_0|d_byteenable[3]                                                                                                                                                                                                                                                                                                                  ; 2       ;
; nios_ii:u0|nios_ii_cmd_xbar_mux:cmd_xbar_mux_001|src_payload~5                                                                                                                                                                                                                                                                                                                ; 2       ;
; nios_ii:u0|nios_ii_cmd_xbar_mux:cmd_xbar_mux_001|src_payload~4                                                                                                                                                                                                                                                                                                                ; 2       ;
; nios_ii:u0|nios_ii_nios2_qsys_0:nios2_qsys_0|d_writedata[23]                                                                                                                                                                                                                                                                                                                  ; 2       ;
; nios_ii:u0|nios_ii_nios2_qsys_0:nios2_qsys_0|d_byteenable[2]                                                                                                                                                                                                                                                                                                                  ; 2       ;
; nios_ii:u0|nios_ii_cmd_xbar_mux:cmd_xbar_mux_001|src_payload~3                                                                                                                                                                                                                                                                                                                ; 2       ;
; nios_ii:u0|nios_ii_nios2_qsys_0:nios2_qsys_0|d_writedata[22]                                                                                                                                                                                                                                                                                                                  ; 2       ;
; nios_ii:u0|nios_ii_nios2_qsys_0:nios2_qsys_0|E_shift_rot_fill_bit~0                                                                                                                                                                                                                                                                                                           ; 2       ;
; nios_ii:u0|nios_ii_cmd_xbar_mux:cmd_xbar_mux_001|src_payload~2                                                                                                                                                                                                                                                                                                                ; 2       ;
; nios_ii:u0|nios_ii_jtag_uart_0:jtag_uart_0|alt_jtag_atlantic:nios_ii_jtag_uart_0_alt_jtag_atlantic|read1                                                                                                                                                                                                                                                                      ; 2       ;
; nios_ii:u0|nios_ii_nios2_qsys_0:nios2_qsys_0|nios_ii_nios2_qsys_0_nios2_oci:the_nios_ii_nios2_qsys_0_nios2_oci|nios_ii_nios2_qsys_0_nios2_oci_debug:the_nios_ii_nios2_qsys_0_nios2_oci_debug|always1~0                                                                                                                                                                        ; 2       ;
; nios_ii:u0|nios_ii_nios2_qsys_0:nios2_qsys_0|nios_ii_nios2_qsys_0_nios2_oci:the_nios_ii_nios2_qsys_0_nios2_oci|nios_ii_nios2_qsys_0_nios2_ocimem:the_nios_ii_nios2_qsys_0_nios2_ocimem|jtag_rd                                                                                                                                                                                ; 2       ;
; nios_ii:u0|nios_ii_nios2_qsys_0:nios2_qsys_0|nios_ii_nios2_qsys_0_nios2_oci:the_nios_ii_nios2_qsys_0_nios2_oci|nios_ii_nios2_qsys_0_nios2_ocimem:the_nios_ii_nios2_qsys_0_nios2_ocimem|jtag_ram_rd                                                                                                                                                                            ; 2       ;
; nios_ii:u0|nios_ii_nios2_qsys_0:nios2_qsys_0|nios_ii_nios2_qsys_0_nios2_oci:the_nios_ii_nios2_qsys_0_nios2_oci|nios_ii_nios2_qsys_0_nios2_ocimem:the_nios_ii_nios2_qsys_0_nios2_ocimem|ociram_addr[7]~7                                                                                                                                                                       ; 2       ;
; nios_ii:u0|nios_ii_nios2_qsys_0:nios2_qsys_0|nios_ii_nios2_qsys_0_nios2_oci:the_nios_ii_nios2_qsys_0_nios2_oci|address[7]                                                                                                                                                                                                                                                     ; 2       ;
; nios_ii:u0|nios_ii_nios2_qsys_0:nios2_qsys_0|nios_ii_nios2_qsys_0_nios2_oci:the_nios_ii_nios2_qsys_0_nios2_oci|nios_ii_nios2_qsys_0_nios2_ocimem:the_nios_ii_nios2_qsys_0_nios2_ocimem|ociram_addr[6]~6                                                                                                                                                                       ; 2       ;
; nios_ii:u0|nios_ii_nios2_qsys_0:nios2_qsys_0|nios_ii_nios2_qsys_0_nios2_oci:the_nios_ii_nios2_qsys_0_nios2_oci|address[6]                                                                                                                                                                                                                                                     ; 2       ;
; nios_ii:u0|nios_ii_nios2_qsys_0:nios2_qsys_0|nios_ii_nios2_qsys_0_nios2_oci:the_nios_ii_nios2_qsys_0_nios2_oci|nios_ii_nios2_qsys_0_nios2_ocimem:the_nios_ii_nios2_qsys_0_nios2_ocimem|ociram_addr[5]~5                                                                                                                                                                       ; 2       ;
; nios_ii:u0|nios_ii_nios2_qsys_0:nios2_qsys_0|nios_ii_nios2_qsys_0_nios2_oci:the_nios_ii_nios2_qsys_0_nios2_oci|address[5]                                                                                                                                                                                                                                                     ; 2       ;
; nios_ii:u0|nios_ii_nios2_qsys_0:nios2_qsys_0|nios_ii_nios2_qsys_0_nios2_oci:the_nios_ii_nios2_qsys_0_nios2_oci|nios_ii_nios2_qsys_0_nios2_ocimem:the_nios_ii_nios2_qsys_0_nios2_ocimem|ociram_addr[4]~4                                                                                                                                                                       ; 2       ;
; nios_ii:u0|nios_ii_nios2_qsys_0:nios2_qsys_0|nios_ii_nios2_qsys_0_nios2_oci:the_nios_ii_nios2_qsys_0_nios2_oci|address[4]                                                                                                                                                                                                                                                     ; 2       ;
; nios_ii:u0|nios_ii_nios2_qsys_0:nios2_qsys_0|nios_ii_nios2_qsys_0_nios2_oci:the_nios_ii_nios2_qsys_0_nios2_oci|nios_ii_nios2_qsys_0_nios2_ocimem:the_nios_ii_nios2_qsys_0_nios2_ocimem|ociram_addr[3]~3                                                                                                                                                                       ; 2       ;
; nios_ii:u0|nios_ii_nios2_qsys_0:nios2_qsys_0|nios_ii_nios2_qsys_0_nios2_oci:the_nios_ii_nios2_qsys_0_nios2_oci|address[3]                                                                                                                                                                                                                                                     ; 2       ;
; nios_ii:u0|nios_ii_nios2_qsys_0:nios2_qsys_0|nios_ii_nios2_qsys_0_nios2_oci:the_nios_ii_nios2_qsys_0_nios2_oci|nios_ii_nios2_qsys_0_nios2_ocimem:the_nios_ii_nios2_qsys_0_nios2_ocimem|ociram_addr[2]~2                                                                                                                                                                       ; 2       ;
; nios_ii:u0|nios_ii_nios2_qsys_0:nios2_qsys_0|nios_ii_nios2_qsys_0_nios2_oci:the_nios_ii_nios2_qsys_0_nios2_oci|address[2]                                                                                                                                                                                                                                                     ; 2       ;
; nios_ii:u0|nios_ii_nios2_qsys_0:nios2_qsys_0|nios_ii_nios2_qsys_0_nios2_oci:the_nios_ii_nios2_qsys_0_nios2_oci|nios_ii_nios2_qsys_0_nios2_ocimem:the_nios_ii_nios2_qsys_0_nios2_ocimem|ociram_addr[1]~1                                                                                                                                                                       ; 2       ;
; nios_ii:u0|nios_ii_nios2_qsys_0:nios2_qsys_0|nios_ii_nios2_qsys_0_nios2_oci:the_nios_ii_nios2_qsys_0_nios2_oci|address[1]                                                                                                                                                                                                                                                     ; 2       ;
; nios_ii:u0|nios_ii_nios2_qsys_0:nios2_qsys_0|nios_ii_nios2_qsys_0_nios2_oci:the_nios_ii_nios2_qsys_0_nios2_oci|nios_ii_nios2_qsys_0_nios2_ocimem:the_nios_ii_nios2_qsys_0_nios2_ocimem|ociram_addr[0]~0                                                                                                                                                                       ; 2       ;
; nios_ii:u0|nios_ii_nios2_qsys_0:nios2_qsys_0|nios_ii_nios2_qsys_0_nios2_oci:the_nios_ii_nios2_qsys_0_nios2_oci|nios_ii_nios2_qsys_0_nios2_ocimem:the_nios_ii_nios2_qsys_0_nios2_ocimem|ociram_wr_en                                                                                                                                                                           ; 2       ;
; nios_ii:u0|nios_ii_nios2_qsys_0:nios2_qsys_0|nios_ii_nios2_qsys_0_nios2_oci:the_nios_ii_nios2_qsys_0_nios2_oci|nios_ii_nios2_qsys_0_jtag_debug_module_wrapper:the_nios_ii_nios2_qsys_0_jtag_debug_module_wrapper|nios_ii_nios2_qsys_0_jtag_debug_module_tck:the_nios_ii_nios2_qsys_0_jtag_debug_module_tck|sr[37]                                                             ; 2       ;
; nios_ii:u0|nios_ii_nios2_qsys_0:nios2_qsys_0|nios_ii_nios2_qsys_0_nios2_oci:the_nios_ii_nios2_qsys_0_nios2_oci|nios_ii_nios2_qsys_0_jtag_debug_module_wrapper:the_nios_ii_nios2_qsys_0_jtag_debug_module_wrapper|nios_ii_nios2_qsys_0_jtag_debug_module_sysclk:the_nios_ii_nios2_qsys_0_jtag_debug_module_sysclk|jdo[4]                                                       ; 2       ;
; nios_ii:u0|nios_ii_nios2_qsys_0:nios2_qsys_0|nios_ii_nios2_qsys_0_nios2_oci:the_nios_ii_nios2_qsys_0_nios2_oci|nios_ii_nios2_qsys_0_nios2_ocimem:the_nios_ii_nios2_qsys_0_nios2_ocimem|MonDReg[2]                                                                                                                                                                             ; 2       ;
; nios_ii:u0|nios_ii_nios2_qsys_0:nios2_qsys_0|nios_ii_nios2_qsys_0_nios2_oci:the_nios_ii_nios2_qsys_0_nios2_oci|nios_ii_nios2_qsys_0_jtag_debug_module_wrapper:the_nios_ii_nios2_qsys_0_jtag_debug_module_wrapper|nios_ii_nios2_qsys_0_jtag_debug_module_tck:the_nios_ii_nios2_qsys_0_jtag_debug_module_tck|sr[4]                                                              ; 2       ;
; nios_ii:u0|nios_ii_nios2_qsys_0:nios2_qsys_0|nios_ii_nios2_qsys_0_nios2_oci:the_nios_ii_nios2_qsys_0_nios2_oci|nios_ii_nios2_qsys_0_jtag_debug_module_wrapper:the_nios_ii_nios2_qsys_0_jtag_debug_module_wrapper|nios_ii_nios2_qsys_0_jtag_debug_module_sysclk:the_nios_ii_nios2_qsys_0_jtag_debug_module_sysclk|altera_std_synchronizer:the_altera_std_synchronizer4|dreg[0] ; 2       ;
; nios_ii:u0|nios_ii_nios2_qsys_0:nios2_qsys_0|nios_ii_nios2_qsys_0_nios2_oci:the_nios_ii_nios2_qsys_0_nios2_oci|nios_ii_nios2_qsys_0_jtag_debug_module_wrapper:the_nios_ii_nios2_qsys_0_jtag_debug_module_wrapper|nios_ii_nios2_qsys_0_jtag_debug_module_tck:the_nios_ii_nios2_qsys_0_jtag_debug_module_tck|sr[36]                                                             ; 2       ;
; nios_ii:u0|nios_ii_nios2_qsys_0:nios2_qsys_0|nios_ii_nios2_qsys_0_nios2_oci:the_nios_ii_nios2_qsys_0_nios2_oci|nios_ii_nios2_qsys_0_jtag_debug_module_wrapper:the_nios_ii_nios2_qsys_0_jtag_debug_module_wrapper|nios_ii_nios2_qsys_0_jtag_debug_module_sysclk:the_nios_ii_nios2_qsys_0_jtag_debug_module_sysclk|altera_std_synchronizer:the_altera_std_synchronizer3|dreg[0] ; 2       ;
; nios_ii:u0|nios_ii_nios2_qsys_0:nios2_qsys_0|nios_ii_nios2_qsys_0_nios2_oci:the_nios_ii_nios2_qsys_0_nios2_oci|nios_ii_nios2_qsys_0_nios2_ocimem:the_nios_ii_nios2_qsys_0_nios2_ocimem|MonDReg[21]                                                                                                                                                                            ; 2       ;
; nios_ii:u0|nios_ii_nios2_qsys_0:nios2_qsys_0|nios_ii_nios2_qsys_0_nios2_oci:the_nios_ii_nios2_qsys_0_nios2_oci|nios_ii_nios2_qsys_0_jtag_debug_module_wrapper:the_nios_ii_nios2_qsys_0_jtag_debug_module_wrapper|nios_ii_nios2_qsys_0_jtag_debug_module_tck:the_nios_ii_nios2_qsys_0_jtag_debug_module_tck|sr[23]                                                             ; 2       ;
; nios_ii:u0|nios_ii_cmd_xbar_mux:cmd_xbar_mux_001|src_payload~1                                                                                                                                                                                                                                                                                                                ; 2       ;
; nios_ii:u0|nios_ii_nios2_qsys_0:nios2_qsys_0|nios_ii_nios2_qsys_0_nios2_oci:the_nios_ii_nios2_qsys_0_nios2_oci|nios_ii_nios2_qsys_0_nios2_avalon_reg:the_nios_ii_nios2_qsys_0_nios2_avalon_reg|oci_ienable[0]                                                                                                                                                                 ; 2       ;
; nios_ii:u0|nios_ii_jtag_uart_0:jtag_uart_0|av_readdata[8]~0                                                                                                                                                                                                                                                                                                                   ; 2       ;
; nios_ii:u0|nios_ii_jtag_uart_0:jtag_uart_0|pause_irq                                                                                                                                                                                                                                                                                                                          ; 2       ;
; nios_ii:u0|nios_ii_jtag_uart_0:jtag_uart_0|ien_AF                                                                                                                                                                                                                                                                                                                             ; 2       ;
; nios_ii:u0|nios_ii_jtag_uart_0:jtag_uart_0|av_readdata[9]                                                                                                                                                                                                                                                                                                                     ; 2       ;
; nios_ii:u0|nios_ii_jtag_uart_0:jtag_uart_0|ien_AE                                                                                                                                                                                                                                                                                                                             ; 2       ;
; nios_ii:u0|nios_ii_nios2_qsys_0:nios2_qsys_0|R_ctrl_crst                                                                                                                                                                                                                                                                                                                      ; 2       ;
; nios_ii:u0|nios_ii_nios2_qsys_0:nios2_qsys_0|nios_ii_nios2_qsys_0_nios2_oci:the_nios_ii_nios2_qsys_0_nios2_oci|nios_ii_nios2_qsys_0_nios2_oci_debug:the_nios_ii_nios2_qsys_0_nios2_oci_debug|altera_std_synchronizer:the_altera_std_synchronizer|dreg[0]                                                                                                                      ; 2       ;
; nios_ii:u0|nios_ii_nios2_qsys_0:nios2_qsys_0|nios_ii_nios2_qsys_0_nios2_oci:the_nios_ii_nios2_qsys_0_nios2_oci|nios_ii_nios2_qsys_0_nios2_oci_debug:the_nios_ii_nios2_qsys_0_nios2_oci_debug|break_on_reset                                                                                                                                                                   ; 2       ;
; nios_ii:u0|nios_ii_nios2_qsys_0:nios2_qsys_0|d_byteenable[0]                                                                                                                                                                                                                                                                                                                  ; 2       ;
; nios_ii:u0|nios_ii_cmd_xbar_mux:cmd_xbar_mux_001|src_payload~0                                                                                                                                                                                                                                                                                                                ; 2       ;
; nios_ii:u0|nios_ii_nios2_qsys_0:nios2_qsys_0|nios_ii_nios2_qsys_0_nios2_oci:the_nios_ii_nios2_qsys_0_nios2_oci|nios_ii_nios2_qsys_0_nios2_ocimem:the_nios_ii_nios2_qsys_0_nios2_ocimem|MonAReg[5]                                                                                                                                                                             ; 2       ;
; nios_ii:u0|nios_ii_nios2_qsys_0:nios2_qsys_0|nios_ii_nios2_qsys_0_nios2_oci:the_nios_ii_nios2_qsys_0_nios2_oci|nios_ii_nios2_qsys_0_nios2_ocimem:the_nios_ii_nios2_qsys_0_nios2_ocimem|MonAReg[6]                                                                                                                                                                             ; 2       ;
; nios_ii:u0|nios_ii_nios2_qsys_0:nios2_qsys_0|nios_ii_nios2_qsys_0_nios2_oci:the_nios_ii_nios2_qsys_0_nios2_oci|nios_ii_nios2_qsys_0_nios2_ocimem:the_nios_ii_nios2_qsys_0_nios2_ocimem|MonAReg[7]                                                                                                                                                                             ; 2       ;
; nios_ii:u0|nios_ii_nios2_qsys_0:nios2_qsys_0|nios_ii_nios2_qsys_0_nios2_oci:the_nios_ii_nios2_qsys_0_nios2_oci|nios_ii_nios2_qsys_0_nios2_ocimem:the_nios_ii_nios2_qsys_0_nios2_ocimem|MonAReg[8]                                                                                                                                                                             ; 2       ;
; nios_ii:u0|nios_ii_nios2_qsys_0:nios2_qsys_0|nios_ii_nios2_qsys_0_nios2_oci:the_nios_ii_nios2_qsys_0_nios2_oci|nios_ii_nios2_qsys_0_nios2_ocimem:the_nios_ii_nios2_qsys_0_nios2_ocimem|MonAReg[9]                                                                                                                                                                             ; 2       ;
; nios_ii:u0|nios_ii_cmd_xbar_mux:cmd_xbar_mux|altera_merlin_arbitrator:arb|top_priority_reg[0]~1                                                                                                                                                                                                                                                                               ; 2       ;
; nios_ii:u0|nios_ii_cmd_xbar_mux:cmd_xbar_mux|altera_merlin_arbitrator:arb|grant[0]~1                                                                                                                                                                                                                                                                                          ; 2       ;
; nios_ii:u0|nios_ii_cmd_xbar_mux:cmd_xbar_mux_001|altera_merlin_arbitrator:arb|top_priority_reg[0]~1                                                                                                                                                                                                                                                                           ; 2       ;
; nios_ii:u0|nios_ii_cmd_xbar_mux:cmd_xbar_mux_001|altera_merlin_arbitrator:arb|grant[0]~1                                                                                                                                                                                                                                                                                      ; 2       ;
; nios_ii:u0|nios_ii_nios2_qsys_0:nios2_qsys_0|W_rf_wr_data[10]~18                                                                                                                                                                                                                                                                                                              ; 2       ;
; nios_ii:u0|nios_ii_nios2_qsys_0:nios2_qsys_0|W_rf_wr_data[11]~17                                                                                                                                                                                                                                                                                                              ; 2       ;
; nios_ii:u0|nios_ii_nios2_qsys_0:nios2_qsys_0|W_rf_wr_data[12]~16                                                                                                                                                                                                                                                                                                              ; 2       ;
; nios_ii:u0|nios_ii_nios2_qsys_0:nios2_qsys_0|F_iw[17]~52                                                                                                                                                                                                                                                                                                                      ; 2       ;
; nios_ii:u0|nios_ii_nios2_qsys_0_jtag_debug_module_translator:nios2_qsys_0_jtag_debug_module_translator|altera_merlin_slave_translator:nios2_qsys_0_jtag_debug_module_translator|av_readdata_pre[17]                                                                                                                                                                           ; 2       ;
; nios_ii:u0|nios_ii_nios2_qsys_0:nios2_qsys_0|W_rf_wr_data[13]~15                                                                                                                                                                                                                                                                                                              ; 2       ;
; nios_ii:u0|nios_ii_nios2_qsys_0:nios2_qsys_0|F_iw[18]~49                                                                                                                                                                                                                                                                                                                      ; 2       ;
; nios_ii:u0|nios_ii_nios2_qsys_0_jtag_debug_module_translator:nios2_qsys_0_jtag_debug_module_translator|altera_merlin_slave_translator:nios2_qsys_0_jtag_debug_module_translator|av_readdata_pre[18]                                                                                                                                                                           ; 2       ;
; nios_ii:u0|nios_ii_nios2_qsys_0:nios2_qsys_0|W_rf_wr_data[14]~14                                                                                                                                                                                                                                                                                                              ; 2       ;
; nios_ii:u0|nios_ii_nios2_qsys_0_jtag_debug_module_translator:nios2_qsys_0_jtag_debug_module_translator|altera_merlin_slave_translator:nios2_qsys_0_jtag_debug_module_translator|av_readdata_pre[19]                                                                                                                                                                           ; 2       ;
; nios_ii:u0|nios_ii_nios2_qsys_0:nios2_qsys_0|W_rf_wr_data[15]~13                                                                                                                                                                                                                                                                                                              ; 2       ;
; nios_ii:u0|nios_ii_nios2_qsys_0_jtag_debug_module_translator:nios2_qsys_0_jtag_debug_module_translator|altera_merlin_slave_translator:nios2_qsys_0_jtag_debug_module_translator|av_readdata_pre[21]                                                                                                                                                                           ; 2       ;
; nios_ii:u0|nios_ii_nios2_qsys_0:nios2_qsys_0|W_rf_wr_data[16]~12                                                                                                                                                                                                                                                                                                              ; 2       ;
; nios_ii:u0|nios_ii_rsp_xbar_mux_001:rsp_xbar_mux_001|src_payload~25                                                                                                                                                                                                                                                                                                           ; 2       ;
; nios_ii:u0|nios_ii_nios2_qsys_0_jtag_debug_module_translator:nios2_qsys_0_jtag_debug_module_translator|altera_merlin_slave_translator:nios2_qsys_0_jtag_debug_module_translator|av_readdata_pre[20]                                                                                                                                                                           ; 2       ;
; nios_ii:u0|nios_ii_nios2_qsys_0:nios2_qsys_0|F_iw[6]~42                                                                                                                                                                                                                                                                                                                       ; 2       ;
; nios_ii:u0|nios_ii_nios2_qsys_0_jtag_debug_module_translator:nios2_qsys_0_jtag_debug_module_translator|altera_merlin_slave_translator:nios2_qsys_0_jtag_debug_module_translator|av_readdata_pre[6]                                                                                                                                                                            ; 2       ;
; nios_ii:u0|nios_ii_nios2_qsys_0_jtag_debug_module_translator:nios2_qsys_0_jtag_debug_module_translator|altera_merlin_slave_translator:nios2_qsys_0_jtag_debug_module_translator|av_readdata_pre[7]                                                                                                                                                                            ; 2       ;
; nios_ii:u0|nios_ii_nios2_qsys_0_jtag_debug_module_translator:nios2_qsys_0_jtag_debug_module_translator|altera_merlin_slave_translator:nios2_qsys_0_jtag_debug_module_translator|av_readdata_pre[8]                                                                                                                                                                            ; 2       ;
; nios_ii:u0|nios_ii_nios2_qsys_0_jtag_debug_module_translator:nios2_qsys_0_jtag_debug_module_translator|altera_merlin_slave_translator:nios2_qsys_0_jtag_debug_module_translator|av_readdata_pre[9]                                                                                                                                                                            ; 2       ;
; nios_ii:u0|nios_ii_nios2_qsys_0_jtag_debug_module_translator:nios2_qsys_0_jtag_debug_module_translator|altera_merlin_slave_translator:nios2_qsys_0_jtag_debug_module_translator|av_readdata_pre[10]                                                                                                                                                                           ; 2       ;
; nios_ii:u0|nios_ii_nios2_qsys_0:nios2_qsys_0|D_ctrl_jmp_direct~0                                                                                                                                                                                                                                                                                                              ; 2       ;
; nios_ii:u0|nios_ii_nios2_qsys_0:nios2_qsys_0|D_ctrl_retaddr~2                                                                                                                                                                                                                                                                                                                 ; 2       ;
; nios_ii:u0|nios_ii_nios2_qsys_0:nios2_qsys_0|D_ctrl_exception~3                                                                                                                                                                                                                                                                                                               ; 2       ;
; nios_ii:u0|nios_ii_nios2_qsys_0:nios2_qsys_0|D_ctrl_break~0                                                                                                                                                                                                                                                                                                                   ; 2       ;
; nios_ii:u0|nios_ii_nios2_qsys_0:nios2_qsys_0|Equal101~4                                                                                                                                                                                                                                                                                                                       ; 2       ;
; nios_ii:u0|nios_ii_nios2_qsys_0_jtag_debug_module_translator:nios2_qsys_0_jtag_debug_module_translator|altera_merlin_slave_translator:nios2_qsys_0_jtag_debug_module_translator|av_readdata_pre[15]                                                                                                                                                                           ; 2       ;
; nios_ii:u0|nios_ii_rsp_xbar_mux_001:rsp_xbar_mux_001|src_payload~24                                                                                                                                                                                                                                                                                                           ; 2       ;
; nios_ii:u0|nios_ii_nios2_qsys_0_jtag_debug_module_translator:nios2_qsys_0_jtag_debug_module_translator|altera_merlin_slave_translator:nios2_qsys_0_jtag_debug_module_translator|av_readdata_pre[16]                                                                                                                                                                           ; 2       ;
; nios_ii:u0|nios_ii_nios2_qsys_0:nios2_qsys_0|F_iw[14]~27                                                                                                                                                                                                                                                                                                                      ; 2       ;
; nios_ii:u0|nios_ii_nios2_qsys_0_jtag_debug_module_translator:nios2_qsys_0_jtag_debug_module_translator|altera_merlin_slave_translator:nios2_qsys_0_jtag_debug_module_translator|av_readdata_pre[14]                                                                                                                                                                           ; 2       ;
; nios_ii:u0|nios_ii_rsp_xbar_mux_001:rsp_xbar_mux_001|src_data[5]~10                                                                                                                                                                                                                                                                                                           ; 2       ;
; nios_ii:u0|nios_ii_nios2_qsys_0_jtag_debug_module_translator:nios2_qsys_0_jtag_debug_module_translator|altera_merlin_slave_translator:nios2_qsys_0_jtag_debug_module_translator|av_readdata_pre[5]                                                                                                                                                                            ; 2       ;
; nios_ii:u0|nios_ii_nios2_qsys_0_jtag_debug_module_translator:nios2_qsys_0_jtag_debug_module_translator|altera_merlin_slave_translator:nios2_qsys_0_jtag_debug_module_translator|av_readdata_pre[12]                                                                                                                                                                           ; 2       ;
; nios_ii:u0|nios_ii_nios2_qsys_0_jtag_debug_module_translator:nios2_qsys_0_jtag_debug_module_translator|altera_merlin_slave_translator:nios2_qsys_0_jtag_debug_module_translator|av_readdata_pre[13]                                                                                                                                                                           ; 2       ;
; nios_ii:u0|nios_ii_rsp_xbar_mux_001:rsp_xbar_mux_001|src_payload~23                                                                                                                                                                                                                                                                                                           ; 2       ;
; nios_ii:u0|nios_ii_nios2_qsys_0_jtag_debug_module_translator:nios2_qsys_0_jtag_debug_module_translator|altera_merlin_slave_translator:nios2_qsys_0_jtag_debug_module_translator|av_readdata_pre[11]                                                                                                                                                                           ; 2       ;
; nios_ii:u0|nios_ii_nios2_qsys_0:nios2_qsys_0|F_iw[2]~19                                                                                                                                                                                                                                                                                                                       ; 2       ;
; nios_ii:u0|nios_ii_nios2_qsys_0_jtag_debug_module_translator:nios2_qsys_0_jtag_debug_module_translator|altera_merlin_slave_translator:nios2_qsys_0_jtag_debug_module_translator|av_readdata_pre[2]                                                                                                                                                                            ; 2       ;
; nios_ii:u0|nios_ii_rsp_xbar_mux_001:rsp_xbar_mux_001|src_data[1]~9                                                                                                                                                                                                                                                                                                            ; 2       ;
; nios_ii:u0|nios_ii_nios2_qsys_0_jtag_debug_module_translator:nios2_qsys_0_jtag_debug_module_translator|altera_merlin_slave_translator:nios2_qsys_0_jtag_debug_module_translator|av_readdata_pre[1]                                                                                                                                                                            ; 2       ;
; nios_ii:u0|nios_ii_onchip_memory2_0:onchip_memory2_0|altsyncram:the_altsyncram|altsyncram_d391:auto_generated|mux_ujb:mux2|result_node[26]~1                                                                                                                                                                                                                                  ; 2       ;
; nios_ii:u0|nios_ii_nios2_qsys_0_jtag_debug_module_translator:nios2_qsys_0_jtag_debug_module_translator|altera_merlin_slave_translator:nios2_qsys_0_jtag_debug_module_translator|av_readdata_pre[26]                                                                                                                                                                           ; 2       ;
; nios_ii:u0|nios_ii_nios2_qsys_0_jtag_debug_module_translator:nios2_qsys_0_jtag_debug_module_translator|altera_merlin_slave_translator:nios2_qsys_0_jtag_debug_module_translator|av_readdata_pre[25]                                                                                                                                                                           ; 2       ;
; nios_ii:u0|nios_ii_onchip_memory2_0:onchip_memory2_0|altsyncram:the_altsyncram|altsyncram_d391:auto_generated|mux_ujb:mux2|result_node[24]~0                                                                                                                                                                                                                                  ; 2       ;
; nios_ii:u0|nios_ii_nios2_qsys_0_jtag_debug_module_translator:nios2_qsys_0_jtag_debug_module_translator|altera_merlin_slave_translator:nios2_qsys_0_jtag_debug_module_translator|av_readdata_pre[24]                                                                                                                                                                           ; 2       ;
; nios_ii:u0|nios_ii_nios2_qsys_0:nios2_qsys_0|F_iw[23]~7                                                                                                                                                                                                                                                                                                                       ; 2       ;
; nios_ii:u0|nios_ii_nios2_qsys_0_jtag_debug_module_translator:nios2_qsys_0_jtag_debug_module_translator|altera_merlin_slave_translator:nios2_qsys_0_jtag_debug_module_translator|av_readdata_pre[23]                                                                                                                                                                           ; 2       ;
; nios_ii:u0|nios_ii_nios2_qsys_0:nios2_qsys_0|F_iw[22]~4                                                                                                                                                                                                                                                                                                                       ; 2       ;
; nios_ii:u0|nios_ii_nios2_qsys_0_jtag_debug_module_translator:nios2_qsys_0_jtag_debug_module_translator|altera_merlin_slave_translator:nios2_qsys_0_jtag_debug_module_translator|av_readdata_pre[22]                                                                                                                                                                           ; 2       ;
; nios_ii:u0|nios_ii_nios2_qsys_0:nios2_qsys_0|E_control_rd_data[0]~0                                                                                                                                                                                                                                                                                                           ; 2       ;
; nios_ii:u0|nios_ii_nios2_qsys_0:nios2_qsys_0|E_arith_src1[31]                                                                                                                                                                                                                                                                                                                 ; 2       ;
; nios_ii:u0|nios_ii_nios2_qsys_0:nios2_qsys_0|E_arith_src2[31]                                                                                                                                                                                                                                                                                                                 ; 2       ;
; nios_ii:u0|nios_ii_nios2_qsys_0:nios2_qsys_0|E_invert_arith_src_msb                                                                                                                                                                                                                                                                                                           ; 2       ;
; nios_ii:u0|nios_ii_nios2_qsys_0:nios2_qsys_0|E_logic_result[21]~32                                                                                                                                                                                                                                                                                                            ; 2       ;
; nios_ii:u0|nios_ii_nios2_qsys_0:nios2_qsys_0|E_logic_result[17]~31                                                                                                                                                                                                                                                                                                            ; 2       ;
; nios_ii:u0|nios_ii_nios2_qsys_0:nios2_qsys_0|E_logic_result[18]~30                                                                                                                                                                                                                                                                                                            ; 2       ;
; nios_ii:u0|nios_ii_nios2_qsys_0:nios2_qsys_0|E_logic_result[19]~29                                                                                                                                                                                                                                                                                                            ; 2       ;
; nios_ii:u0|nios_ii_nios2_qsys_0:nios2_qsys_0|E_logic_result[20]~28                                                                                                                                                                                                                                                                                                            ; 2       ;
; nios_ii:u0|nios_ii_nios2_qsys_0:nios2_qsys_0|E_logic_result[22]~27                                                                                                                                                                                                                                                                                                            ; 2       ;
; nios_ii:u0|nios_ii_nios2_qsys_0:nios2_qsys_0|E_logic_result[23]~26                                                                                                                                                                                                                                                                                                            ; 2       ;
; nios_ii:u0|nios_ii_nios2_qsys_0:nios2_qsys_0|E_logic_result[24]~25                                                                                                                                                                                                                                                                                                            ; 2       ;
; nios_ii:u0|nios_ii_nios2_qsys_0:nios2_qsys_0|E_logic_result[25]~24                                                                                                                                                                                                                                                                                                            ; 2       ;
; nios_ii:u0|nios_ii_nios2_qsys_0:nios2_qsys_0|E_logic_result[26]~23                                                                                                                                                                                                                                                                                                            ; 2       ;
; nios_ii:u0|nios_ii_nios2_qsys_0:nios2_qsys_0|E_logic_result[27]~22                                                                                                                                                                                                                                                                                                            ; 2       ;
; nios_ii:u0|nios_ii_nios2_qsys_0:nios2_qsys_0|E_logic_result[28]~21                                                                                                                                                                                                                                                                                                            ; 2       ;
; nios_ii:u0|nios_ii_nios2_qsys_0:nios2_qsys_0|E_logic_result[29]~20                                                                                                                                                                                                                                                                                                            ; 2       ;
; nios_ii:u0|nios_ii_nios2_qsys_0:nios2_qsys_0|E_logic_result[30]~19                                                                                                                                                                                                                                                                                                            ; 2       ;
; nios_ii:u0|nios_ii_nios2_qsys_0:nios2_qsys_0|E_logic_result[31]~18                                                                                                                                                                                                                                                                                                            ; 2       ;
; nios_ii:u0|nios_ii_nios2_qsys_0:nios2_qsys_0|E_src2[31]                                                                                                                                                                                                                                                                                                                       ; 2       ;
; nios_ii:u0|nios_ii_nios2_qsys_0:nios2_qsys_0|E_logic_result[0]~17                                                                                                                                                                                                                                                                                                             ; 2       ;
; nios_ii:u0|nios_ii_nios2_qsys_0:nios2_qsys_0|E_logic_result[1]~15                                                                                                                                                                                                                                                                                                             ; 2       ;
; nios_ii:u0|nios_ii_nios2_qsys_0:nios2_qsys_0|R_compare_op[1]                                                                                                                                                                                                                                                                                                                  ; 2       ;
; nios_ii:u0|nios_ii_nios2_qsys_0:nios2_qsys_0|R_compare_op[0]                                                                                                                                                                                                                                                                                                                  ; 2       ;
; nios_ii:u0|nios_ii_nios2_qsys_0_jtag_debug_module_translator:nios2_qsys_0_jtag_debug_module_translator|altera_merlin_slave_translator:nios2_qsys_0_jtag_debug_module_translator|av_readdata_pre[0]                                                                                                                                                                            ; 2       ;
; nios_ii:u0|nios_ii_nios2_qsys_0:nios2_qsys_0|F_iw[0]~2                                                                                                                                                                                                                                                                                                                        ; 2       ;
; nios_ii:u0|nios_ii_nios2_qsys_0:nios2_qsys_0|E_stall~4                                                                                                                                                                                                                                                                                                                        ; 2       ;
; nios_ii:u0|nios_ii_nios2_qsys_0:nios2_qsys_0|av_ld_aligning_data_nxt~1                                                                                                                                                                                                                                                                                                        ; 2       ;
; nios_ii:u0|nios_ii_nios2_qsys_0:nios2_qsys_0|av_ld_waiting_for_data_nxt~0                                                                                                                                                                                                                                                                                                     ; 2       ;
; nios_ii:u0|nios_ii_nios2_qsys_0:nios2_qsys_0|D_dst_regnum[3]~5                                                                                                                                                                                                                                                                                                                ; 2       ;
; nios_ii:u0|nios_ii_nios2_qsys_0:nios2_qsys_0|D_dst_regnum[0]~4                                                                                                                                                                                                                                                                                                                ; 2       ;
; nios_ii:u0|nios_ii_nios2_qsys_0:nios2_qsys_0|D_dst_regnum[2]~3                                                                                                                                                                                                                                                                                                                ; 2       ;
; nios_ii:u0|nios_ii_nios2_qsys_0:nios2_qsys_0|D_dst_regnum[4]~2                                                                                                                                                                                                                                                                                                                ; 2       ;
; nios_ii:u0|nios_ii_nios2_qsys_0:nios2_qsys_0|D_dst_regnum[1]~1                                                                                                                                                                                                                                                                                                                ; 2       ;
; nios_ii:u0|nios_ii_jtag_uart_0:jtag_uart_0|alt_jtag_atlantic:nios_ii_jtag_uart_0_alt_jtag_atlantic|count[0]                                                                                                                                                                                                                                                                   ; 2       ;
; nios_ii:u0|nios_ii_jtag_uart_0:jtag_uart_0|alt_jtag_atlantic:nios_ii_jtag_uart_0_alt_jtag_atlantic|state~1                                                                                                                                                                                                                                                                    ; 2       ;
; nios_ii:u0|nios_ii_jtag_uart_0:jtag_uart_0|alt_jtag_atlantic:nios_ii_jtag_uart_0_alt_jtag_atlantic|count[8]                                                                                                                                                                                                                                                                   ; 2       ;
; nios_ii:u0|nios_ii_jtag_uart_0:jtag_uart_0|t_dav                                                                                                                                                                                                                                                                                                                              ; 2       ;
; nios_ii:u0|nios_ii_nios2_qsys_0:nios2_qsys_0|nios_ii_nios2_qsys_0_nios2_oci:the_nios_ii_nios2_qsys_0_nios2_oci|nios_ii_nios2_qsys_0_nios2_ocimem:the_nios_ii_nios2_qsys_0_nios2_ocimem|jtag_rd_d1                                                                                                                                                                             ; 2       ;
; nios_ii:u0|nios_ii_nios2_qsys_0:nios2_qsys_0|nios_ii_nios2_qsys_0_nios2_oci:the_nios_ii_nios2_qsys_0_nios2_oci|nios_ii_nios2_qsys_0_jtag_debug_module_wrapper:the_nios_ii_nios2_qsys_0_jtag_debug_module_wrapper|nios_ii_nios2_qsys_0_jtag_debug_module_sysclk:the_nios_ii_nios2_qsys_0_jtag_debug_module_sysclk|jdo[3]                                                       ; 2       ;
; nios_ii:u0|nios_ii_nios2_qsys_0:nios2_qsys_0|nios_ii_nios2_qsys_0_nios2_oci:the_nios_ii_nios2_qsys_0_nios2_oci|nios_ii_nios2_qsys_0_nios2_ocimem:the_nios_ii_nios2_qsys_0_nios2_ocimem|MonDReg[1]                                                                                                                                                                             ; 2       ;
; nios_ii:u0|nios_ii_nios2_qsys_0:nios2_qsys_0|nios_ii_nios2_qsys_0_nios2_oci:the_nios_ii_nios2_qsys_0_nios2_oci|nios_ii_nios2_qsys_0_jtag_debug_module_wrapper:the_nios_ii_nios2_qsys_0_jtag_debug_module_wrapper|nios_ii_nios2_qsys_0_jtag_debug_module_tck:the_nios_ii_nios2_qsys_0_jtag_debug_module_tck|sr[3]                                                              ; 2       ;
; nios_ii:u0|nios_ii_nios2_qsys_0:nios2_qsys_0|nios_ii_nios2_qsys_0_nios2_oci:the_nios_ii_nios2_qsys_0_nios2_oci|nios_ii_nios2_qsys_0_jtag_debug_module_wrapper:the_nios_ii_nios2_qsys_0_jtag_debug_module_wrapper|nios_ii_nios2_qsys_0_jtag_debug_module_tck:the_nios_ii_nios2_qsys_0_jtag_debug_module_tck|sr[34]                                                             ; 2       ;
; nios_ii:u0|nios_ii_nios2_qsys_0:nios2_qsys_0|nios_ii_nios2_qsys_0_nios2_oci:the_nios_ii_nios2_qsys_0_nios2_oci|nios_ii_nios2_qsys_0_jtag_debug_module_wrapper:the_nios_ii_nios2_qsys_0_jtag_debug_module_wrapper|nios_ii_nios2_qsys_0_jtag_debug_module_sysclk:the_nios_ii_nios2_qsys_0_jtag_debug_module_sysclk|jxuir                                                        ; 2       ;
; nios_ii:u0|nios_ii_nios2_qsys_0:nios2_qsys_0|nios_ii_nios2_qsys_0_nios2_oci:the_nios_ii_nios2_qsys_0_nios2_oci|nios_ii_nios2_qsys_0_jtag_debug_module_wrapper:the_nios_ii_nios2_qsys_0_jtag_debug_module_wrapper|nios_ii_nios2_qsys_0_jtag_debug_module_tck:the_nios_ii_nios2_qsys_0_jtag_debug_module_tck|sr[22]                                                             ; 2       ;
; nios_ii:u0|nios_ii_nios2_qsys_0:nios2_qsys_0|W_rf_wr_data[9]~11                                                                                                                                                                                                                                                                                                               ; 2       ;
; nios_ii:u0|nios_ii_rsp_xbar_mux_001:rsp_xbar_mux_001|src_data[3]~1                                                                                                                                                                                                                                                                                                            ; 2       ;
; nios_ii:u0|nios_ii_nios2_qsys_0_jtag_debug_module_translator:nios2_qsys_0_jtag_debug_module_translator|altera_merlin_slave_translator:nios2_qsys_0_jtag_debug_module_translator|av_readdata_pre[3]                                                                                                                                                                            ; 2       ;
; nios_ii:u0|nios_ii_nios2_qsys_0:nios2_qsys_0|W_ipending_reg[0]                                                                                                                                                                                                                                                                                                                ; 2       ;
; nios_ii:u0|nios_ii_nios2_qsys_0:nios2_qsys_0|wait_for_one_post_bret_inst                                                                                                                                                                                                                                                                                                      ; 2       ;
; nios_ii:u0|nios_ii_nios2_qsys_0:nios2_qsys_0|hbreak_pending                                                                                                                                                                                                                                                                                                                   ; 2       ;
; nios_ii:u0|nios_ii_rsp_xbar_mux_001:rsp_xbar_mux_001|src_data[4]~0                                                                                                                                                                                                                                                                                                            ; 2       ;
; nios_ii:u0|nios_ii_nios2_qsys_0_jtag_debug_module_translator:nios2_qsys_0_jtag_debug_module_translator|altera_merlin_slave_translator:nios2_qsys_0_jtag_debug_module_translator|av_readdata_pre[4]                                                                                                                                                                            ; 2       ;
; nios_ii:u0|nios_ii_nios2_qsys_0:nios2_qsys_0|W_rf_wr_data[8]~10                                                                                                                                                                                                                                                                                                               ; 2       ;
; nios_ii:u0|nios_ii_nios2_qsys_0:nios2_qsys_0|W_rf_wr_data[7]~9                                                                                                                                                                                                                                                                                                                ; 2       ;
; nios_ii:u0|nios_ii_nios2_qsys_0:nios2_qsys_0|av_ld_byte0_data[7]                                                                                                                                                                                                                                                                                                              ; 2       ;
; nios_ii:u0|nios_ii_nios2_qsys_0:nios2_qsys_0|W_rf_wr_data[6]~8                                                                                                                                                                                                                                                                                                                ; 2       ;
; nios_ii:u0|nios_ii_nios2_qsys_0:nios2_qsys_0|W_rf_wr_data[5]~7                                                                                                                                                                                                                                                                                                                ; 2       ;
; nios_ii:u0|nios_ii_nios2_qsys_0:nios2_qsys_0|W_rf_wr_data[4]~6                                                                                                                                                                                                                                                                                                                ; 2       ;
; nios_ii:u0|nios_ii_nios2_qsys_0:nios2_qsys_0|W_rf_wr_data[3]~5                                                                                                                                                                                                                                                                                                                ; 2       ;
; nios_ii:u0|nios_ii_nios2_qsys_0:nios2_qsys_0|W_rf_wr_data[2]~4                                                                                                                                                                                                                                                                                                                ; 2       ;
; nios_ii:u0|nios_ii_nios2_qsys_0:nios2_qsys_0|W_rf_wr_data[1]~3                                                                                                                                                                                                                                                                                                                ; 2       ;
; nios_ii:u0|altera_avalon_sc_fifo:onchip_memory2_0_s1_translator_avalon_universal_slave_0_agent_rsp_fifo|mem~2                                                                                                                                                                                                                                                                 ; 2       ;
; nios_ii:u0|altera_avalon_sc_fifo:hex6_s1_translator_avalon_universal_slave_0_agent_rsp_fifo|mem~0                                                                                                                                                                                                                                                                             ; 2       ;
; nios_ii:u0|altera_avalon_sc_fifo:hex5_s1_translator_avalon_universal_slave_0_agent_rsp_fifo|mem~0                                                                                                                                                                                                                                                                             ; 2       ;
; nios_ii:u0|altera_avalon_sc_fifo:hex7_s1_translator_avalon_universal_slave_0_agent_rsp_fifo|mem~0                                                                                                                                                                                                                                                                             ; 2       ;
; nios_ii:u0|altera_avalon_sc_fifo:nios2_qsys_0_jtag_debug_module_translator_avalon_universal_slave_0_agent_rsp_fifo|mem~2                                                                                                                                                                                                                                                      ; 2       ;
; nios_ii:u0|altera_avalon_sc_fifo:nios2_qsys_0_jtag_debug_module_translator_avalon_universal_slave_0_agent_rsp_fifo|mem~1                                                                                                                                                                                                                                                      ; 2       ;
; nios_ii:u0|altera_avalon_sc_fifo:hex4_s1_translator_avalon_universal_slave_0_agent_rsp_fifo|mem~0                                                                                                                                                                                                                                                                             ; 2       ;
; nios_ii:u0|altera_avalon_sc_fifo:hex2_s1_translator_avalon_universal_slave_0_agent_rsp_fifo|mem~0                                                                                                                                                                                                                                                                             ; 2       ;
; nios_ii:u0|altera_avalon_sc_fifo:hex1_s1_translator_avalon_universal_slave_0_agent_rsp_fifo|mem~0                                                                                                                                                                                                                                                                             ; 2       ;
; nios_ii:u0|altera_avalon_sc_fifo:switches_s1_translator_avalon_universal_slave_0_agent_rsp_fifo|mem~0                                                                                                                                                                                                                                                                         ; 2       ;
; nios_ii:u0|altera_avalon_sc_fifo:hex0_s1_translator_avalon_universal_slave_0_agent_rsp_fifo|mem~0                                                                                                                                                                                                                                                                             ; 2       ;
; nios_ii:u0|altera_avalon_sc_fifo:leds_s1_translator_avalon_universal_slave_0_agent_rsp_fifo|mem~0                                                                                                                                                                                                                                                                             ; 2       ;
; nios_ii:u0|altera_avalon_sc_fifo:sysid_qsys_0_control_slave_translator_avalon_universal_slave_0_agent_rsp_fifo|mem~0                                                                                                                                                                                                                                                          ; 2       ;
; nios_ii:u0|altera_avalon_sc_fifo:jtag_uart_0_avalon_jtag_slave_translator_avalon_universal_slave_0_agent_rsp_fifo|mem~0                                                                                                                                                                                                                                                       ; 2       ;
; nios_ii:u0|altera_avalon_sc_fifo:onchip_memory2_0_s1_translator_avalon_universal_slave_0_agent_rsp_fifo|mem_used[1]~2                                                                                                                                                                                                                                                         ; 2       ;
; nios_ii:u0|altera_avalon_sc_fifo:onchip_memory2_0_s1_translator_avalon_universal_slave_0_agent_rsp_fifo|mem~0                                                                                                                                                                                                                                                                 ; 2       ;
; nios_ii:u0|altera_avalon_sc_fifo:nios2_qsys_0_jtag_debug_module_translator_avalon_universal_slave_0_agent_rsp_fifo|mem~0                                                                                                                                                                                                                                                      ; 2       ;
; nios_ii:u0|altera_avalon_sc_fifo:switches_s1_translator_avalon_universal_slave_0_agent_rsp_fifo|write~0                                                                                                                                                                                                                                                                       ; 2       ;
; nios_ii:u0|altera_merlin_slave_agent:sysid_qsys_0_control_slave_translator_avalon_universal_slave_0_agent|m0_write~1                                                                                                                                                                                                                                                          ; 2       ;
; nios_ii:u0|nios_ii_sysid_qsys_0_control_slave_translator:sysid_qsys_0_control_slave_translator|altera_merlin_slave_translator:sysid_qsys_0_control_slave_translator|wait_latency_counter[1]~0                                                                                                                                                                                 ; 2       ;
; nios_ii:u0|nios_ii_nios2_qsys_0:nios2_qsys_0|nios_ii_nios2_qsys_0_nios2_oci:the_nios_ii_nios2_qsys_0_nios2_oci|nios_ii_nios2_qsys_0_nios2_ocimem:the_nios_ii_nios2_qsys_0_nios2_ocimem|avalon_ociram_readdata_ready                                                                                                                                                           ; 2       ;
; nios_ii:u0|nios_ii_cmd_xbar_mux:cmd_xbar_mux|packet_in_progress                                                                                                                                                                                                                                                                                                               ; 2       ;
; nios_ii:u0|nios_ii_cmd_xbar_mux:cmd_xbar_mux|update_grant~0                                                                                                                                                                                                                                                                                                                   ; 2       ;
; nios_ii:u0|nios_ii_cmd_xbar_mux:cmd_xbar_mux|altera_merlin_arbitrator:arb|grant[1]~0                                                                                                                                                                                                                                                                                          ; 2       ;
; nios_ii:u0|nios_ii_cmd_xbar_mux:cmd_xbar_mux|altera_merlin_arbitrator:arb|top_priority_reg[0]                                                                                                                                                                                                                                                                                 ; 2       ;
; nios_ii:u0|nios_ii_cmd_xbar_mux:cmd_xbar_mux|altera_merlin_arbitrator:arb|top_priority_reg[1]                                                                                                                                                                                                                                                                                 ; 2       ;
; nios_ii:u0|nios_ii_cmd_xbar_mux:cmd_xbar_mux_001|packet_in_progress                                                                                                                                                                                                                                                                                                           ; 2       ;
; nios_ii:u0|nios_ii_cmd_xbar_mux:cmd_xbar_mux_001|update_grant~0                                                                                                                                                                                                                                                                                                               ; 2       ;
; nios_ii:u0|nios_ii_cmd_xbar_mux:cmd_xbar_mux_001|altera_merlin_arbitrator:arb|grant[1]~0                                                                                                                                                                                                                                                                                      ; 2       ;
; nios_ii:u0|nios_ii_cmd_xbar_mux:cmd_xbar_mux_001|altera_merlin_arbitrator:arb|top_priority_reg[0]                                                                                                                                                                                                                                                                             ; 2       ;
; nios_ii:u0|nios_ii_cmd_xbar_mux:cmd_xbar_mux_001|altera_merlin_arbitrator:arb|top_priority_reg[1]                                                                                                                                                                                                                                                                             ; 2       ;
; nios_ii:u0|nios_ii_addr_router_001:addr_router_001|src_channel[0]~7                                                                                                                                                                                                                                                                                                           ; 2       ;
; nios_ii:u0|nios_ii_nios2_qsys_0:nios2_qsys_0|R_ctrl_unsigned_lo_imm16                                                                                                                                                                                                                                                                                                         ; 2       ;
; nios_ii:u0|nios_ii_nios2_qsys_0:nios2_qsys_0|F_pc[13]                                                                                                                                                                                                                                                                                                                         ; 2       ;
; nios_ii:u0|nios_ii_nios2_qsys_0:nios2_qsys_0|F_pc[14]                                                                                                                                                                                                                                                                                                                         ; 2       ;
; nios_ii:u0|nios_ii_nios2_qsys_0:nios2_qsys_0|Equal101~2                                                                                                                                                                                                                                                                                                                       ; 2       ;
; nios_ii:u0|nios_ii_nios2_qsys_0:nios2_qsys_0|D_ctrl_alu_subtract~5                                                                                                                                                                                                                                                                                                            ; 2       ;
; nios_ii:u0|nios_ii_nios2_qsys_0:nios2_qsys_0|Equal2~7                                                                                                                                                                                                                                                                                                                         ; 2       ;
; nios_ii:u0|nios_ii_nios2_qsys_0:nios2_qsys_0|Equal2~6                                                                                                                                                                                                                                                                                                                         ; 2       ;
; nios_ii:u0|nios_ii_nios2_qsys_0:nios2_qsys_0|R_ctrl_br                                                                                                                                                                                                                                                                                                                        ; 2       ;
; nios_ii:u0|nios_ii_nios2_qsys_0:nios2_qsys_0|D_ctrl_alu_force_xor~8                                                                                                                                                                                                                                                                                                           ; 2       ;
; nios_ii:u0|nios_ii_nios2_qsys_0:nios2_qsys_0|Equal2~1                                                                                                                                                                                                                                                                                                                         ; 2       ;
; nios_ii:u0|nios_ii_nios2_qsys_0:nios2_qsys_0|D_iw[26]                                                                                                                                                                                                                                                                                                                         ; 2       ;
; nios_ii:u0|nios_ii_nios2_qsys_0:nios2_qsys_0|D_iw[25]                                                                                                                                                                                                                                                                                                                         ; 2       ;
; nios_ii:u0|nios_ii_nios2_qsys_0:nios2_qsys_0|D_iw[24]                                                                                                                                                                                                                                                                                                                         ; 2       ;
; nios_ii:u0|nios_ii_nios2_qsys_0:nios2_qsys_0|D_iw[23]                                                                                                                                                                                                                                                                                                                         ; 2       ;
; nios_ii:u0|nios_ii_nios2_qsys_0:nios2_qsys_0|D_iw[22]                                                                                                                                                                                                                                                                                                                         ; 2       ;
; nios_ii:u0|nios_ii_nios2_qsys_0:nios2_qsys_0|R_dst_regnum[4]                                                                                                                                                                                                                                                                                                                  ; 2       ;
; nios_ii:u0|nios_ii_nios2_qsys_0:nios2_qsys_0|R_dst_regnum[3]                                                                                                                                                                                                                                                                                                                  ; 2       ;
; nios_ii:u0|nios_ii_nios2_qsys_0:nios2_qsys_0|R_dst_regnum[2]                                                                                                                                                                                                                                                                                                                  ; 2       ;
; nios_ii:u0|nios_ii_nios2_qsys_0:nios2_qsys_0|R_dst_regnum[1]                                                                                                                                                                                                                                                                                                                  ; 2       ;
; nios_ii:u0|nios_ii_nios2_qsys_0:nios2_qsys_0|R_dst_regnum[0]                                                                                                                                                                                                                                                                                                                  ; 2       ;
; nios_ii:u0|nios_ii_nios2_qsys_0:nios2_qsys_0|W_rf_wr_data[0]~2                                                                                                                                                                                                                                                                                                                ; 2       ;
; nios_ii:u0|nios_ii_nios2_qsys_0:nios2_qsys_0|W_cmp_result                                                                                                                                                                                                                                                                                                                     ; 2       ;
; nios_ii:u0|nios_ii_nios2_qsys_0:nios2_qsys_0|W_rf_wren                                                                                                                                                                                                                                                                                                                        ; 2       ;
; nios_ii:u0|nios_ii_jtag_uart_0:jtag_uart_0|alt_jtag_atlantic:nios_ii_jtag_uart_0_alt_jtag_atlantic|tck_t_dav                                                                                                                                                                                                                                                                  ; 2       ;
; nios_ii:u0|nios_ii_nios2_qsys_0:nios2_qsys_0|nios_ii_nios2_qsys_0_nios2_oci:the_nios_ii_nios2_qsys_0_nios2_oci|nios_ii_nios2_qsys_0_jtag_debug_module_wrapper:the_nios_ii_nios2_qsys_0_jtag_debug_module_wrapper|nios_ii_nios2_qsys_0_jtag_debug_module_tck:the_nios_ii_nios2_qsys_0_jtag_debug_module_tck|sr[2]                                                              ; 2       ;
; nios_ii:u0|altera_avalon_sc_fifo:hex7_s1_translator_avalon_universal_slave_0_agent_rsp_fifo|write~0                                                                                                                                                                                                                                                                           ; 2       ;
; nios_ii:u0|altera_avalon_sc_fifo:hex6_s1_translator_avalon_universal_slave_0_agent_rsp_fifo|write~0                                                                                                                                                                                                                                                                           ; 2       ;
; nios_ii:u0|altera_avalon_sc_fifo:hex5_s1_translator_avalon_universal_slave_0_agent_rsp_fifo|write~0                                                                                                                                                                                                                                                                           ; 2       ;
; nios_ii:u0|altera_avalon_sc_fifo:hex4_s1_translator_avalon_universal_slave_0_agent_rsp_fifo|write~0                                                                                                                                                                                                                                                                           ; 2       ;
; nios_ii:u0|altera_avalon_sc_fifo:hex2_s1_translator_avalon_universal_slave_0_agent_rsp_fifo|write~0                                                                                                                                                                                                                                                                           ; 2       ;
; nios_ii:u0|altera_avalon_sc_fifo:hex1_s1_translator_avalon_universal_slave_0_agent_rsp_fifo|write~0                                                                                                                                                                                                                                                                           ; 2       ;
; nios_ii:u0|altera_avalon_sc_fifo:hex0_s1_translator_avalon_universal_slave_0_agent_rsp_fifo|write~0                                                                                                                                                                                                                                                                           ; 2       ;
+-------------------------------------------------------------------------------------------------------------------------------------------------------------------------------------------------------------------------------------------------------------------------------------------------------------------------------------------------------------------------------+---------+


+----------------------------------------------------------------------------------------------------------------------------------------------------------------------------------------------------------------------------------------------------------------------------------------------------------------------------------------------------------------------------------------------------------------------------------------------------------------------------------------------------------------------------------------------------------------------------------------------------------------------------------------------------------------------------------------------------------------------------------------------------------------------------------------------------------------------------------------------------------------------------------------------------------------------------------------------------------------------------------------------------------------------------------------------------------------------------------------------------------------------------------------------------------------------------------------------------------------------------------------------------------------------------------------------------------------------------------------------------------+
; Fitter RAM Summary                                                                                                                                                                                                                                                                                                                                                                                                                                                                                                                                                                                                                                                                                                                                                                                                                                                                                                                                                                                                                                                                                                                                                                                                                                                                                                                                       ;
+-----------------------------------------------------------------------------------------------------------------------------------------------------------------------------------------------------------------------------------------------------------------------------------------------------------------------------------------+------+------------------+--------------+--------------+--------------+--------------+--------------+------------------------+-------------------------+------------------------+-------------------------+--------+-----------------------------+-----------------------------+-----------------------------+-----------------------------+---------------------+------+--------------------------------------------------+-------------------------------------------------------------------------------------------------------------------------------------------------------------------------------------------------------------------------------------------------------------------------------------------------------------------------------------------------------------------------------------------------------------------------------------------------------------------------------------------------------------------------+----------------------+-----------------+-----------------+
; Name                                                                                                                                                                                                                                                                                                                                    ; Type ; Mode             ; Clock Mode   ; Port A Depth ; Port A Width ; Port B Depth ; Port B Width ; Port A Input Registers ; Port A Output Registers ; Port B Input Registers ; Port B Output Registers ; Size   ; Implementation Port A Depth ; Implementation Port A Width ; Implementation Port B Depth ; Implementation Port B Width ; Implementation Bits ; M4Ks ; MIF                                              ; Location                                                                                                                                                                                                                                                                                                                                                                                                                                                                                                                ; Mixed Width RDW Mode ; Port A RDW Mode ; Port B RDW Mode ;
+-----------------------------------------------------------------------------------------------------------------------------------------------------------------------------------------------------------------------------------------------------------------------------------------------------------------------------------------+------+------------------+--------------+--------------+--------------+--------------+--------------+------------------------+-------------------------+------------------------+-------------------------+--------+-----------------------------+-----------------------------+-----------------------------+-----------------------------+---------------------+------+--------------------------------------------------+-------------------------------------------------------------------------------------------------------------------------------------------------------------------------------------------------------------------------------------------------------------------------------------------------------------------------------------------------------------------------------------------------------------------------------------------------------------------------------------------------------------------------+----------------------+-----------------+-----------------+
; nios_ii:u0|nios_ii_jtag_uart_0:jtag_uart_0|nios_ii_jtag_uart_0_scfifo_r:the_nios_ii_jtag_uart_0_scfifo_r|scfifo:rfifo|scfifo_1n21:auto_generated|a_dpfifo_8t21:dpfifo|dpram_5h21:FIFOram|altsyncram_9tl1:altsyncram2|ALTSYNCRAM                                                                                                         ; AUTO ; Simple Dual Port ; Dual Clocks  ; 64           ; 8            ; 64           ; 8            ; yes                    ; no                      ; yes                    ; no                      ; 512    ; 64                          ; 8                           ; 64                          ; 8                           ; 512                 ; 1    ; None                                             ; M4K_X17_Y21                                                                                                                                                                                                                                                                                                                                                                                                                                                                                                             ; Don't care           ; Don't care      ; Don't care      ;
; nios_ii:u0|nios_ii_jtag_uart_0:jtag_uart_0|nios_ii_jtag_uart_0_scfifo_w:the_nios_ii_jtag_uart_0_scfifo_w|scfifo:wfifo|scfifo_1n21:auto_generated|a_dpfifo_8t21:dpfifo|dpram_5h21:FIFOram|altsyncram_9tl1:altsyncram2|ALTSYNCRAM                                                                                                         ; AUTO ; Simple Dual Port ; Dual Clocks  ; 64           ; 8            ; 64           ; 8            ; yes                    ; no                      ; yes                    ; no                      ; 512    ; 64                          ; 8                           ; 64                          ; 8                           ; 512                 ; 1    ; None                                             ; M4K_X17_Y20                                                                                                                                                                                                                                                                                                                                                                                                                                                                                                             ; Don't care           ; Don't care      ; Don't care      ;
; nios_ii:u0|nios_ii_nios2_qsys_0:nios2_qsys_0|nios_ii_nios2_qsys_0_nios2_oci:the_nios_ii_nios2_qsys_0_nios2_oci|nios_ii_nios2_qsys_0_nios2_ocimem:the_nios_ii_nios2_qsys_0_nios2_ocimem|nios_ii_nios2_qsys_0_ociram_sp_ram_module:nios_ii_nios2_qsys_0_ociram_sp_ram|altsyncram:the_altsyncram|altsyncram_u881:auto_generated|ALTSYNCRAM ; AUTO ; Single Port      ; Single Clock ; 256          ; 32           ; --           ; --           ; yes                    ; no                      ; --                     ; --                      ; 8192   ; 256                         ; 32                          ; --                          ; --                          ; 8192                ; 2    ; nios_ii_nios2_qsys_0_ociram_default_contents.mif ; M4K_X17_Y12, M4K_X17_Y13                                                                                                                                                                                                                                                                                                                                                                                                                                                                                                ; Don't care           ; Don't care      ; Don't care      ;
; nios_ii:u0|nios_ii_nios2_qsys_0:nios2_qsys_0|nios_ii_nios2_qsys_0_register_bank_a_module:nios_ii_nios2_qsys_0_register_bank_a|altsyncram:the_altsyncram|altsyncram_qrg1:auto_generated|ALTSYNCRAM                                                                                                                                       ; AUTO ; Simple Dual Port ; Single Clock ; 32           ; 32           ; 32           ; 32           ; yes                    ; no                      ; yes                    ; no                      ; 1024   ; 32                          ; 32                          ; 32                          ; 32                          ; 1024                ; 1    ; nios_ii_nios2_qsys_0_rf_ram_a.mif                ; M4K_X17_Y18                                                                                                                                                                                                                                                                                                                                                                                                                                                                                                             ; Don't care           ; Don't care      ; Don't care      ;
; nios_ii:u0|nios_ii_nios2_qsys_0:nios2_qsys_0|nios_ii_nios2_qsys_0_register_bank_b_module:nios_ii_nios2_qsys_0_register_bank_b|altsyncram:the_altsyncram|altsyncram_rrg1:auto_generated|ALTSYNCRAM                                                                                                                                       ; AUTO ; Simple Dual Port ; Single Clock ; 32           ; 32           ; 32           ; 32           ; yes                    ; no                      ; yes                    ; no                      ; 1024   ; 32                          ; 32                          ; 32                          ; 32                          ; 1024                ; 1    ; nios_ii_nios2_qsys_0_rf_ram_b.mif                ; M4K_X17_Y16                                                                                                                                                                                                                                                                                                                                                                                                                                                                                                             ; Don't care           ; Don't care      ; Don't care      ;
; nios_ii:u0|nios_ii_onchip_memory2_0:onchip_memory2_0|altsyncram:the_altsyncram|altsyncram_d391:auto_generated|ALTSYNCRAM                                                                                                                                                                                                                ; AUTO ; Single Port      ; Single Clock ; 5000         ; 32           ; --           ; --           ; yes                    ; no                      ; --                     ; --                      ; 160000 ; 5000                        ; 32                          ; --                          ; --                          ; 160000              ; 40   ; None                                             ; M4K_X41_Y24, M4K_X17_Y25, M4K_X17_Y22, M4K_X17_Y24, M4K_X41_Y6, M4K_X41_Y9, M4K_X17_Y19, M4K_X41_Y21, M4K_X41_Y12, M4K_X41_Y19, M4K_X41_Y23, M4K_X17_Y15, M4K_X17_Y4, M4K_X17_Y14, M4K_X17_Y2, M4K_X41_Y4, M4K_X41_Y8, M4K_X41_Y22, M4K_X17_Y6, M4K_X17_Y10, M4K_X41_Y7, M4K_X17_Y7, M4K_X41_Y3, M4K_X17_Y3, M4K_X17_Y11, M4K_X41_Y5, M4K_X17_Y5, M4K_X17_Y23, M4K_X17_Y8, M4K_X41_Y13, M4K_X41_Y15, M4K_X41_Y11, M4K_X41_Y14, M4K_X41_Y10, M4K_X41_Y20, M4K_X17_Y17, M4K_X41_Y18, M4K_X41_Y16, M4K_X41_Y17, M4K_X17_Y9 ; Don't care           ; Don't care      ; Don't care      ;
+-----------------------------------------------------------------------------------------------------------------------------------------------------------------------------------------------------------------------------------------------------------------------------------------------------------------------------------------+------+------------------+--------------+--------------+--------------+--------------+--------------+------------------------+-------------------------+------------------------+-------------------------+--------+-----------------------------+-----------------------------+-----------------------------+-----------------------------+---------------------+------+--------------------------------------------------+-------------------------------------------------------------------------------------------------------------------------------------------------------------------------------------------------------------------------------------------------------------------------------------------------------------------------------------------------------------------------------------------------------------------------------------------------------------------------------------------------------------------------+----------------------+-----------------+-----------------+
Note: Fitter may spread logical memories into multiple blocks to improve timing. The actual required RAM blocks can be found in the Fitter Resource Usage section.


+------------------------------------------------------+
; Other Routing Usage Summary                          ;
+-----------------------------+------------------------+
; Other Routing Resource Type ; Usage                  ;
+-----------------------------+------------------------+
; Block interconnects         ; 3,522 / 54,004 ( 7 % ) ;
; C16 interconnects           ; 51 / 2,100 ( 2 % )     ;
; C4 interconnects            ; 1,986 / 36,000 ( 6 % ) ;
; Direct links                ; 332 / 54,004 ( < 1 % ) ;
; Global clocks               ; 9 / 16 ( 56 % )        ;
; Local interconnects         ; 985 / 18,752 ( 5 % )   ;
; R24 interconnects           ; 122 / 1,900 ( 6 % )    ;
; R4 interconnects            ; 2,714 / 46,920 ( 6 % ) ;
+-----------------------------+------------------------+


+-----------------------------------------------------------------------------+
; LAB Logic Elements                                                          ;
+---------------------------------------------+-------------------------------+
; Number of Logic Elements  (Average = 12.79) ; Number of LABs  (Total = 154) ;
+---------------------------------------------+-------------------------------+
; 1                                           ; 5                             ;
; 2                                           ; 4                             ;
; 3                                           ; 3                             ;
; 4                                           ; 0                             ;
; 5                                           ; 4                             ;
; 6                                           ; 4                             ;
; 7                                           ; 1                             ;
; 8                                           ; 5                             ;
; 9                                           ; 4                             ;
; 10                                          ; 4                             ;
; 11                                          ; 3                             ;
; 12                                          ; 8                             ;
; 13                                          ; 6                             ;
; 14                                          ; 25                            ;
; 15                                          ; 24                            ;
; 16                                          ; 54                            ;
+---------------------------------------------+-------------------------------+


+--------------------------------------------------------------------+
; LAB-wide Signals                                                   ;
+------------------------------------+-------------------------------+
; LAB-wide Signals  (Average = 2.31) ; Number of LABs  (Total = 154) ;
+------------------------------------+-------------------------------+
; 1 Async. clear                     ; 94                            ;
; 1 Clock                            ; 134                           ;
; 1 Clock enable                     ; 55                            ;
; 1 Sync. clear                      ; 5                             ;
; 1 Sync. load                       ; 26                            ;
; 2 Async. clears                    ; 18                            ;
; 2 Clock enables                    ; 15                            ;
; 2 Clocks                           ; 9                             ;
+------------------------------------+-------------------------------+


+------------------------------------------------------------------------------+
; LAB Signals Sourced                                                          ;
+----------------------------------------------+-------------------------------+
; Number of Signals Sourced  (Average = 19.62) ; Number of LABs  (Total = 154) ;
+----------------------------------------------+-------------------------------+
; 0                                            ; 1                             ;
; 1                                            ; 1                             ;
; 2                                            ; 4                             ;
; 3                                            ; 0                             ;
; 4                                            ; 3                             ;
; 5                                            ; 1                             ;
; 6                                            ; 2                             ;
; 7                                            ; 0                             ;
; 8                                            ; 0                             ;
; 9                                            ; 1                             ;
; 10                                           ; 3                             ;
; 11                                           ; 0                             ;
; 12                                           ; 8                             ;
; 13                                           ; 6                             ;
; 14                                           ; 2                             ;
; 15                                           ; 4                             ;
; 16                                           ; 8                             ;
; 17                                           ; 4                             ;
; 18                                           ; 9                             ;
; 19                                           ; 6                             ;
; 20                                           ; 14                            ;
; 21                                           ; 6                             ;
; 22                                           ; 10                            ;
; 23                                           ; 12                            ;
; 24                                           ; 12                            ;
; 25                                           ; 8                             ;
; 26                                           ; 6                             ;
; 27                                           ; 7                             ;
; 28                                           ; 7                             ;
; 29                                           ; 1                             ;
; 30                                           ; 2                             ;
; 31                                           ; 1                             ;
; 32                                           ; 5                             ;
+----------------------------------------------+-------------------------------+


+---------------------------------------------------------------------------------+
; LAB Signals Sourced Out                                                         ;
+-------------------------------------------------+-------------------------------+
; Number of Signals Sourced Out  (Average = 8.35) ; Number of LABs  (Total = 154) ;
+-------------------------------------------------+-------------------------------+
; 0                                               ; 1                             ;
; 1                                               ; 7                             ;
; 2                                               ; 10                            ;
; 3                                               ; 4                             ;
; 4                                               ; 9                             ;
; 5                                               ; 8                             ;
; 6                                               ; 9                             ;
; 7                                               ; 12                            ;
; 8                                               ; 19                            ;
; 9                                               ; 14                            ;
; 10                                              ; 16                            ;
; 11                                              ; 13                            ;
; 12                                              ; 10                            ;
; 13                                              ; 3                             ;
; 14                                              ; 7                             ;
; 15                                              ; 3                             ;
; 16                                              ; 7                             ;
; 17                                              ; 1                             ;
; 18                                              ; 0                             ;
; 19                                              ; 0                             ;
; 20                                              ; 0                             ;
; 21                                              ; 1                             ;
+-------------------------------------------------+-------------------------------+


+------------------------------------------------------------------------------+
; LAB Distinct Inputs                                                          ;
+----------------------------------------------+-------------------------------+
; Number of Distinct Inputs  (Average = 17.21) ; Number of LABs  (Total = 154) ;
+----------------------------------------------+-------------------------------+
; 0                                            ; 0                             ;
; 1                                            ; 0                             ;
; 2                                            ; 0                             ;
; 3                                            ; 8                             ;
; 4                                            ; 5                             ;
; 5                                            ; 5                             ;
; 6                                            ; 2                             ;
; 7                                            ; 6                             ;
; 8                                            ; 1                             ;
; 9                                            ; 2                             ;
; 10                                           ; 4                             ;
; 11                                           ; 12                            ;
; 12                                           ; 9                             ;
; 13                                           ; 4                             ;
; 14                                           ; 5                             ;
; 15                                           ; 3                             ;
; 16                                           ; 2                             ;
; 17                                           ; 8                             ;
; 18                                           ; 4                             ;
; 19                                           ; 7                             ;
; 20                                           ; 7                             ;
; 21                                           ; 5                             ;
; 22                                           ; 4                             ;
; 23                                           ; 6                             ;
; 24                                           ; 5                             ;
; 25                                           ; 10                            ;
; 26                                           ; 5                             ;
; 27                                           ; 6                             ;
; 28                                           ; 3                             ;
; 29                                           ; 2                             ;
; 30                                           ; 3                             ;
; 31                                           ; 5                             ;
; 32                                           ; 3                             ;
; 33                                           ; 2                             ;
+----------------------------------------------+-------------------------------+


+-------------------------------------------------------------------------+
; Fitter Device Options                                                   ;
+----------------------------------------------+--------------------------+
; Option                                       ; Setting                  ;
+----------------------------------------------+--------------------------+
; Enable user-supplied start-up clock (CLKUSR) ; Off                      ;
; Enable device-wide reset (DEV_CLRn)          ; Off                      ;
; Enable device-wide output enable (DEV_OE)    ; Off                      ;
; Enable INIT_DONE output                      ; Off                      ;
; Configuration scheme                         ; Active Serial            ;
; Error detection CRC                          ; Off                      ;
; nCEO                                         ; As output driving ground ;
; ASDO,nCSO                                    ; As input tri-stated      ;
; Reserve all unused pins                      ; As output driving ground ;
; Base pin-out file on sameframe device        ; Off                      ;
+----------------------------------------------+--------------------------+


+------------------------------------+
; Operating Settings and Conditions  ;
+---------------------------+--------+
; Setting                   ; Value  ;
+---------------------------+--------+
; Nominal Core Voltage      ; 1.20 V ;
; Low Junction Temperature  ; 0 °C   ;
; High Junction Temperature ; 85 °C  ;
+---------------------------+--------+


+-----------------+
; Fitter Messages ;
+-----------------+
Warning (20028): Parallel compilation is not licensed and has been disabled
Info (119004): Automatically selected device EP2C15AF256C6 for design exemplo_nois
Info (119005): Fitting design with smaller device may be possible, but smaller device must be specified
Info (171003): Fitter is performing an Auto Fit compilation, which may decrease Fitter effort to reduce compilation time
Warning (292013): Feature LogicLock is only available with a valid subscription license. You can purchase a software subscription to gain full access to this feature.
Info (176444): Device migration not selected. If you intend to use device migration later, you may need to change the pin assignments as they may be incompatible with other devices
    Info (176445): Device EP2C8F256C6 is compatible
    Info (176445): Device EP2C20F256C6 is compatible
Info (169124): Fitter converted 3 user pins into dedicated programming pins
    Info (169125): Pin ~ASDO~ is reserved at location C3
    Info (169125): Pin ~nCSO~ is reserved at location F4
    Info (169125): Pin ~LVDS91p/nCEO~ is reserved at location N14
Info (176045): Design uses memory blocks. Violating setup or hold times of memory block address registers for either read or write operations could cause memory contents to be corrupted. Make sure that all memory block address registers meet the setup and hold time requirements.
Critical Warning (169085): No exact pin location assignment(s) for 78 pins of 78 total pins
    Info (169086): Pin KEY[1] not assigned to an exact location on the device
    Info (169086): Pin LEDS[0] not assigned to an exact location on the device
    Info (169086): Pin LEDS[1] not assigned to an exact location on the device
    Info (169086): Pin LEDS[2] not assigned to an exact location on the device
    Info (169086): Pin LEDS[3] not assigned to an exact location on the device
    Info (169086): Pin LEDS[4] not assigned to an exact location on the device
    Info (169086): Pin LEDS[5] not assigned to an exact location on the device
    Info (169086): Pin LEDS[6] not assigned to an exact location on the device
    Info (169086): Pin LEDS[7] not assigned to an exact location on the device
    Info (169086): Pin LEDS[8] not assigned to an exact location on the device
    Info (169086): Pin LEDS[9] not assigned to an exact location on the device
    Info (169086): Pin HEX0[0] not assigned to an exact location on the device
    Info (169086): Pin HEX0[1] not assigned to an exact location on the device
    Info (169086): Pin HEX0[2] not assigned to an exact location on the device
    Info (169086): Pin HEX0[3] not assigned to an exact location on the device
    Info (169086): Pin HEX0[4] not assigned to an exact location on the device
    Info (169086): Pin HEX0[5] not assigned to an exact location on the device
    Info (169086): Pin HEX0[6] not assigned to an exact location on the device
    Info (169086): Pin HEX1[0] not assigned to an exact location on the device
    Info (169086): Pin HEX1[1] not assigned to an exact location on the device
    Info (169086): Pin HEX1[2] not assigned to an exact location on the device
    Info (169086): Pin HEX1[3] not assigned to an exact location on the device
    Info (169086): Pin HEX1[4] not assigned to an exact location on the device
    Info (169086): Pin HEX1[5] not assigned to an exact location on the device
    Info (169086): Pin HEX1[6] not assigned to an exact location on the device
    Info (169086): Pin HEX2[0] not assigned to an exact location on the device
    Info (169086): Pin HEX2[1] not assigned to an exact location on the device
    Info (169086): Pin HEX2[2] not assigned to an exact location on the device
    Info (169086): Pin HEX2[3] not assigned to an exact location on the device
    Info (169086): Pin HEX2[4] not assigned to an exact location on the device
    Info (169086): Pin HEX2[5] not assigned to an exact location on the device
    Info (169086): Pin HEX2[6] not assigned to an exact location on the device
    Info (169086): Pin HEX4[0] not assigned to an exact location on the device
    Info (169086): Pin HEX4[1] not assigned to an exact location on the device
    Info (169086): Pin HEX4[2] not assigned to an exact location on the device
    Info (169086): Pin HEX4[3] not assigned to an exact location on the device
    Info (169086): Pin HEX4[4] not assigned to an exact location on the device
    Info (169086): Pin HEX4[5] not assigned to an exact location on the device
    Info (169086): Pin HEX4[6] not assigned to an exact location on the device
    Info (169086): Pin HEX5[0] not assigned to an exact location on the device
    Info (169086): Pin HEX5[1] not assigned to an exact location on the device
    Info (169086): Pin HEX5[2] not assigned to an exact location on the device
    Info (169086): Pin HEX5[3] not assigned to an exact location on the device
    Info (169086): Pin HEX5[4] not assigned to an exact location on the device
    Info (169086): Pin HEX5[5] not assigned to an exact location on the device
    Info (169086): Pin HEX5[6] not assigned to an exact location on the device
    Info (169086): Pin HEX6[0] not assigned to an exact location on the device
    Info (169086): Pin HEX6[1] not assigned to an exact location on the device
    Info (169086): Pin HEX6[2] not assigned to an exact location on the device
    Info (169086): Pin HEX6[3] not assigned to an exact location on the device
    Info (169086): Pin HEX6[4] not assigned to an exact location on the device
    Info (169086): Pin HEX6[5] not assigned to an exact location on the device
    Info (169086): Pin HEX6[6] not assigned to an exact location on the device
    Info (169086): Pin HEX7[0] not assigned to an exact location on the device
    Info (169086): Pin HEX7[1] not assigned to an exact location on the device
    Info (169086): Pin HEX7[2] not assigned to an exact location on the device
    Info (169086): Pin HEX7[3] not assigned to an exact location on the device
    Info (169086): Pin HEX7[4] not assigned to an exact location on the device
    Info (169086): Pin HEX7[5] not assigned to an exact location on the device
    Info (169086): Pin HEX7[6] not assigned to an exact location on the device
    Info (169086): Pin CICLONE2_CLK1_50 not assigned to an exact location on the device
    Info (169086): Pin KEY[0] not assigned to an exact location on the device
    Info (169086): Pin SW[0] not assigned to an exact location on the device
    Info (169086): Pin SW[1] not assigned to an exact location on the device
    Info (169086): Pin SW[2] not assigned to an exact location on the device
    Info (169086): Pin SW[3] not assigned to an exact location on the device
    Info (169086): Pin SW[4] not assigned to an exact location on the device
    Info (169086): Pin SW[5] not assigned to an exact location on the device
    Info (169086): Pin SW[6] not assigned to an exact location on the device
    Info (169086): Pin SW[7] not assigned to an exact location on the device
    Info (169086): Pin SW[8] not assigned to an exact location on the device
    Info (169086): Pin SW[9] not assigned to an exact location on the device
    Info (169086): Pin SW[15] not assigned to an exact location on the device
    Info (169086): Pin SW[14] not assigned to an exact location on the device
    Info (169086): Pin SW[13] not assigned to an exact location on the device
    Info (169086): Pin SW[12] not assigned to an exact location on the device
    Info (169086): Pin SW[11] not assigned to an exact location on the device
    Info (169086): Pin SW[10] not assigned to an exact location on the device
Info (332164): Evaluating HDL-embedded SDC commands
    Info (332165): Entity alt_jtag_atlantic
        Info (332166): set_false_path -from [get_registers {*|alt_jtag_atlantic:*|jupdate}] -to [get_registers {*|alt_jtag_atlantic:*|jupdate1*}] 
        Info (332166): set_false_path -from [get_registers {*|alt_jtag_atlantic:*|rdata[*]}] -to [get_registers {*|alt_jtag_atlantic*|td_shift[*]}]
        Info (332166): set_false_path -from [get_registers {*|alt_jtag_atlantic:*|rdata[*]}] -to [get_registers {*|alt_jtag_atlantic*|td_shift[*]}]
        Info (332166): set_false_path -from [get_registers {*|alt_jtag_atlantic:*|rdata[*]}] -to [get_registers {*|alt_jtag_atlantic*|td_shift[*]}]
        Info (332166): set_false_path -from [get_registers {*|alt_jtag_atlantic:*|rdata[*]}] -to [get_registers {*|alt_jtag_atlantic*|td_shift[*]}]
        Info (332166): set_false_path -from [get_registers {*|alt_jtag_atlantic:*|rdata[*]}] -to [get_registers {*|alt_jtag_atlantic*|td_shift[*]}]
        Info (332166): set_false_path -from [get_registers {*|alt_jtag_atlantic:*|rdata[*]}] -to [get_registers {*|alt_jtag_atlantic*|td_shift[*]}]
        Info (332166): set_false_path -from [get_registers {*|alt_jtag_atlantic:*|rdata[*]}] -to [get_registers {*|alt_jtag_atlantic*|td_shift[*]}]
        Info (332166): set_false_path -from [get_registers {*|alt_jtag_atlantic:*|rdata[*]}] -to [get_registers {*|alt_jtag_atlantic*|td_shift[*]}]
        Info (332166): set_false_path -from [get_registers {*|alt_jtag_atlantic:*|read}] -to [get_registers {*|alt_jtag_atlantic:*|read1*}] 
        Info (332166): set_false_path -from [get_registers {*|alt_jtag_atlantic:*|read_req}]
        Info (332166): set_false_path -from [get_registers {*|alt_jtag_atlantic:*|rvalid}] -to [get_registers {*|alt_jtag_atlantic*|td_shift[*]}]
        Info (332166): set_false_path -from [get_registers {*|t_dav}] -to [get_registers {*|alt_jtag_atlantic:*|tck_t_dav}]
        Info (332166): set_false_path -from [get_registers {*|alt_jtag_atlantic:*|user_saw_rvalid}] -to [get_registers {*|alt_jtag_atlantic:*|rvalid0*}]
        Info (332166): set_false_path -from [get_registers {*|alt_jtag_atlantic:*|wdata[*]}] -to [get_registers {*}]
        Info (332166): set_false_path -from [get_registers {*|alt_jtag_atlantic:*|wdata[*]}] -to [get_registers {*}]
        Info (332166): set_false_path -from [get_registers {*|alt_jtag_atlantic:*|wdata[*]}] -to [get_registers {*}]
        Info (332166): set_false_path -from [get_registers {*|alt_jtag_atlantic:*|wdata[*]}] -to [get_registers {*}]
        Info (332166): set_false_path -from [get_registers {*|alt_jtag_atlantic:*|wdata[*]}] -to [get_registers {*}]
        Info (332166): set_false_path -from [get_registers {*|alt_jtag_atlantic:*|wdata[*]}] -to [get_registers {*}]
        Info (332166): set_false_path -from [get_registers {*|alt_jtag_atlantic:*|wdata[*]}] -to [get_registers {*}]
        Info (332166): set_false_path -from [get_registers {*|alt_jtag_atlantic:*|wdata[*]}] -to [get_registers {*}]
        Info (332166): set_false_path -from [get_registers {*|alt_jtag_atlantic:*|write}] -to [get_registers {*|alt_jtag_atlantic:*|write1*}] 
        Info (332166): set_false_path -from [get_registers {*|alt_jtag_atlantic:*|write_stalled}] -to [get_registers {*|alt_jtag_atlantic:*|t_ena*}]
        Info (332166): set_false_path -from [get_registers {*|alt_jtag_atlantic:*|write_stalled}] -to [get_registers {*|alt_jtag_atlantic:*|t_pause*}]
        Info (332166): set_false_path -from [get_registers {*|alt_jtag_atlantic:*|write_valid}]
    Info (332165): Entity altera_std_synchronizer
        Info (332166): set_false_path -to [get_keepers {*altera_std_synchronizer:*|din_s1}]
    Info (332165): Entity sld_jtag_hub
        Info (332166): create_clock -name altera_reserved_tck [get_ports {altera_reserved_tck}] -period 10MHz   
        Info (332166): set_clock_groups -asynchronous -group {altera_reserved_tck}
Info (332104): Reading SDC File: 'nios_ii/synthesis/submodules/altera_reset_controller.sdc'
Info (332104): Reading SDC File: 'nios_ii/synthesis/submodules/nios_ii_nios2_qsys_0.sdc'
Warning (332060): Node: CICLONE2_CLK1_50 was determined to be a clock but was found without an associated clock assignment.
Info (332129): Detected timing requirements -- optimizing circuit to achieve only the specified requirements
Info (332111): Found 1 clocks
    Info (332111):   Period   Clock Name
    Info (332111): ======== ============
    Info (332111):  100.000 altera_reserved_tck
Info (176353): Automatically promoted node CICLONE2_CLK1_50 (placed in PIN J2 (CLK2, LVDSCLK1p, Input))
    Info (176355): Automatically promoted destinations to use location or clock signal Global Clock CLKCTRL_G3
Info (176353): Automatically promoted node altera_internal_jtag~TCKUTAP 
    Info (176355): Automatically promoted destinations to use location or clock signal Global Clock
Info (176353): Automatically promoted node KEY[0] (placed in PIN J1 (CLK3, LVDSCLK1n, Input))
    Info (176355): Automatically promoted destinations to use location or clock signal Global Clock CLKCTRL_G1
    Info (176356): Following destination nodes may be non-global or may not use global or regional clocks
        Info (176357): Destination node nios_ii:u0|nios_ii_rst_controller:rst_controller|altera_reset_controller:rst_controller|merged_reset~0
Info (176353): Automatically promoted node nios_ii:u0|nios_ii_rst_controller:rst_controller|altera_reset_controller:rst_controller|altera_reset_synchronizer:alt_rst_sync_uq1|altera_reset_synchronizer_int_chain_out 
    Info (176355): Automatically promoted destinations to use location or clock signal Global Clock
    Info (176356): Following destination nodes may be non-global or may not use global or regional clocks
        Info (176357): Destination node nios_ii:u0|nios_ii_nios2_qsys_0:nios2_qsys_0|W_rf_wren
        Info (176357): Destination node nios_ii:u0|nios_ii_nios2_qsys_0:nios2_qsys_0|nios_ii_nios2_qsys_0_nios2_oci:the_nios_ii_nios2_qsys_0_nios2_oci|nios_ii_nios2_qsys_0_nios2_oci_debug:the_nios_ii_nios2_qsys_0_nios2_oci_debug|altera_std_synchronizer:the_altera_std_synchronizer|din_s1~0
Info (176353): Automatically promoted node nios_ii:u0|nios_ii_nios2_qsys_0:nios2_qsys_0|nios_ii_nios2_qsys_0_nios2_oci:the_nios_ii_nios2_qsys_0_nios2_oci|nios_ii_nios2_qsys_0_nios2_oci_debug:the_nios_ii_nios2_qsys_0_nios2_oci_debug|resetrequest 
    Info (176355): Automatically promoted destinations to use location or clock signal Global Clock
    Info (176356): Following destination nodes may be non-global or may not use global or regional clocks
        Info (176357): Destination node nios_ii:u0|nios_ii_rst_controller:rst_controller|altera_reset_controller:rst_controller|merged_reset~0
Info (176353): Automatically promoted node sld_hub:auto_hub|sld_jtag_hub:\jtag_hub_gen:sld_jtag_hub_inst|clr_reg 
    Info (176355): Automatically promoted destinations to use location or clock signal Global Clock
    Info (176356): Following destination nodes may be non-global or may not use global or regional clocks
        Info (176357): Destination node sld_hub:auto_hub|sld_jtag_hub:\jtag_hub_gen:sld_jtag_hub_inst|clr_reg~_wirecell
Info (176353): Automatically promoted node nios_ii:u0|nios_ii_rst_controller_001:rst_controller_001|altera_reset_controller:rst_controller_001|r_sync_rst 
    Info (176355): Automatically promoted destinations to use location or clock signal Global Clock
    Info (176356): Following destination nodes may be non-global or may not use global or regional clocks
        Info (176357): Destination node nios_ii:u0|nios_ii_rst_controller_001:rst_controller_001|altera_reset_controller:rst_controller_001|WideOr0~0
Info (176353): Automatically promoted node sld_hub:auto_hub|sld_jtag_hub:\jtag_hub_gen:sld_jtag_hub_inst|sld_shadow_jsm:shadow_jsm|state[0] 
    Info (176355): Automatically promoted destinations to use location or clock signal Global Clock
    Info (176356): Following destination nodes may be non-global or may not use global or regional clocks
        Info (176357): Destination node sld_hub:auto_hub|sld_jtag_hub:\jtag_hub_gen:sld_jtag_hub_inst|sld_shadow_jsm:shadow_jsm|state~0
        Info (176357): Destination node sld_hub:auto_hub|sld_jtag_hub:\jtag_hub_gen:sld_jtag_hub_inst|sld_shadow_jsm:shadow_jsm|state~1
        Info (176357): Destination node sld_hub:auto_hub|sld_jtag_hub:\jtag_hub_gen:sld_jtag_hub_inst|sld_shadow_jsm:shadow_jsm|state[0]~_wirecell
Info (176353): Automatically promoted node nios_ii:u0|nios_ii_rst_controller:rst_controller|altera_reset_controller:rst_controller|merged_reset~0 
    Info (176355): Automatically promoted destinations to use location or clock signal Global Clock
Info (176233): Starting register packing
Info (176235): Finished register packing
    Extra Info (176219): No registers were packed into other blocks
Info (176214): Statistics of I/O pins that need to be placed that use the same VCCIO and VREF, before I/O pin placement
    Info (176211): Number of I/O pins in group: 76 (unused VREF, 3.3V VCCIO, 17 input, 59 output, 0 bidirectional)
        Info (176212): I/O standards used: 3.3-V LVTTL.
Info (176215): I/O bank details before I/O pin placement
    Info (176214): Statistics of I/O banks
        Info (176213): I/O bank number 1 does not use VREF pins and has undetermined VCCIO pins. 2 total pin(s) used --  20 pins available
        Info (176213): I/O bank number 2 does not use VREF pins and has undetermined VCCIO pins. 6 total pin(s) used --  14 pins available
        Info (176213): I/O bank number 3 does not use VREF pins and has undetermined VCCIO pins. 0 total pin(s) used --  18 pins available
        Info (176213): I/O bank number 4 does not use VREF pins and has undetermined VCCIO pins. 0 total pin(s) used --  18 pins available
        Info (176213): I/O bank number 5 does not use VREF pins and has undetermined VCCIO pins. 0 total pin(s) used --  24 pins available
        Info (176213): I/O bank number 6 does not use VREF pins and has undetermined VCCIO pins. 1 total pin(s) used --  17 pins available
        Info (176213): I/O bank number 7 does not use VREF pins and has undetermined VCCIO pins. 0 total pin(s) used --  16 pins available
        Info (176213): I/O bank number 8 does not use VREF pins and has undetermined VCCIO pins. 0 total pin(s) used --  20 pins available
Info (171121): Fitter preparation operations ending: elapsed time is 00:00:03
Info (170189): Fitter placement preparation operations beginning
Info (170190): Fitter placement preparation operations ending: elapsed time is 00:00:02
Info (170191): Fitter placement operations beginning
Info (170137): Fitter placement was successful
Info (170192): Fitter placement operations ending: elapsed time is 00:00:02
Info (170193): Fitter routing operations beginning
Info (170195): Router estimated average interconnect usage is 5% of the available device resources
    Info (170196): Router estimated peak interconnect usage is 16% of the available device resources in the region that extends from location X12_Y14 to location X24_Y27
Info (170194): Fitter routing operations ending: elapsed time is 00:00:03
Info (170199): The Fitter performed an Auto Fit compilation.  Optimizations were skipped to reduce compilation time.
    Info (170201): Optimizations that may affect the design's routability were skipped
    Info (170200): Optimizations that may affect the design's timing were skipped
Info (11888): Total time spent on timing analysis during the Fitter is 0.82 seconds.
Info (306004): Started post-fitting delay annotation
Warning (306006): Found 59 output pins without output pin load capacitance assignment
    Info (306007): Pin "LEDS[0]" has no specified output pin load capacitance -- assuming default load capacitance of 0 pF for timing analysis
    Info (306007): Pin "LEDS[1]" has no specified output pin load capacitance -- assuming default load capacitance of 0 pF for timing analysis
    Info (306007): Pin "LEDS[2]" has no specified output pin load capacitance -- assuming default load capacitance of 0 pF for timing analysis
    Info (306007): Pin "LEDS[3]" has no specified output pin load capacitance -- assuming default load capacitance of 0 pF for timing analysis
    Info (306007): Pin "LEDS[4]" has no specified output pin load capacitance -- assuming default load capacitance of 0 pF for timing analysis
    Info (306007): Pin "LEDS[5]" has no specified output pin load capacitance -- assuming default load capacitance of 0 pF for timing analysis
    Info (306007): Pin "LEDS[6]" has no specified output pin load capacitance -- assuming default load capacitance of 0 pF for timing analysis
    Info (306007): Pin "LEDS[7]" has no specified output pin load capacitance -- assuming default load capacitance of 0 pF for timing analysis
    Info (306007): Pin "LEDS[8]" has no specified output pin load capacitance -- assuming default load capacitance of 0 pF for timing analysis
    Info (306007): Pin "LEDS[9]" has no specified output pin load capacitance -- assuming default load capacitance of 0 pF for timing analysis
    Info (306007): Pin "HEX0[0]" has no specified output pin load capacitance -- assuming default load capacitance of 0 pF for timing analysis
    Info (306007): Pin "HEX0[1]" has no specified output pin load capacitance -- assuming default load capacitance of 0 pF for timing analysis
    Info (306007): Pin "HEX0[2]" has no specified output pin load capacitance -- assuming default load capacitance of 0 pF for timing analysis
    Info (306007): Pin "HEX0[3]" has no specified output pin load capacitance -- assuming default load capacitance of 0 pF for timing analysis
    Info (306007): Pin "HEX0[4]" has no specified output pin load capacitance -- assuming default load capacitance of 0 pF for timing analysis
    Info (306007): Pin "HEX0[5]" has no specified output pin load capacitance -- assuming default load capacitance of 0 pF for timing analysis
    Info (306007): Pin "HEX0[6]" has no specified output pin load capacitance -- assuming default load capacitance of 0 pF for timing analysis
    Info (306007): Pin "HEX1[0]" has no specified output pin load capacitance -- assuming default load capacitance of 0 pF for timing analysis
    Info (306007): Pin "HEX1[1]" has no specified output pin load capacitance -- assuming default load capacitance of 0 pF for timing analysis
    Info (306007): Pin "HEX1[2]" has no specified output pin load capacitance -- assuming default load capacitance of 0 pF for timing analysis
    Info (306007): Pin "HEX1[3]" has no specified output pin load capacitance -- assuming default load capacitance of 0 pF for timing analysis
    Info (306007): Pin "HEX1[4]" has no specified output pin load capacitance -- assuming default load capacitance of 0 pF for timing analysis
    Info (306007): Pin "HEX1[5]" has no specified output pin load capacitance -- assuming default load capacitance of 0 pF for timing analysis
    Info (306007): Pin "HEX1[6]" has no specified output pin load capacitance -- assuming default load capacitance of 0 pF for timing analysis
    Info (306007): Pin "HEX2[0]" has no specified output pin load capacitance -- assuming default load capacitance of 0 pF for timing analysis
    Info (306007): Pin "HEX2[1]" has no specified output pin load capacitance -- assuming default load capacitance of 0 pF for timing analysis
    Info (306007): Pin "HEX2[2]" has no specified output pin load capacitance -- assuming default load capacitance of 0 pF for timing analysis
    Info (306007): Pin "HEX2[3]" has no specified output pin load capacitance -- assuming default load capacitance of 0 pF for timing analysis
    Info (306007): Pin "HEX2[4]" has no specified output pin load capacitance -- assuming default load capacitance of 0 pF for timing analysis
    Info (306007): Pin "HEX2[5]" has no specified output pin load capacitance -- assuming default load capacitance of 0 pF for timing analysis
    Info (306007): Pin "HEX2[6]" has no specified output pin load capacitance -- assuming default load capacitance of 0 pF for timing analysis
    Info (306007): Pin "HEX4[0]" has no specified output pin load capacitance -- assuming default load capacitance of 0 pF for timing analysis
    Info (306007): Pin "HEX4[1]" has no specified output pin load capacitance -- assuming default load capacitance of 0 pF for timing analysis
    Info (306007): Pin "HEX4[2]" has no specified output pin load capacitance -- assuming default load capacitance of 0 pF for timing analysis
    Info (306007): Pin "HEX4[3]" has no specified output pin load capacitance -- assuming default load capacitance of 0 pF for timing analysis
    Info (306007): Pin "HEX4[4]" has no specified output pin load capacitance -- assuming default load capacitance of 0 pF for timing analysis
    Info (306007): Pin "HEX4[5]" has no specified output pin load capacitance -- assuming default load capacitance of 0 pF for timing analysis
    Info (306007): Pin "HEX4[6]" has no specified output pin load capacitance -- assuming default load capacitance of 0 pF for timing analysis
    Info (306007): Pin "HEX5[0]" has no specified output pin load capacitance -- assuming default load capacitance of 0 pF for timing analysis
    Info (306007): Pin "HEX5[1]" has no specified output pin load capacitance -- assuming default load capacitance of 0 pF for timing analysis
    Info (306007): Pin "HEX5[2]" has no specified output pin load capacitance -- assuming default load capacitance of 0 pF for timing analysis
    Info (306007): Pin "HEX5[3]" has no specified output pin load capacitance -- assuming default load capacitance of 0 pF for timing analysis
    Info (306007): Pin "HEX5[4]" has no specified output pin load capacitance -- assuming default load capacitance of 0 pF for timing analysis
    Info (306007): Pin "HEX5[5]" has no specified output pin load capacitance -- assuming default load capacitance of 0 pF for timing analysis
    Info (306007): Pin "HEX5[6]" has no specified output pin load capacitance -- assuming default load capacitance of 0 pF for timing analysis
    Info (306007): Pin "HEX6[0]" has no specified output pin load capacitance -- assuming default load capacitance of 0 pF for timing analysis
    Info (306007): Pin "HEX6[1]" has no specified output pin load capacitance -- assuming default load capacitance of 0 pF for timing analysis
    Info (306007): Pin "HEX6[2]" has no specified output pin load capacitance -- assuming default load capacitance of 0 pF for timing analysis
    Info (306007): Pin "HEX6[3]" has no specified output pin load capacitance -- assuming default load capacitance of 0 pF for timing analysis
    Info (306007): Pin "HEX6[4]" has no specified output pin load capacitance -- assuming default load capacitance of 0 pF for timing analysis
    Info (306007): Pin "HEX6[5]" has no specified output pin load capacitance -- assuming default load capacitance of 0 pF for timing analysis
    Info (306007): Pin "HEX6[6]" has no specified output pin load capacitance -- assuming default load capacitance of 0 pF for timing analysis
    Info (306007): Pin "HEX7[0]" has no specified output pin load capacitance -- assuming default load capacitance of 0 pF for timing analysis
    Info (306007): Pin "HEX7[1]" has no specified output pin load capacitance -- assuming default load capacitance of 0 pF for timing analysis
    Info (306007): Pin "HEX7[2]" has no specified output pin load capacitance -- assuming default load capacitance of 0 pF for timing analysis
    Info (306007): Pin "HEX7[3]" has no specified output pin load capacitance -- assuming default load capacitance of 0 pF for timing analysis
    Info (306007): Pin "HEX7[4]" has no specified output pin load capacitance -- assuming default load capacitance of 0 pF for timing analysis
    Info (306007): Pin "HEX7[5]" has no specified output pin load capacitance -- assuming default load capacitance of 0 pF for timing analysis
    Info (306007): Pin "HEX7[6]" has no specified output pin load capacitance -- assuming default load capacitance of 0 pF for timing analysis
Info (306005): Delay annotation completed successfully
Info (306004): Started post-fitting delay annotation
Info (306005): Delay annotation completed successfully
Info (11218): Fitter post-fit operations ending: elapsed time is 00:00:05
Info (176045): Design uses memory blocks. Violating setup or hold times of memory block address registers for either read or write operations could cause memory contents to be corrupted. Make sure that all memory block address registers meet the setup and hold time requirements.
Warning (169174): The Reserve All Unused Pins setting has not been specified, and will default to 'As output driving ground'.
Info (144001): Generated suppressed messages file /home/murilo/Desktop/projetos/soft-processor/exemplo_nois.fit.smsg
Info: Quartus II 32-bit Fitter was successful. 0 errors, 6 warnings
    Info: Peak virtual memory: 460 megabytes
    Info: Processing ended: Tue Jun  9 16:08:30 2026
    Info: Elapsed time: 00:00:25
    Info: Total CPU time (on all processors): 00:00:20


+----------------------------+
; Fitter Suppressed Messages ;
+----------------------------+
The suppressed messages can be found in /home/murilo/Desktop/projetos/soft-processor/exemplo_nois.fit.smsg.


